ISO-10303-21;
HEADER;
/* Generated by software containing ST-Developer
 * from STEP Tools, Inc. (www.steptools.com) 
 */

FILE_DESCRIPTION(
/* description */ (''),
/* implementation_level */ '2;1');

FILE_NAME(
/* name */ 'bottom.step',
/* time_stamp */ '2026-08-30T22:40:41-07:00',
/* author */ (''),
/* organization */ (''),
/* preprocessor_version */ 'ST-DEVELOPER v20.1',
/* originating_system */ 'Autodesk Translation Framework v15.8.0.0',
/* authorisation */ '');

FILE_SCHEMA (('AUTOMOTIVE_DESIGN { 1 0 10303 214 3 1 1 }'));
ENDSEC;

DATA;
#10=MECHANICAL_DESIGN_GEOMETRIC_PRESENTATION_REPRESENTATION('',(#13),#3257);
#11=SHAPE_REPRESENTATION_RELATIONSHIP('SRR','None',#3264,#12);
#12=ADVANCED_BREP_SHAPE_REPRESENTATION('',(#14),#3256);
#13=STYLED_ITEM('',(#3283),#14);
#14=MANIFOLD_SOLID_BREP('Bottom',#1552);
#15=CONICAL_SURFACE('',#1674,4.,0.785398163397446);
#16=CONICAL_SURFACE('',#1678,4.,0.785398163397446);
#17=B_SPLINE_SURFACE_WITH_KNOTS('',3,3,((#2418,#2419,#2420,#2421,#2422,
#2423,#2424),(#2425,#2426,#2427,#2428,#2429,#2430,#2431),(#2432,#2433,#2434,
#2435,#2436,#2437,#2438),(#2439,#2440,#2441,#2442,#2443,#2444,#2445)),
 .UNSPECIFIED.,.F.,.F.,.F.,(4,4),(4,1,1,1,4),(0.,1.),(-0.806258108631719,
-0.575898649022656,-0.115179729804531,0.345539189413594,0.806258108631719),
 .UNSPECIFIED.);
#18=B_SPLINE_SURFACE_WITH_KNOTS('',3,3,((#2449,#2450,#2451,#2452,#2453,
#2454,#2455),(#2456,#2457,#2458,#2459,#2460,#2461,#2462),(#2463,#2464,#2465,
#2466,#2467,#2468,#2469),(#2470,#2471,#2472,#2473,#2474,#2475,#2476)),
 .UNSPECIFIED.,.F.,.F.,.F.,(4,4),(4,1,1,1,4),(0.,1.),(-0.806258108631719,
-0.345539189413594,-0.115179729804531,0.345539189413594,0.806258108631719),
 .UNSPECIFIED.);
#19=B_SPLINE_SURFACE_WITH_KNOTS('',3,3,((#2480,#2481,#2482,#2483,#2484,
#2485,#2486),(#2487,#2488,#2489,#2490,#2491,#2492,#2493),(#2494,#2495,#2496,
#2497,#2498,#2499,#2500),(#2501,#2502,#2503,#2504,#2505,#2506,#2507)),
 .UNSPECIFIED.,.F.,.F.,.F.,(4,4),(4,1,1,1,4),(0.,1.),(-0.806258108631719,
-0.345539189413594,-0.115179729804531,0.345539189413594,0.806258108631719),
 .UNSPECIFIED.);
#20=B_SPLINE_SURFACE_WITH_KNOTS('',3,3,((#2511,#2512,#2513,#2514,#2515,
#2516,#2517),(#2518,#2519,#2520,#2521,#2522,#2523,#2524),(#2525,#2526,#2527,
#2528,#2529,#2530,#2531),(#2532,#2533,#2534,#2535,#2536,#2537,#2538)),
 .UNSPECIFIED.,.F.,.F.,.F.,(4,4),(4,1,1,1,4),(0.,1.),(-0.806258108631719,
-0.345539189413594,-0.115179729804531,0.345539189413594,0.806258108631719),
 .UNSPECIFIED.);
#21=B_SPLINE_SURFACE_WITH_KNOTS('',3,3,((#2805,#2806,#2807,#2808),(#2809,
#2810,#2811,#2812),(#2813,#2814,#2815,#2816),(#2817,#2818,#2819,#2820),
(#2821,#2822,#2823,#2824),(#2825,#2826,#2827,#2828)),.UNSPECIFIED.,.F.,
 .F.,.F.,(4,1,1,4),(4,4),(0.,0.285714285714286,0.571428571428571,1.),(-0.802696601125024,
-0.0499999999999999),.UNSPECIFIED.);
#22=B_SPLINE_SURFACE_WITH_KNOTS('',3,3,((#2864,#2865,#2866,#2867),(#2868,
#2869,#2870,#2871),(#2872,#2873,#2874,#2875),(#2876,#2877,#2878,#2879),
(#2880,#2881,#2882,#2883),(#2884,#2885,#2886,#2887)),.UNSPECIFIED.,.F.,
 .F.,.F.,(4,1,1,4),(4,4),(0.,0.285714285714286,0.571428571428571,1.),(0.05,
0.802696601125025),.UNSPECIFIED.);
#23=B_SPLINE_SURFACE_WITH_KNOTS('',3,3,((#2945,#2946,#2947,#2948),(#2949,
#2950,#2951,#2952),(#2953,#2954,#2955,#2956),(#2957,#2958,#2959,#2960),
(#2961,#2962,#2963,#2964),(#2965,#2966,#2967,#2968)),.UNSPECIFIED.,.F.,
 .F.,.F.,(4,1,1,4),(4,4),(0.,0.285714285714286,0.571428571428571,1.),(1.27451531518156E-17,
0.7395),.UNSPECIFIED.);
#24=B_SPLINE_SURFACE_WITH_KNOTS('',3,3,((#3005,#3006,#3007,#3008),(#3009,
#3010,#3011,#3012),(#3013,#3014,#3015,#3016),(#3017,#3018,#3019,#3020),
(#3021,#3022,#3023,#3024),(#3025,#3026,#3027,#3028)),.UNSPECIFIED.,.F.,
 .F.,.F.,(4,1,1,4),(4,4),(0.,0.285714285714286,0.571428571428571,1.),(1.20709931599992E-17,
0.7395),.UNSPECIFIED.);
#25=B_SPLINE_SURFACE_WITH_KNOTS('',3,3,((#3033,#3034,#3035,#3036),(#3037,
#3038,#3039,#3040),(#3041,#3042,#3043,#3044),(#3045,#3046,#3047,#3048),
(#3049,#3050,#3051,#3052),(#3053,#3054,#3055,#3056)),.UNSPECIFIED.,.F.,
 .F.,.F.,(4,1,1,4),(4,4),(0.,0.285714285714286,0.571428571428571,1.),(-1.58327756410639E-17,
0.86),.UNSPECIFIED.);
#26=B_SPLINE_SURFACE_WITH_KNOTS('',3,3,((#3123,#3124,#3125,#3126),(#3127,
#3128,#3129,#3130),(#3131,#3132,#3133,#3134),(#3135,#3136,#3137,#3138),
(#3139,#3140,#3141,#3142),(#3143,#3144,#3145,#3146)),.UNSPECIFIED.,.F.,
 .F.,.F.,(4,1,1,4),(4,4),(0.,0.285714285714286,0.571428571428571,1.),(0.,
0.86),.UNSPECIFIED.);
#27=B_SPLINE_SURFACE_WITH_KNOTS('',3,3,((#3151,#3152,#3153,#3154),(#3155,
#3156,#3157,#3158),(#3159,#3160,#3161,#3162),(#3163,#3164,#3165,#3166),
(#3167,#3168,#3169,#3170),(#3171,#3172,#3173,#3174)),.UNSPECIFIED.,.F.,
 .F.,.F.,(4,1,1,4),(4,4),(0.,0.285714285714286,0.571428571428571,1.),(0.,
0.86),.UNSPECIFIED.);
#28=B_SPLINE_SURFACE_WITH_KNOTS('',3,3,((#3188,#3189,#3190,#3191),(#3192,
#3193,#3194,#3195),(#3196,#3197,#3198,#3199),(#3200,#3201,#3202,#3203),
(#3204,#3205,#3206,#3207),(#3208,#3209,#3210,#3211)),.UNSPECIFIED.,.F.,
 .F.,.F.,(4,1,1,4),(4,4),(0.,0.285714285714286,0.571428571428571,1.),(-1.81169278176349E-17,
0.86),.UNSPECIFIED.);
#29=CYLINDRICAL_SURFACE('',#1588,3.475);
#30=CYLINDRICAL_SURFACE('',#1593,3.475);
#31=CYLINDRICAL_SURFACE('',#1600,6.25);
#32=CYLINDRICAL_SURFACE('',#1603,6.25);
#33=CYLINDRICAL_SURFACE('',#1606,6.25);
#34=CYLINDRICAL_SURFACE('',#1610,6.25);
#35=CYLINDRICAL_SURFACE('',#1611,1.35);
#36=CYLINDRICAL_SURFACE('',#1613,1.35);
#37=CYLINDRICAL_SURFACE('',#1617,3.);
#38=CYLINDRICAL_SURFACE('',#1620,3.);
#39=CYLINDRICAL_SURFACE('',#1621,3.475);
#40=CYLINDRICAL_SURFACE('',#1622,3.475);
#41=CYLINDRICAL_SURFACE('',#1623,1.35);
#42=CYLINDRICAL_SURFACE('',#1626,1.35);
#43=CYLINDRICAL_SURFACE('',#1629,1.);
#44=CYLINDRICAL_SURFACE('',#1635,1.);
#45=CYLINDRICAL_SURFACE('',#1638,1.);
#46=CYLINDRICAL_SURFACE('',#1646,1.);
#47=CYLINDRICAL_SURFACE('',#1653,2.13);
#48=CYLINDRICAL_SURFACE('',#1662,2.13);
#49=CYLINDRICAL_SURFACE('',#1663,2.13);
#50=CYLINDRICAL_SURFACE('',#1665,2.13);
#51=CYLINDRICAL_SURFACE('',#1676,3.75);
#52=CYLINDRICAL_SURFACE('',#1689,1.5);
#53=CYLINDRICAL_SURFACE('',#1693,1.5);
#54=FACE_BOUND('',#255,.T.);
#55=FACE_BOUND('',#256,.T.);
#56=FACE_BOUND('',#257,.T.);
#57=FACE_BOUND('',#258,.T.);
#58=FACE_BOUND('',#259,.T.);
#59=FACE_BOUND('',#262,.T.);
#60=FACE_BOUND('',#263,.T.);
#61=FACE_BOUND('',#284,.T.);
#62=FACE_BOUND('',#287,.T.);
#63=FACE_BOUND('',#308,.T.);
#64=FACE_BOUND('',#310,.T.);
#65=FACE_BOUND('',#334,.T.);
#66=ELLIPSE('',#1570,6.3464163242859,6.25);
#67=ELLIPSE('',#1571,6.3464163242859,6.25);
#68=ELLIPSE('',#1572,6.34641632428591,6.25);
#69=ELLIPSE('',#1573,6.34641632428591,6.25);
#70=ELLIPSE('',#1598,50.0157543367398,6.25);
#71=ELLIPSE('',#1599,50.3892417275067,8.74999999999999);
#72=ELLIPSE('',#1601,50.0157543367398,6.25);
#73=ELLIPSE('',#1602,50.3892417275067,8.75);
#74=ELLIPSE('',#1604,50.0157543367398,6.25);
#75=ELLIPSE('',#1605,50.3892417275068,8.75);
#76=ELLIPSE('',#1607,50.0157543367398,6.25);
#77=ELLIPSE('',#1608,50.3892417275068,8.75);
#78=ELLIPSE('',#1684,2.12132034355964,1.5);
#79=ELLIPSE('',#1685,2.12132034355964,1.5);
#80=B_SPLINE_CURVE_WITH_KNOTS('',3,(#2107,#2108,#2109,#2110,#2111,#2112,
#2113,#2114,#2115,#2116,#2117,#2118,#2119,#2120,#2121,#2122,#2123,#2124,
#2125,#2126,#2127,#2128,#2129,#2130,#2131),.UNSPECIFIED.,.F.,.F.,(4,3,3,
3,3,3,3,3,4),(0.,0.0263842212468942,0.0531209380388141,0.0799304193888443,
0.0997732114773897,0.126487878700206,0.152978380295605,0.179411140629113,
0.205843900962622),.UNSPECIFIED.);
#81=B_SPLINE_CURVE_WITH_KNOTS('',3,(#2135,#2136,#2137,#2138,#2139,#2140,
#2141,#2142,#2143,#2144,#2145,#2146,#2147,#2148,#2149,#2150,#2151,#2152,
#2153,#2154,#2155,#2156,#2157,#2158,#2159),.UNSPECIFIED.,.F.,.F.,(4,3,3,
3,3,3,3,3,4),(0.,0.0259534287379819,0.0524221048965076,0.0792745754569569,
0.0988169907098657,0.125621613382609,0.152137144086549,0.178970597667162,
0.205804051247775),.UNSPECIFIED.);
#82=B_SPLINE_CURVE_WITH_KNOTS('',3,(#2163,#2164,#2165,#2166,#2167,#2168,
#2169,#2170,#2171,#2172,#2173,#2174,#2175,#2176,#2177,#2178,#2179,#2180,
#2181,#2182,#2183,#2184,#2185,#2186,#2187),.UNSPECIFIED.,.F.,.F.,(4,3,3,
3,3,3,3,3,4),(-1.38777878078145E-17,0.026384417686982,0.0531209959336524,
0.0799296715601274,0.0997732114773843,0.126486573838382,0.152978380295608,
0.17941114062912,0.205843900962633),.UNSPECIFIED.);
#83=B_SPLINE_CURVE_WITH_KNOTS('',3,(#2191,#2192,#2193,#2194,#2195,#2196,
#2197,#2198,#2199,#2200,#2201,#2202,#2203,#2204,#2205,#2206,#2207,#2208,
#2209,#2210,#2211,#2212,#2213,#2214,#2215),.UNSPECIFIED.,.F.,.F.,(4,3,3,
3,3,3,3,3,4),(0.,0.0259534387455288,0.0524221265509,0.0792746048067108,
0.0988169907098655,0.125621568719394,0.152137144086547,0.178970597667157,
0.205804051247767),.UNSPECIFIED.);
#84=B_SPLINE_CURVE_WITH_KNOTS('',3,(#2219,#2220,#2221,#2222,#2223,#2224,
#2225,#2226,#2227,#2228,#2229,#2230,#2231,#2232,#2233,#2234,#2235,#2236,
#2237,#2238,#2239,#2240,#2241,#2242,#2243),.UNSPECIFIED.,.F.,.F.,(4,3,3,
3,3,3,3,3,4),(0.,0.0263843490600779,0.053120855809802,0.0799294723213318,
0.0997732114773842,0.126486546728984,0.152978380295609,0.179411140629122,
0.205843900962635),.UNSPECIFIED.);
#85=B_SPLINE_CURVE_WITH_KNOTS('',3,(#2247,#2248,#2249,#2250,#2251,#2252,
#2253,#2254,#2255,#2256,#2257,#2258,#2259,#2260,#2261,#2262,#2263,#2264,
#2265,#2266,#2267,#2268,#2269,#2270,#2271),.UNSPECIFIED.,.F.,.F.,(4,3,3,
3,3,3,3,3,4),(0.,0.0259534461151462,0.0524221319672029,0.0792745872307796,
0.0988169907098667,0.125621512752989,0.152137144086548,0.178970597667154,
0.20580405124776),.UNSPECIFIED.);
#86=B_SPLINE_CURVE_WITH_KNOTS('',3,(#2275,#2276,#2277,#2278,#2279,#2280,
#2281,#2282,#2283,#2284,#2285,#2286,#2287,#2288,#2289,#2290,#2291,#2292,
#2293,#2294,#2295,#2296,#2297,#2298,#2299),.UNSPECIFIED.,.F.,.F.,(4,3,3,
3,3,3,3,3,4),(0.,0.026384420991044,0.0531210026742373,0.0799296811304693,
0.0997732114773843,0.126486575130513,0.152978380295612,0.17941114062912,
0.205843900962629),.UNSPECIFIED.);
#87=B_SPLINE_CURVE_WITH_KNOTS('',3,(#2303,#2304,#2305,#2306,#2307,#2308,
#2309,#2310,#2311,#2312,#2313,#2314,#2315,#2316,#2317,#2318,#2319,#2320,
#2321,#2322,#2323,#2324,#2325,#2326,#2327),.UNSPECIFIED.,.F.,.F.,(4,3,3,
3,3,3,3,3,4),(0.,0.025953438389233,0.052422126273697,0.0792746056052833,
0.0988169907098661,0.125621571360359,0.152137144086555,0.178970597667175,
0.205804051247794),.UNSPECIFIED.);
#88=B_SPLINE_CURVE_WITH_KNOTS('',3,(#2686,#2687,#2688,#2689,#2690,#2691,
#2692,#2693,#2694,#2695),.UNSPECIFIED.,.F.,.F.,(4,3,3,4),(0.,0.067535509624224,
0.11255918270704,0.157582855789856),.UNSPECIFIED.);
#89=B_SPLINE_CURVE_WITH_KNOTS('',3,(#2699,#2700,#2701,#2702,#2703,#2704,
#2705,#2706,#2707,#2708),.UNSPECIFIED.,.F.,.F.,(4,3,3,4),(0.,0.0675355096242239,
0.11255918270704,0.157582855789856),.UNSPECIFIED.);
#90=B_SPLINE_CURVE_WITH_KNOTS('',3,(#2712,#2713,#2714,#2715,#2716,#2717,
#2718,#2719,#2720,#2721),.UNSPECIFIED.,.F.,.F.,(4,3,3,4),(0.,0.0675355096242239,
0.11255918270704,0.157582855789856),.UNSPECIFIED.);
#91=B_SPLINE_CURVE_WITH_KNOTS('',3,(#2725,#2726,#2727,#2728,#2729,#2730,
#2731,#2732,#2733,#2734),.UNSPECIFIED.,.F.,.F.,(4,3,3,4),(0.,0.045023673082816,
0.0900473461656321,0.157582855789856),.UNSPECIFIED.);
#92=B_SPLINE_CURVE_WITH_KNOTS('',3,(#2744,#2745,#2746,#2747,#2748,#2749,
#2750,#2751,#2752,#2753),.UNSPECIFIED.,.F.,.F.,(4,3,3,4),(0.,0.0675355096242239,
0.11255918270704,0.157582855789856),.UNSPECIFIED.);
#93=B_SPLINE_CURVE_WITH_KNOTS('',3,(#2757,#2758,#2759,#2760,#2761,#2762,
#2763,#2764,#2765,#2766),.UNSPECIFIED.,.F.,.F.,(4,3,3,4),(0.,0.067535509624224,
0.11255918270704,0.157582855789856),.UNSPECIFIED.);
#94=B_SPLINE_CURVE_WITH_KNOTS('',3,(#2770,#2771,#2772,#2773,#2774,#2775,
#2776,#2777,#2778,#2779),.UNSPECIFIED.,.F.,.F.,(4,3,3,4),(0.,0.067535509624224,
0.11255918270704,0.157582855789856),.UNSPECIFIED.);
#95=B_SPLINE_CURVE_WITH_KNOTS('',3,(#2782,#2783,#2784,#2785,#2786,#2787,
#2788,#2789,#2790,#2791),.UNSPECIFIED.,.F.,.F.,(4,3,3,4),(0.,0.0675355096242239,
0.11255918270704,0.157582855789856),.UNSPECIFIED.);
#96=B_SPLINE_CURVE_WITH_KNOTS('',3,(#2830,#2831,#2832,#2833),
 .UNSPECIFIED.,.F.,.F.,(4,4),(-0.7895,-0.0499999999999999),
 .UNSPECIFIED.);
#97=B_SPLINE_CURVE_WITH_KNOTS('',3,(#2835,#2836,#2837,#2838,#2839,#2840,
#2841),.UNSPECIFIED.,.F.,.F.,(4,3,4),(0.0725223690695555,0.0898025834524946,
0.157582855789856),.UNSPECIFIED.);
#98=B_SPLINE_CURVE_WITH_KNOTS('',3,(#2843,#2844,#2845,#2846,#2847,#2848),
 .UNSPECIFIED.,.F.,.F.,(4,2,4),(0.0481611100370138,0.0630565670979056,0.0777762048571895),
 .UNSPECIFIED.);
#99=B_SPLINE_CURVE_WITH_KNOTS('',3,(#2850,#2851,#2852,#2853,#2854,#2855),
 .UNSPECIFIED.,.F.,.F.,(4,2,4),(0.,0.0403531616861528,0.0549275792477762),
 .UNSPECIFIED.);
#100=B_SPLINE_CURVE_WITH_KNOTS('',3,(#2856,#2857,#2858,#2859),
 .UNSPECIFIED.,.F.,.F.,(4,4),(0.0499999999999999,0.802696601125024),
 .UNSPECIFIED.);
#101=B_SPLINE_CURVE_WITH_KNOTS('',3,(#2890,#2891,#2892,#2893,#2894,#2895,
#2896),.UNSPECIFIED.,.F.,.F.,(4,3,4),(0.,0.0677900418915989,0.0850727511686539),
 .UNSPECIFIED.);
#102=B_SPLINE_CURVE_WITH_KNOTS('',3,(#2897,#2898,#2899,#2900),
 .UNSPECIFIED.,.F.,.F.,(4,4),(0.05,0.789500000000001),.UNSPECIFIED.);
#103=B_SPLINE_CURVE_WITH_KNOTS('',3,(#2902,#2903,#2904,#2905),
 .UNSPECIFIED.,.F.,.F.,(4,4),(-0.802696601125025,-0.05),.UNSPECIFIED.);
#104=B_SPLINE_CURVE_WITH_KNOTS('',3,(#2907,#2908,#2909,#2910,#2911,#2912,
#2913,#2914,#2915,#2916,#2917,#2918,#2919,#2920,#2921,#2922,#2923,#2924,
#2925,#2926,#2927,#2928,#2929,#2930,#2931),.UNSPECIFIED.,.F.,.F.,(4,3,3,
3,3,3,3,3,4),(0.11266471195334,0.113765241266775,0.115833409884067,0.126229105856218,
0.13726002635022,0.13993137981239,0.151539598704441,0.163768892632553,0.167304907618261),
 .UNSPECIFIED.);
#105=B_SPLINE_CURVE_WITH_KNOTS('',3,(#2932,#2933,#2934,#2935,#2936,#2937),
 .UNSPECIFIED.,.F.,.F.,(4,2,4),(0.120654209502124,0.134338958238975,0.15687168476048),
 .UNSPECIFIED.);
#106=B_SPLINE_CURVE_WITH_KNOTS('',3,(#2941,#2942,#2943,#2944),
 .UNSPECIFIED.,.F.,.F.,(4,4),(-0.7395,-1.27451531518156E-17),
 .UNSPECIFIED.);
#107=B_SPLINE_CURVE_WITH_KNOTS('',3,(#2970,#2971,#2972,#2973,#2974,#2975,
#2976,#2977,#2978,#2979),.UNSPECIFIED.,.F.,.F.,(4,3,3,4),(0.,0.0675355096242239,
0.11255918270704,0.157582855789856),.UNSPECIFIED.);
#108=B_SPLINE_CURVE_WITH_KNOTS('',3,(#2980,#2981,#2982,#2983),
 .UNSPECIFIED.,.F.,.F.,(4,4),(1.27451531518156E-17,0.7395),
 .UNSPECIFIED.);
#109=B_SPLINE_CURVE_WITH_KNOTS('',3,(#2989,#2990,#2991,#2992,#2993,#2994,
#2995,#2996,#2997,#2998),.UNSPECIFIED.,.F.,.F.,(4,3,3,4),(0.,0.0675355096242239,
0.11255918270704,0.157582855789856),.UNSPECIFIED.);
#110=B_SPLINE_CURVE_WITH_KNOTS('',3,(#3001,#3002,#3003,#3004),
 .UNSPECIFIED.,.F.,.F.,(4,4),(-0.7395,-1.20709931599992E-17),
 .UNSPECIFIED.);
#111=B_SPLINE_CURVE_WITH_KNOTS('',3,(#3029,#3030,#3031,#3032),
 .UNSPECIFIED.,.F.,.F.,(4,4),(1.20709931599992E-17,0.7395),
 .UNSPECIFIED.);
#112=B_SPLINE_CURVE_WITH_KNOTS('',3,(#3059,#3060,#3061,#3062,#3063,#3064,
#3065,#3066,#3067,#3068),.UNSPECIFIED.,.F.,.F.,(4,3,3,4),(0.,0.067535509624224,
0.11255918270704,0.157582855789856),.UNSPECIFIED.);
#113=B_SPLINE_CURVE_WITH_KNOTS('',3,(#3069,#3070,#3071,#3072),
 .UNSPECIFIED.,.F.,.F.,(4,4),(-1.58327756410639E-17,0.86),.UNSPECIFIED.);
#114=B_SPLINE_CURVE_WITH_KNOTS('',3,(#3073,#3074,#3075,#3076),
 .UNSPECIFIED.,.F.,.F.,(4,4),(-0.86,1.58327756410639E-17),.UNSPECIFIED.);
#115=B_SPLINE_CURVE_WITH_KNOTS('',3,(#3081,#3082,#3083,#3084,#3085,#3086,
#3087,#3088,#3089,#3090),.UNSPECIFIED.,.F.,.F.,(4,3,3,4),(0.,0.0675355096242239,
0.11255918270704,0.157582855789856),.UNSPECIFIED.);
#116=B_SPLINE_CURVE_WITH_KNOTS('',3,(#3094,#3095,#3096,#3097,#3098,#3099,
#3100,#3101,#3102,#3103),.UNSPECIFIED.,.F.,.F.,(4,3,3,4),(0.,0.0675355096242239,
0.11255918270704,0.157582855789856),.UNSPECIFIED.);
#117=B_SPLINE_CURVE_WITH_KNOTS('',3,(#3107,#3108,#3109,#3110,#3111,#3112,
#3113,#3114,#3115,#3116),.UNSPECIFIED.,.F.,.F.,(4,3,3,4),(0.,0.067535509624224,
0.11255918270704,0.157582855789856),.UNSPECIFIED.);
#118=B_SPLINE_CURVE_WITH_KNOTS('',3,(#3119,#3120,#3121,#3122),
 .UNSPECIFIED.,.F.,.F.,(4,4),(-0.86,0.),.UNSPECIFIED.);
#119=B_SPLINE_CURVE_WITH_KNOTS('',3,(#3147,#3148,#3149,#3150),
 .UNSPECIFIED.,.F.,.F.,(4,4),(0.,0.86),.UNSPECIFIED.);
#120=B_SPLINE_CURVE_WITH_KNOTS('',3,(#3175,#3176,#3177,#3178),
 .UNSPECIFIED.,.F.,.F.,(4,4),(0.,0.86),.UNSPECIFIED.);
#121=B_SPLINE_CURVE_WITH_KNOTS('',3,(#3179,#3180,#3181,#3182),
 .UNSPECIFIED.,.F.,.F.,(4,4),(-0.86,0.),.UNSPECIFIED.);
#122=B_SPLINE_CURVE_WITH_KNOTS('',3,(#3184,#3185,#3186,#3187),
 .UNSPECIFIED.,.F.,.F.,(4,4),(-1.81169278176349E-17,0.86),.UNSPECIFIED.);
#123=B_SPLINE_CURVE_WITH_KNOTS('',3,(#3212,#3213,#3214,#3215),
 .UNSPECIFIED.,.F.,.F.,(4,4),(-0.86,1.81169278176349E-17),.UNSPECIFIED.);
#124=CIRCLE('',#1568,3.475);
#125=CIRCLE('',#1569,3.475);
#126=CIRCLE('',#1574,3.475);
#127=CIRCLE('',#1575,3.475);
#128=CIRCLE('',#1576,1.35);
#129=CIRCLE('',#1577,1.35);
#130=CIRCLE('',#1578,3.);
#131=CIRCLE('',#1579,3.);
#132=CIRCLE('',#1582,3.475);
#133=CIRCLE('',#1583,3.475);
#134=CIRCLE('',#1584,1.35);
#135=CIRCLE('',#1585,1.35);
#136=CIRCLE('',#1589,3.475);
#137=CIRCLE('',#1592,3.475);
#138=CIRCLE('',#1595,1.5);
#139=CIRCLE('',#1596,1.5);
#140=CIRCLE('',#1612,1.35);
#141=CIRCLE('',#1614,1.35);
#142=CIRCLE('',#1616,3.);
#143=CIRCLE('',#1619,3.);
#144=CIRCLE('',#1624,1.35);
#145=CIRCLE('',#1627,1.35);
#146=CIRCLE('',#1630,1.);
#147=CIRCLE('',#1631,1.);
#148=CIRCLE('',#1633,1.);
#149=CIRCLE('',#1636,1.);
#150=CIRCLE('',#1639,1.);
#151=CIRCLE('',#1640,1.);
#152=CIRCLE('',#1643,1.);
#153=CIRCLE('',#1644,2.13);
#154=CIRCLE('',#1645,2.13);
#155=CIRCLE('',#1647,1.);
#156=CIRCLE('',#1649,2.13);
#157=CIRCLE('',#1650,2.13);
#158=CIRCLE('',#1651,2.13);
#159=CIRCLE('',#1652,2.13);
#160=CIRCLE('',#1654,2.13);
#161=CIRCLE('',#1657,2.13);
#162=CIRCLE('',#1658,2.13);
#163=CIRCLE('',#1659,2.13);
#164=CIRCLE('',#1661,4.25);
#165=CIRCLE('',#1667,1.5);
#166=CIRCLE('',#1675,3.75);
#167=CIRCLE('',#1677,3.75);
#168=CIRCLE('',#1679,4.25);
#169=CIRCLE('',#1690,1.5);
#170=FACE_OUTER_BOUND('',#253,.T.);
#171=FACE_OUTER_BOUND('',#254,.T.);
#172=FACE_OUTER_BOUND('',#260,.T.);
#173=FACE_OUTER_BOUND('',#261,.T.);
#174=FACE_OUTER_BOUND('',#264,.T.);
#175=FACE_OUTER_BOUND('',#265,.T.);
#176=FACE_OUTER_BOUND('',#266,.T.);
#177=FACE_OUTER_BOUND('',#267,.T.);
#178=FACE_OUTER_BOUND('',#268,.T.);
#179=FACE_OUTER_BOUND('',#269,.T.);
#180=FACE_OUTER_BOUND('',#270,.T.);
#181=FACE_OUTER_BOUND('',#271,.T.);
#182=FACE_OUTER_BOUND('',#272,.T.);
#183=FACE_OUTER_BOUND('',#273,.T.);
#184=FACE_OUTER_BOUND('',#274,.T.);
#185=FACE_OUTER_BOUND('',#275,.T.);
#186=FACE_OUTER_BOUND('',#276,.T.);
#187=FACE_OUTER_BOUND('',#277,.T.);
#188=FACE_OUTER_BOUND('',#278,.T.);
#189=FACE_OUTER_BOUND('',#279,.T.);
#190=FACE_OUTER_BOUND('',#280,.T.);
#191=FACE_OUTER_BOUND('',#281,.T.);
#192=FACE_OUTER_BOUND('',#282,.T.);
#193=FACE_OUTER_BOUND('',#283,.T.);
#194=FACE_OUTER_BOUND('',#285,.T.);
#195=FACE_OUTER_BOUND('',#286,.T.);
#196=FACE_OUTER_BOUND('',#288,.T.);
#197=FACE_OUTER_BOUND('',#289,.T.);
#198=FACE_OUTER_BOUND('',#290,.T.);
#199=FACE_OUTER_BOUND('',#291,.T.);
#200=FACE_OUTER_BOUND('',#292,.T.);
#201=FACE_OUTER_BOUND('',#293,.T.);
#202=FACE_OUTER_BOUND('',#294,.T.);
#203=FACE_OUTER_BOUND('',#295,.T.);
#204=FACE_OUTER_BOUND('',#296,.T.);
#205=FACE_OUTER_BOUND('',#297,.T.);
#206=FACE_OUTER_BOUND('',#298,.T.);
#207=FACE_OUTER_BOUND('',#299,.T.);
#208=FACE_OUTER_BOUND('',#300,.T.);
#209=FACE_OUTER_BOUND('',#301,.T.);
#210=FACE_OUTER_BOUND('',#302,.T.);
#211=FACE_OUTER_BOUND('',#303,.T.);
#212=FACE_OUTER_BOUND('',#304,.T.);
#213=FACE_OUTER_BOUND('',#305,.T.);
#214=FACE_OUTER_BOUND('',#306,.T.);
#215=FACE_OUTER_BOUND('',#307,.T.);
#216=FACE_OUTER_BOUND('',#309,.T.);
#217=FACE_OUTER_BOUND('',#311,.T.);
#218=FACE_OUTER_BOUND('',#312,.T.);
#219=FACE_OUTER_BOUND('',#313,.T.);
#220=FACE_OUTER_BOUND('',#314,.T.);
#221=FACE_OUTER_BOUND('',#315,.T.);
#222=FACE_OUTER_BOUND('',#316,.T.);
#223=FACE_OUTER_BOUND('',#317,.T.);
#224=FACE_OUTER_BOUND('',#318,.T.);
#225=FACE_OUTER_BOUND('',#319,.T.);
#226=FACE_OUTER_BOUND('',#320,.T.);
#227=FACE_OUTER_BOUND('',#321,.T.);
#228=FACE_OUTER_BOUND('',#322,.T.);
#229=FACE_OUTER_BOUND('',#323,.T.);
#230=FACE_OUTER_BOUND('',#324,.T.);
#231=FACE_OUTER_BOUND('',#325,.T.);
#232=FACE_OUTER_BOUND('',#326,.T.);
#233=FACE_OUTER_BOUND('',#327,.T.);
#234=FACE_OUTER_BOUND('',#328,.T.);
#235=FACE_OUTER_BOUND('',#329,.T.);
#236=FACE_OUTER_BOUND('',#330,.T.);
#237=FACE_OUTER_BOUND('',#331,.T.);
#238=FACE_OUTER_BOUND('',#332,.T.);
#239=FACE_OUTER_BOUND('',#333,.T.);
#240=FACE_OUTER_BOUND('',#335,.T.);
#241=FACE_OUTER_BOUND('',#336,.T.);
#242=FACE_OUTER_BOUND('',#337,.T.);
#243=FACE_OUTER_BOUND('',#338,.T.);
#244=FACE_OUTER_BOUND('',#339,.T.);
#245=FACE_OUTER_BOUND('',#340,.T.);
#246=FACE_OUTER_BOUND('',#341,.T.);
#247=FACE_OUTER_BOUND('',#342,.T.);
#248=FACE_OUTER_BOUND('',#343,.T.);
#249=FACE_OUTER_BOUND('',#344,.T.);
#250=FACE_OUTER_BOUND('',#345,.T.);
#251=FACE_OUTER_BOUND('',#346,.T.);
#252=FACE_OUTER_BOUND('',#347,.T.);
#253=EDGE_LOOP('',(#971,#972,#973,#974,#975));
#254=EDGE_LOOP('',(#976,#977,#978,#979,#980,#981,#982,#983,#984,#985,#986,
#987,#988,#989,#990,#991,#992,#993,#994,#995,#996,#997,#998,#999));
#255=EDGE_LOOP('',(#1000,#1001,#1002,#1003));
#256=EDGE_LOOP('',(#1004));
#257=EDGE_LOOP('',(#1005));
#258=EDGE_LOOP('',(#1006));
#259=EDGE_LOOP('',(#1007));
#260=EDGE_LOOP('',(#1008,#1009,#1010,#1011,#1012));
#261=EDGE_LOOP('',(#1013,#1014,#1015,#1016,#1017,#1018,#1019,#1020,#1021,
#1022));
#262=EDGE_LOOP('',(#1023));
#263=EDGE_LOOP('',(#1024));
#264=EDGE_LOOP('',(#1025,#1026,#1027,#1028));
#265=EDGE_LOOP('',(#1029,#1030,#1031,#1032));
#266=EDGE_LOOP('',(#1033,#1034,#1035,#1036));
#267=EDGE_LOOP('',(#1037,#1038,#1039,#1040,#1041,#1042));
#268=EDGE_LOOP('',(#1043,#1044,#1045,#1046,#1047,#1048));
#269=EDGE_LOOP('',(#1049,#1050,#1051,#1052));
#270=EDGE_LOOP('',(#1053,#1054,#1055,#1056,#1057,#1058,#1059,#1060,#1061,
#1062,#1063,#1064));
#271=EDGE_LOOP('',(#1065,#1066,#1067,#1068));
#272=EDGE_LOOP('',(#1069,#1070,#1071,#1072));
#273=EDGE_LOOP('',(#1073,#1074));
#274=EDGE_LOOP('',(#1075,#1076,#1077,#1078));
#275=EDGE_LOOP('',(#1079,#1080));
#276=EDGE_LOOP('',(#1081,#1082,#1083,#1084));
#277=EDGE_LOOP('',(#1085,#1086));
#278=EDGE_LOOP('',(#1087,#1088,#1089,#1090));
#279=EDGE_LOOP('',(#1091,#1092,#1093,#1094,#1095,#1096,#1097,#1098,#1099,
#1100,#1101,#1102));
#280=EDGE_LOOP('',(#1103,#1104));
#281=EDGE_LOOP('',(#1105,#1106,#1107,#1108));
#282=EDGE_LOOP('',(#1109,#1110,#1111,#1112));
#283=EDGE_LOOP('',(#1113));
#284=EDGE_LOOP('',(#1114));
#285=EDGE_LOOP('',(#1115,#1116,#1117,#1118));
#286=EDGE_LOOP('',(#1119));
#287=EDGE_LOOP('',(#1120));
#288=EDGE_LOOP('',(#1121,#1122,#1123,#1124));
#289=EDGE_LOOP('',(#1125,#1126,#1127,#1128));
#290=EDGE_LOOP('',(#1129,#1130,#1131,#1132));
#291=EDGE_LOOP('',(#1133,#1134,#1135,#1136));
#292=EDGE_LOOP('',(#1137));
#293=EDGE_LOOP('',(#1138,#1139,#1140,#1141));
#294=EDGE_LOOP('',(#1142));
#295=EDGE_LOOP('',(#1143,#1144,#1145,#1146));
#296=EDGE_LOOP('',(#1147,#1148,#1149,#1150,#1151,#1152));
#297=EDGE_LOOP('',(#1153,#1154,#1155,#1156));
#298=EDGE_LOOP('',(#1157,#1158,#1159,#1160));
#299=EDGE_LOOP('',(#1161,#1162,#1163,#1164));
#300=EDGE_LOOP('',(#1165,#1166,#1167,#1168));
#301=EDGE_LOOP('',(#1169,#1170,#1171,#1172,#1173,#1174,#1175,#1176));
#302=EDGE_LOOP('',(#1177,#1178,#1179,#1180,#1181,#1182,#1183,#1184));
#303=EDGE_LOOP('',(#1185,#1186,#1187,#1188));
#304=EDGE_LOOP('',(#1189,#1190,#1191,#1192,#1193,#1194,#1195,#1196,#1197,
#1198,#1199,#1200,#1201,#1202,#1203,#1204,#1205,#1206,#1207,#1208,#1209,
#1210,#1211,#1212,#1213,#1214,#1215,#1216));
#305=EDGE_LOOP('',(#1217,#1218,#1219,#1220,#1221,#1222));
#306=EDGE_LOOP('',(#1223,#1224,#1225,#1226));
#307=EDGE_LOOP('',(#1227,#1228,#1229,#1230,#1231,#1232,#1233,#1234,#1235,
#1236,#1237,#1238,#1239,#1240,#1241,#1242));
#308=EDGE_LOOP('',(#1243,#1244,#1245,#1246,#1247,#1248,#1249,#1250));
#309=EDGE_LOOP('',(#1251,#1252,#1253,#1254));
#310=EDGE_LOOP('',(#1255));
#311=EDGE_LOOP('',(#1256,#1257,#1258,#1259));
#312=EDGE_LOOP('',(#1260,#1261,#1262,#1263));
#313=EDGE_LOOP('',(#1264,#1265,#1266,#1267));
#314=EDGE_LOOP('',(#1268,#1269,#1270,#1271,#1272,#1273));
#315=EDGE_LOOP('',(#1274,#1275,#1276,#1277,#1278,#1279));
#316=EDGE_LOOP('',(#1280,#1281,#1282,#1283,#1284,#1285));
#317=EDGE_LOOP('',(#1286,#1287,#1288,#1289,#1290,#1291));
#318=EDGE_LOOP('',(#1292,#1293,#1294,#1295));
#319=EDGE_LOOP('',(#1296,#1297,#1298,#1299));
#320=EDGE_LOOP('',(#1300,#1301,#1302,#1303,#1304,#1305,#1306,#1307));
#321=EDGE_LOOP('',(#1308,#1309,#1310,#1311));
#322=EDGE_LOOP('',(#1312,#1313,#1314,#1315));
#323=EDGE_LOOP('',(#1316,#1317,#1318,#1319));
#324=EDGE_LOOP('',(#1320,#1321,#1322,#1323,#1324,#1325,#1326,#1327));
#325=EDGE_LOOP('',(#1328,#1329,#1330,#1331));
#326=EDGE_LOOP('',(#1332,#1333,#1334,#1335));
#327=EDGE_LOOP('',(#1336,#1337,#1338,#1339));
#328=EDGE_LOOP('',(#1340,#1341,#1342,#1343));
#329=EDGE_LOOP('',(#1344,#1345,#1346,#1347));
#330=EDGE_LOOP('',(#1348,#1349,#1350,#1351));
#331=EDGE_LOOP('',(#1352,#1353,#1354,#1355));
#332=EDGE_LOOP('',(#1356,#1357,#1358,#1359));
#333=EDGE_LOOP('',(#1360,#1361,#1362,#1363));
#334=EDGE_LOOP('',(#1364));
#335=EDGE_LOOP('',(#1365,#1366,#1367,#1368));
#336=EDGE_LOOP('',(#1369,#1370,#1371,#1372));
#337=EDGE_LOOP('',(#1373,#1374,#1375,#1376,#1377,#1378));
#338=EDGE_LOOP('',(#1379,#1380,#1381,#1382));
#339=EDGE_LOOP('',(#1383,#1384,#1385,#1386));
#340=EDGE_LOOP('',(#1387,#1388,#1389,#1390));
#341=EDGE_LOOP('',(#1391,#1392,#1393,#1394,#1395,#1396));
#342=EDGE_LOOP('',(#1397,#1398,#1399,#1400));
#343=EDGE_LOOP('',(#1401,#1402,#1403,#1404));
#344=EDGE_LOOP('',(#1405,#1406,#1407,#1408,#1409,#1410));
#345=EDGE_LOOP('',(#1411,#1412,#1413,#1414));
#346=EDGE_LOOP('',(#1415,#1416,#1417,#1418,#1419,#1420));
#347=EDGE_LOOP('',(#1421,#1422,#1423,#1424));
#348=LINE('',#2088,#471);
#349=LINE('',#2090,#472);
#350=LINE('',#2092,#473);
#351=LINE('',#2094,#474);
#352=LINE('',#2095,#475);
#353=LINE('',#2101,#476);
#354=LINE('',#2105,#477);
#355=LINE('',#2161,#478);
#356=LINE('',#2217,#479);
#357=LINE('',#2273,#480);
#358=LINE('',#2329,#481);
#359=LINE('',#2333,#482);
#360=LINE('',#2336,#483);
#361=LINE('',#2338,#484);
#362=LINE('',#2340,#485);
#363=LINE('',#2341,#486);
#364=LINE('',#2352,#487);
#365=LINE('',#2354,#488);
#366=LINE('',#2356,#489);
#367=LINE('',#2357,#490);
#368=LINE('',#2360,#491);
#369=LINE('',#2362,#492);
#370=LINE('',#2366,#493);
#371=LINE('',#2370,#494);
#372=LINE('',#2371,#495);
#373=LINE('',#2372,#496);
#374=LINE('',#2379,#497);
#375=LINE('',#2382,#498);
#376=LINE('',#2385,#499);
#377=LINE('',#2388,#500);
#378=LINE('',#2389,#501);
#379=LINE('',#2390,#502);
#380=LINE('',#2393,#503);
#381=LINE('',#2397,#504);
#382=LINE('',#2398,#505);
#383=LINE('',#2400,#506);
#384=LINE('',#2401,#507);
#385=LINE('',#2403,#508);
#386=LINE('',#2405,#509);
#387=LINE('',#2407,#510);
#388=LINE('',#2411,#511);
#389=LINE('',#2415,#512);
#390=LINE('',#2416,#513);
#391=LINE('',#2542,#514);
#392=LINE('',#2543,#515);
#393=LINE('',#2548,#516);
#394=LINE('',#2552,#517);
#395=LINE('',#2557,#518);
#396=LINE('',#2562,#519);
#397=LINE('',#2567,#520);
#398=LINE('',#2572,#521);
#399=LINE('',#2580,#522);
#400=LINE('',#2583,#523);
#401=LINE('',#2586,#524);
#402=LINE('',#2588,#525);
#403=LINE('',#2590,#526);
#404=LINE('',#2593,#527);
#405=LINE('',#2596,#528);
#406=LINE('',#2597,#529);
#407=LINE('',#2600,#530);
#408=LINE('',#2604,#531);
#409=LINE('',#2605,#532);
#410=LINE('',#2611,#533);
#411=LINE('',#2614,#534);
#412=LINE('',#2616,#535);
#413=LINE('',#2618,#536);
#414=LINE('',#2620,#537);
#415=LINE('',#2622,#538);
#416=LINE('',#2623,#539);
#417=LINE('',#2628,#540);
#418=LINE('',#2632,#541);
#419=LINE('',#2635,#542);
#420=LINE('',#2639,#543);
#421=LINE('',#2642,#544);
#422=LINE('',#2646,#545);
#423=LINE('',#2650,#546);
#424=LINE('',#2651,#547);
#425=LINE('',#2652,#548);
#426=LINE('',#2654,#549);
#427=LINE('',#2656,#550);
#428=LINE('',#2660,#551);
#429=LINE('',#2663,#552);
#430=LINE('',#2664,#553);
#431=LINE('',#2666,#554);
#432=LINE('',#2668,#555);
#433=LINE('',#2671,#556);
#434=LINE('',#2674,#557);
#435=LINE('',#2675,#558);
#436=LINE('',#2680,#559);
#437=LINE('',#2684,#560);
#438=LINE('',#2697,#561);
#439=LINE('',#2710,#562);
#440=LINE('',#2723,#563);
#441=LINE('',#2736,#564);
#442=LINE('',#2739,#565);
#443=LINE('',#2742,#566);
#444=LINE('',#2755,#567);
#445=LINE('',#2768,#568);
#446=LINE('',#2781,#569);
#447=LINE('',#2793,#570);
#448=LINE('',#2797,#571);
#449=LINE('',#2799,#572);
#450=LINE('',#2800,#573);
#451=LINE('',#2802,#574);
#452=LINE('',#2804,#575);
#453=LINE('',#2863,#576);
#454=LINE('',#2940,#577);
#455=LINE('',#2985,#578);
#456=LINE('',#2987,#579);
#457=LINE('',#2999,#580);
#458=LINE('',#3079,#581);
#459=LINE('',#3092,#582);
#460=LINE('',#3105,#583);
#461=LINE('',#3117,#584);
#462=LINE('',#3218,#585);
#463=LINE('',#3223,#586);
#464=LINE('',#3227,#587);
#465=LINE('',#3235,#588);
#466=LINE('',#3241,#589);
#467=LINE('',#3244,#590);
#468=LINE('',#3246,#591);
#469=LINE('',#3248,#592);
#470=LINE('',#3250,#593);
#471=VECTOR('',#1701,10.);
#472=VECTOR('',#1702,10.);
#473=VECTOR('',#1703,10.);
#474=VECTOR('',#1704,10.);
#475=VECTOR('',#1705,10.);
#476=VECTOR('',#1710,10.);
#477=VECTOR('',#1713,10.);
#478=VECTOR('',#1716,10.);
#479=VECTOR('',#1719,10.);
#480=VECTOR('',#1722,10.);
#481=VECTOR('',#1725,10.);
#482=VECTOR('',#1728,10.);
#483=VECTOR('',#1731,10.);
#484=VECTOR('',#1732,10.);
#485=VECTOR('',#1733,10.);
#486=VECTOR('',#1734,10.);
#487=VECTOR('',#1745,10.);
#488=VECTOR('',#1746,10.);
#489=VECTOR('',#1747,10.);
#490=VECTOR('',#1748,10.);
#491=VECTOR('',#1751,10.);
#492=VECTOR('',#1752,10.);
#493=VECTOR('',#1755,10.);
#494=VECTOR('',#1758,10.);
#495=VECTOR('',#1759,10.);
#496=VECTOR('',#1760,10.);
#497=VECTOR('',#1769,10.);
#498=VECTOR('',#1772,10.);
#499=VECTOR('',#1775,10.);
#500=VECTOR('',#1778,10.);
#501=VECTOR('',#1779,10.);
#502=VECTOR('',#1780,10.);
#503=VECTOR('',#1783,10.);
#504=VECTOR('',#1786,10.);
#505=VECTOR('',#1787,10.);
#506=VECTOR('',#1790,10.);
#507=VECTOR('',#1791,10.);
#508=VECTOR('',#1794,10.);
#509=VECTOR('',#1795,10.);
#510=VECTOR('',#1796,10.);
#511=VECTOR('',#1799,10.);
#512=VECTOR('',#1802,10.);
#513=VECTOR('',#1803,10.);
#514=VECTOR('',#1830,10.);
#515=VECTOR('',#1831,10.);
#516=VECTOR('',#1838,1.35);
#517=VECTOR('',#1843,1.35);
#518=VECTOR('',#1850,3.);
#519=VECTOR('',#1857,3.);
#520=VECTOR('',#1864,1.35);
#521=VECTOR('',#1871,1.35);
#522=VECTOR('',#1880,10.);
#523=VECTOR('',#1883,10.);
#524=VECTOR('',#1886,10.);
#525=VECTOR('',#1887,10.);
#526=VECTOR('',#1888,10.);
#527=VECTOR('',#1891,10.);
#528=VECTOR('',#1894,10.);
#529=VECTOR('',#1895,10.);
#530=VECTOR('',#1898,10.);
#531=VECTOR('',#1903,10.);
#532=VECTOR('',#1904,10.);
#533=VECTOR('',#1909,10.);
#534=VECTOR('',#1912,10.);
#535=VECTOR('',#1915,10.);
#536=VECTOR('',#1916,10.);
#537=VECTOR('',#1917,10.);
#538=VECTOR('',#1918,10.);
#539=VECTOR('',#1919,10.);
#540=VECTOR('',#1924,10.);
#541=VECTOR('',#1927,10.);
#542=VECTOR('',#1930,10.);
#543=VECTOR('',#1935,10.);
#544=VECTOR('',#1938,10.);
#545=VECTOR('',#1941,10.);
#546=VECTOR('',#1944,10.);
#547=VECTOR('',#1945,10.);
#548=VECTOR('',#1946,10.);
#549=VECTOR('',#1947,10.);
#550=VECTOR('',#1948,10.);
#551=VECTOR('',#1951,10.);
#552=VECTOR('',#1954,10.);
#553=VECTOR('',#1955,10.);
#554=VECTOR('',#1958,10.);
#555=VECTOR('',#1959,10.);
#556=VECTOR('',#1962,10.);
#557=VECTOR('',#1965,10.);
#558=VECTOR('',#1966,10.);
#559=VECTOR('',#1971,10.);
#560=VECTOR('',#1974,10.);
#561=VECTOR('',#1975,10.);
#562=VECTOR('',#1976,10.);
#563=VECTOR('',#1977,10.);
#564=VECTOR('',#1978,10.);
#565=VECTOR('',#1981,10.);
#566=VECTOR('',#1982,10.);
#567=VECTOR('',#1983,10.);
#568=VECTOR('',#1984,10.);
#569=VECTOR('',#1985,10.);
#570=VECTOR('',#1988,10.);
#571=VECTOR('',#1993,10.);
#572=VECTOR('',#1996,10.);
#573=VECTOR('',#1997,10.);
#574=VECTOR('',#2000,10.);
#575=VECTOR('',#2003,10.);
#576=VECTOR('',#2008,10.);
#577=VECTOR('',#2011,10.);
#578=VECTOR('',#2014,10.);
#579=VECTOR('',#2015,10.);
#580=VECTOR('',#2016,10.);
#581=VECTOR('',#2021,10.);
#582=VECTOR('',#2022,10.);
#583=VECTOR('',#2023,10.);
#584=VECTOR('',#2024,10.);
#585=VECTOR('',#2031,4.);
#586=VECTOR('',#2038,3.75);
#587=VECTOR('',#2043,4.);
#588=VECTOR('',#2054,10.);
#589=VECTOR('',#2065,10.);
#590=VECTOR('',#2068,10.);
#591=VECTOR('',#2071,10.);
#592=VECTOR('',#2074,10.);
#593=VECTOR('',#2077,10.);
#594=VERTEX_POINT('',#2086);
#595=VERTEX_POINT('',#2087);
#596=VERTEX_POINT('',#2089);
#597=VERTEX_POINT('',#2091);
#598=VERTEX_POINT('',#2093);
#599=VERTEX_POINT('',#2097);
#600=VERTEX_POINT('',#2098);
#601=VERTEX_POINT('',#2100);
#602=VERTEX_POINT('',#2102);
#603=VERTEX_POINT('',#2104);
#604=VERTEX_POINT('',#2106);
#605=VERTEX_POINT('',#2132);
#606=VERTEX_POINT('',#2134);
#607=VERTEX_POINT('',#2160);
#608=VERTEX_POINT('',#2162);
#609=VERTEX_POINT('',#2188);
#610=VERTEX_POINT('',#2190);
#611=VERTEX_POINT('',#2216);
#612=VERTEX_POINT('',#2218);
#613=VERTEX_POINT('',#2244);
#614=VERTEX_POINT('',#2246);
#615=VERTEX_POINT('',#2272);
#616=VERTEX_POINT('',#2274);
#617=VERTEX_POINT('',#2300);
#618=VERTEX_POINT('',#2302);
#619=VERTEX_POINT('',#2328);
#620=VERTEX_POINT('',#2330);
#621=VERTEX_POINT('',#2332);
#622=VERTEX_POINT('',#2334);
#623=VERTEX_POINT('',#2337);
#624=VERTEX_POINT('',#2339);
#625=VERTEX_POINT('',#2342);
#626=VERTEX_POINT('',#2344);
#627=VERTEX_POINT('',#2346);
#628=VERTEX_POINT('',#2348);
#629=VERTEX_POINT('',#2351);
#630=VERTEX_POINT('',#2353);
#631=VERTEX_POINT('',#2355);
#632=VERTEX_POINT('',#2359);
#633=VERTEX_POINT('',#2361);
#634=VERTEX_POINT('',#2363);
#635=VERTEX_POINT('',#2365);
#636=VERTEX_POINT('',#2367);
#637=VERTEX_POINT('',#2369);
#638=VERTEX_POINT('',#2373);
#639=VERTEX_POINT('',#2375);
#640=VERTEX_POINT('',#2381);
#641=VERTEX_POINT('',#2383);
#642=VERTEX_POINT('',#2387);
#643=VERTEX_POINT('',#2392);
#644=VERTEX_POINT('',#2394);
#645=VERTEX_POINT('',#2396);
#646=VERTEX_POINT('',#2404);
#647=VERTEX_POINT('',#2406);
#648=VERTEX_POINT('',#2408);
#649=VERTEX_POINT('',#2410);
#650=VERTEX_POINT('',#2412);
#651=VERTEX_POINT('',#2414);
#652=VERTEX_POINT('',#2546);
#653=VERTEX_POINT('',#2550);
#654=VERTEX_POINT('',#2554);
#655=VERTEX_POINT('',#2559);
#656=VERTEX_POINT('',#2566);
#657=VERTEX_POINT('',#2571);
#658=VERTEX_POINT('',#2576);
#659=VERTEX_POINT('',#2577);
#660=VERTEX_POINT('',#2579);
#661=VERTEX_POINT('',#2581);
#662=VERTEX_POINT('',#2585);
#663=VERTEX_POINT('',#2587);
#664=VERTEX_POINT('',#2589);
#665=VERTEX_POINT('',#2591);
#666=VERTEX_POINT('',#2595);
#667=VERTEX_POINT('',#2599);
#668=VERTEX_POINT('',#2603);
#669=VERTEX_POINT('',#2607);
#670=VERTEX_POINT('',#2608);
#671=VERTEX_POINT('',#2610);
#672=VERTEX_POINT('',#2612);
#673=VERTEX_POINT('',#2617);
#674=VERTEX_POINT('',#2619);
#675=VERTEX_POINT('',#2621);
#676=VERTEX_POINT('',#2625);
#677=VERTEX_POINT('',#2627);
#678=VERTEX_POINT('',#2629);
#679=VERTEX_POINT('',#2631);
#680=VERTEX_POINT('',#2633);
#681=VERTEX_POINT('',#2637);
#682=VERTEX_POINT('',#2641);
#683=VERTEX_POINT('',#2643);
#684=VERTEX_POINT('',#2645);
#685=VERTEX_POINT('',#2647);
#686=VERTEX_POINT('',#2649);
#687=VERTEX_POINT('',#2653);
#688=VERTEX_POINT('',#2655);
#689=VERTEX_POINT('',#2657);
#690=VERTEX_POINT('',#2659);
#691=VERTEX_POINT('',#2661);
#692=VERTEX_POINT('',#2667);
#693=VERTEX_POINT('',#2669);
#694=VERTEX_POINT('',#2673);
#695=VERTEX_POINT('',#2677);
#696=VERTEX_POINT('',#2679);
#697=VERTEX_POINT('',#2681);
#698=VERTEX_POINT('',#2683);
#699=VERTEX_POINT('',#2685);
#700=VERTEX_POINT('',#2696);
#701=VERTEX_POINT('',#2698);
#702=VERTEX_POINT('',#2709);
#703=VERTEX_POINT('',#2711);
#704=VERTEX_POINT('',#2722);
#705=VERTEX_POINT('',#2724);
#706=VERTEX_POINT('',#2735);
#707=VERTEX_POINT('',#2737);
#708=VERTEX_POINT('',#2740);
#709=VERTEX_POINT('',#2741);
#710=VERTEX_POINT('',#2743);
#711=VERTEX_POINT('',#2754);
#712=VERTEX_POINT('',#2756);
#713=VERTEX_POINT('',#2767);
#714=VERTEX_POINT('',#2769);
#715=VERTEX_POINT('',#2780);
#716=VERTEX_POINT('',#2794);
#717=VERTEX_POINT('',#2829);
#718=VERTEX_POINT('',#2834);
#719=VERTEX_POINT('',#2842);
#720=VERTEX_POINT('',#2849);
#721=VERTEX_POINT('',#2861);
#722=VERTEX_POINT('',#2888);
#723=VERTEX_POINT('',#2889);
#724=VERTEX_POINT('',#2901);
#725=VERTEX_POINT('',#2906);
#726=VERTEX_POINT('',#2939);
#727=VERTEX_POINT('',#2969);
#728=VERTEX_POINT('',#2986);
#729=VERTEX_POINT('',#2988);
#730=VERTEX_POINT('',#3057);
#731=VERTEX_POINT('',#3058);
#732=VERTEX_POINT('',#3078);
#733=VERTEX_POINT('',#3080);
#734=VERTEX_POINT('',#3091);
#735=VERTEX_POINT('',#3093);
#736=VERTEX_POINT('',#3104);
#737=VERTEX_POINT('',#3106);
#738=VERTEX_POINT('',#3217);
#739=VERTEX_POINT('',#3221);
#740=VERTEX_POINT('',#3225);
#741=VERTEX_POINT('',#3232);
#742=VERTEX_POINT('',#3234);
#743=VERTEX_POINT('',#3242);
#744=EDGE_CURVE('',#594,#595,#348,.T.);
#745=EDGE_CURVE('',#596,#594,#349,.T.);
#746=EDGE_CURVE('',#597,#596,#350,.T.);
#747=EDGE_CURVE('',#598,#597,#351,.T.);
#748=EDGE_CURVE('',#595,#598,#352,.T.);
#749=EDGE_CURVE('',#599,#600,#124,.T.);
#750=EDGE_CURVE('',#601,#599,#353,.T.);
#751=EDGE_CURVE('',#601,#602,#125,.T.);
#752=EDGE_CURVE('',#603,#602,#354,.T.);
#753=EDGE_CURVE('',#603,#604,#80,.T.);
#754=EDGE_CURVE('',#605,#604,#66,.T.);
#755=EDGE_CURVE('',#605,#606,#81,.T.);
#756=EDGE_CURVE('',#607,#606,#355,.T.);
#757=EDGE_CURVE('',#607,#608,#82,.T.);
#758=EDGE_CURVE('',#609,#608,#67,.T.);
#759=EDGE_CURVE('',#609,#610,#83,.T.);
#760=EDGE_CURVE('',#611,#610,#356,.T.);
#761=EDGE_CURVE('',#611,#612,#84,.T.);
#762=EDGE_CURVE('',#613,#612,#68,.T.);
#763=EDGE_CURVE('',#613,#614,#85,.T.);
#764=EDGE_CURVE('',#615,#614,#357,.T.);
#765=EDGE_CURVE('',#615,#616,#86,.T.);
#766=EDGE_CURVE('',#617,#616,#69,.T.);
#767=EDGE_CURVE('',#617,#618,#87,.T.);
#768=EDGE_CURVE('',#619,#618,#358,.T.);
#769=EDGE_CURVE('',#619,#620,#126,.T.);
#770=EDGE_CURVE('',#620,#621,#359,.T.);
#771=EDGE_CURVE('',#622,#621,#127,.T.);
#772=EDGE_CURVE('',#622,#600,#360,.F.);
#773=EDGE_CURVE('',#623,#594,#361,.T.);
#774=EDGE_CURVE('',#595,#624,#362,.T.);
#775=EDGE_CURVE('',#624,#623,#363,.T.);
#776=EDGE_CURVE('',#625,#625,#128,.T.);
#777=EDGE_CURVE('',#626,#626,#129,.T.);
#778=EDGE_CURVE('',#627,#627,#130,.F.);
#779=EDGE_CURVE('',#628,#628,#131,.T.);
#780=EDGE_CURVE('',#629,#624,#364,.T.);
#781=EDGE_CURVE('',#630,#629,#365,.T.);
#782=EDGE_CURVE('',#631,#630,#366,.T.);
#783=EDGE_CURVE('',#623,#631,#367,.T.);
#784=EDGE_CURVE('',#597,#632,#368,.F.);
#785=EDGE_CURVE('',#633,#632,#369,.T.);
#786=EDGE_CURVE('',#633,#634,#132,.T.);
#787=EDGE_CURVE('',#635,#634,#370,.T.);
#788=EDGE_CURVE('',#635,#636,#133,.T.);
#789=EDGE_CURVE('',#637,#636,#371,.T.);
#790=EDGE_CURVE('',#637,#630,#372,.F.);
#791=EDGE_CURVE('',#629,#598,#373,.T.);
#792=EDGE_CURVE('',#638,#638,#134,.T.);
#793=EDGE_CURVE('',#639,#639,#135,.T.);
#794=EDGE_CURVE('',#631,#596,#374,.T.);
#795=EDGE_CURVE('',#600,#640,#375,.T.);
#796=EDGE_CURVE('',#640,#641,#136,.T.);
#797=EDGE_CURVE('',#641,#599,#376,.T.);
#798=EDGE_CURVE('',#641,#642,#377,.F.);
#799=EDGE_CURVE('',#642,#637,#378,.F.);
#800=EDGE_CURVE('',#636,#601,#379,.T.);
#801=EDGE_CURVE('',#640,#643,#380,.F.);
#802=EDGE_CURVE('',#644,#643,#137,.T.);
#803=EDGE_CURVE('',#645,#644,#381,.T.);
#804=EDGE_CURVE('',#645,#642,#382,.F.);
#805=EDGE_CURVE('',#621,#644,#383,.T.);
#806=EDGE_CURVE('',#643,#622,#384,.T.);
#807=EDGE_CURVE('',#620,#633,#385,.T.);
#808=EDGE_CURVE('',#632,#646,#386,.T.);
#809=EDGE_CURVE('',#647,#646,#387,.T.);
#810=EDGE_CURVE('',#648,#647,#138,.T.);
#811=EDGE_CURVE('',#649,#648,#388,.T.);
#812=EDGE_CURVE('',#650,#649,#139,.T.);
#813=EDGE_CURVE('',#651,#650,#389,.T.);
#814=EDGE_CURVE('',#651,#645,#390,.T.);
#815=EDGE_CURVE('',#604,#605,#70,.T.);
#816=EDGE_CURVE('',#606,#603,#71,.T.);
#817=EDGE_CURVE('',#608,#609,#72,.T.);
#818=EDGE_CURVE('',#610,#607,#73,.T.);
#819=EDGE_CURVE('',#616,#617,#74,.T.);
#820=EDGE_CURVE('',#618,#615,#75,.T.);
#821=EDGE_CURVE('',#612,#613,#76,.T.);
#822=EDGE_CURVE('',#614,#611,#77,.T.);
#823=EDGE_CURVE('',#602,#635,#391,.T.);
#824=EDGE_CURVE('',#634,#619,#392,.T.);
#825=EDGE_CURVE('',#652,#652,#140,.T.);
#826=EDGE_CURVE('',#652,#639,#393,.T.);
#827=EDGE_CURVE('',#653,#653,#141,.T.);
#828=EDGE_CURVE('',#653,#638,#394,.T.);
#829=EDGE_CURVE('',#654,#654,#142,.T.);
#830=EDGE_CURVE('',#627,#654,#395,.T.);
#831=EDGE_CURVE('',#655,#655,#143,.T.);
#832=EDGE_CURVE('',#628,#655,#396,.T.);
#833=EDGE_CURVE('',#625,#656,#397,.T.);
#834=EDGE_CURVE('',#656,#656,#144,.T.);
#835=EDGE_CURVE('',#626,#657,#398,.T.);
#836=EDGE_CURVE('',#657,#657,#145,.T.);
#837=EDGE_CURVE('',#658,#659,#146,.T.);
#838=EDGE_CURVE('',#660,#659,#399,.T.);
#839=EDGE_CURVE('',#661,#660,#147,.T.);
#840=EDGE_CURVE('',#658,#661,#400,.T.);
#841=EDGE_CURVE('',#658,#662,#401,.F.);
#842=EDGE_CURVE('',#663,#662,#402,.T.);
#843=EDGE_CURVE('',#663,#664,#403,.F.);
#844=EDGE_CURVE('',#665,#664,#148,.T.);
#845=EDGE_CURVE('',#659,#665,#404,.T.);
#846=EDGE_CURVE('',#665,#666,#405,.T.);
#847=EDGE_CURVE('',#666,#660,#406,.T.);
#848=EDGE_CURVE('',#667,#664,#407,.T.);
#849=EDGE_CURVE('',#666,#667,#149,.T.);
#850=EDGE_CURVE('',#668,#663,#408,.T.);
#851=EDGE_CURVE('',#668,#667,#409,.T.);
#852=EDGE_CURVE('',#669,#670,#150,.T.);
#853=EDGE_CURVE('',#671,#669,#410,.T.);
#854=EDGE_CURVE('',#672,#671,#151,.F.);
#855=EDGE_CURVE('',#670,#672,#411,.T.);
#856=EDGE_CURVE('',#668,#672,#412,.T.);
#857=EDGE_CURVE('',#662,#673,#413,.T.);
#858=EDGE_CURVE('',#674,#673,#414,.T.);
#859=EDGE_CURVE('',#674,#675,#415,.T.);
#860=EDGE_CURVE('',#675,#670,#416,.T.);
#861=EDGE_CURVE('',#675,#676,#152,.T.);
#862=EDGE_CURVE('',#677,#676,#417,.T.);
#863=EDGE_CURVE('',#678,#677,#153,.F.);
#864=EDGE_CURVE('',#679,#678,#418,.T.);
#865=EDGE_CURVE('',#679,#680,#154,.T.);
#866=EDGE_CURVE('',#680,#669,#419,.F.);
#867=EDGE_CURVE('',#681,#674,#155,.F.);
#868=EDGE_CURVE('',#676,#681,#420,.T.);
#869=EDGE_CURVE('',#682,#671,#421,.T.);
#870=EDGE_CURVE('',#682,#683,#156,.T.);
#871=EDGE_CURVE('',#684,#683,#422,.T.);
#872=EDGE_CURVE('',#684,#685,#157,.T.);
#873=EDGE_CURVE('',#686,#685,#423,.T.);
#874=EDGE_CURVE('',#646,#686,#424,.T.);
#875=EDGE_CURVE('',#630,#597,#425,.F.);
#876=EDGE_CURVE('',#687,#651,#426,.T.);
#877=EDGE_CURVE('',#688,#687,#427,.T.);
#878=EDGE_CURVE('',#688,#689,#158,.T.);
#879=EDGE_CURVE('',#690,#689,#428,.T.);
#880=EDGE_CURVE('',#691,#690,#159,.F.);
#881=EDGE_CURVE('',#681,#691,#429,.F.);
#882=EDGE_CURVE('',#661,#673,#430,.T.);
#883=EDGE_CURVE('',#682,#680,#431,.F.);
#884=EDGE_CURVE('',#692,#679,#432,.T.);
#885=EDGE_CURVE('',#692,#693,#160,.T.);
#886=EDGE_CURVE('',#683,#693,#433,.T.);
#887=EDGE_CURVE('',#678,#694,#434,.T.);
#888=EDGE_CURVE('',#694,#692,#435,.T.);
#889=EDGE_CURVE('',#695,#694,#161,.T.);
#890=EDGE_CURVE('',#695,#696,#436,.F.);
#891=EDGE_CURVE('',#697,#696,#162,.T.);
#892=EDGE_CURVE('',#697,#698,#437,.F.);
#893=EDGE_CURVE('',#699,#698,#88,.T.);
#894=EDGE_CURVE('',#700,#699,#438,.T.);
#895=EDGE_CURVE('',#700,#701,#89,.F.);
#896=EDGE_CURVE('',#702,#701,#439,.T.);
#897=EDGE_CURVE('',#702,#703,#90,.F.);
#898=EDGE_CURVE('',#704,#703,#440,.T.);
#899=EDGE_CURVE('',#705,#704,#91,.T.);
#900=EDGE_CURVE('',#705,#706,#441,.F.);
#901=EDGE_CURVE('',#707,#706,#163,.T.);
#902=EDGE_CURVE('',#707,#693,#442,.F.);
#903=EDGE_CURVE('',#708,#709,#443,.T.);
#904=EDGE_CURVE('',#708,#710,#92,.F.);
#905=EDGE_CURVE('',#711,#710,#444,.T.);
#906=EDGE_CURVE('',#711,#712,#93,.F.);
#907=EDGE_CURVE('',#713,#712,#445,.T.);
#908=EDGE_CURVE('',#713,#714,#94,.F.);
#909=EDGE_CURVE('',#715,#714,#446,.T.);
#910=EDGE_CURVE('',#715,#709,#95,.F.);
#911=EDGE_CURVE('',#707,#684,#447,.T.);
#912=EDGE_CURVE('',#716,#716,#164,.T.);
#913=EDGE_CURVE('',#685,#706,#448,.T.);
#914=EDGE_CURVE('',#689,#696,#449,.T.);
#915=EDGE_CURVE('',#697,#688,#450,.T.);
#916=EDGE_CURVE('',#695,#690,#451,.T.);
#917=EDGE_CURVE('',#691,#677,#452,.T.);
#918=EDGE_CURVE('',#717,#704,#96,.T.);
#919=EDGE_CURVE('',#717,#718,#97,.F.);
#920=EDGE_CURVE('',#719,#718,#98,.T.);
#921=EDGE_CURVE('',#720,#719,#99,.T.);
#922=EDGE_CURVE('',#705,#720,#100,.T.);
#923=EDGE_CURVE('',#721,#720,#165,.T.);
#924=EDGE_CURVE('',#686,#721,#453,.T.);
#925=EDGE_CURVE('',#722,#723,#101,.T.);
#926=EDGE_CURVE('',#699,#722,#102,.T.);
#927=EDGE_CURVE('',#724,#698,#103,.T.);
#928=EDGE_CURVE('',#724,#725,#104,.F.);
#929=EDGE_CURVE('',#725,#723,#105,.F.);
#930=EDGE_CURVE('',#722,#726,#454,.T.);
#931=EDGE_CURVE('',#726,#700,#106,.T.);
#932=EDGE_CURVE('',#727,#726,#107,.T.);
#933=EDGE_CURVE('',#701,#727,#108,.T.);
#934=EDGE_CURVE('',#723,#718,#455,.T.);
#935=EDGE_CURVE('',#728,#717,#456,.T.);
#936=EDGE_CURVE('',#728,#729,#109,.T.);
#937=EDGE_CURVE('',#727,#729,#457,.T.);
#938=EDGE_CURVE('',#729,#702,#110,.T.);
#939=EDGE_CURVE('',#703,#728,#111,.T.);
#940=EDGE_CURVE('',#730,#731,#112,.T.);
#941=EDGE_CURVE('',#712,#730,#113,.T.);
#942=EDGE_CURVE('',#731,#711,#114,.T.);
#943=EDGE_CURVE('',#732,#731,#458,.T.);
#944=EDGE_CURVE('',#732,#733,#115,.T.);
#945=EDGE_CURVE('',#734,#733,#459,.T.);
#946=EDGE_CURVE('',#734,#735,#116,.T.);
#947=EDGE_CURVE('',#736,#735,#460,.T.);
#948=EDGE_CURVE('',#736,#737,#117,.T.);
#949=EDGE_CURVE('',#730,#737,#461,.T.);
#950=EDGE_CURVE('',#737,#713,#118,.T.);
#951=EDGE_CURVE('',#714,#736,#119,.T.);
#952=EDGE_CURVE('',#710,#732,#120,.T.);
#953=EDGE_CURVE('',#733,#708,#121,.T.);
#954=EDGE_CURVE('',#709,#734,#122,.T.);
#955=EDGE_CURVE('',#735,#715,#123,.T.);
#956=EDGE_CURVE('',#716,#738,#462,.T.);
#957=EDGE_CURVE('',#738,#738,#166,.T.);
#958=EDGE_CURVE('',#739,#739,#167,.T.);
#959=EDGE_CURVE('',#739,#738,#463,.T.);
#960=EDGE_CURVE('',#740,#740,#168,.T.);
#961=EDGE_CURVE('',#740,#739,#464,.T.);
#962=EDGE_CURVE('',#725,#741,#78,.F.);
#963=EDGE_CURVE('',#742,#741,#465,.T.);
#964=EDGE_CURVE('',#719,#742,#79,.T.);
#965=EDGE_CURVE('',#649,#741,#466,.T.);
#966=EDGE_CURVE('',#724,#743,#169,.T.);
#967=EDGE_CURVE('',#650,#743,#467,.T.);
#968=EDGE_CURVE('',#743,#687,#468,.T.);
#969=EDGE_CURVE('',#647,#721,#469,.T.);
#970=EDGE_CURVE('',#648,#742,#470,.T.);
#971=ORIENTED_EDGE('',*,*,#744,.F.);
#972=ORIENTED_EDGE('',*,*,#745,.F.);
#973=ORIENTED_EDGE('',*,*,#746,.F.);
#974=ORIENTED_EDGE('',*,*,#747,.F.);
#975=ORIENTED_EDGE('',*,*,#748,.F.);
#976=ORIENTED_EDGE('',*,*,#749,.F.);
#977=ORIENTED_EDGE('',*,*,#750,.F.);
#978=ORIENTED_EDGE('',*,*,#751,.T.);
#979=ORIENTED_EDGE('',*,*,#752,.F.);
#980=ORIENTED_EDGE('',*,*,#753,.T.);
#981=ORIENTED_EDGE('',*,*,#754,.F.);
#982=ORIENTED_EDGE('',*,*,#755,.T.);
#983=ORIENTED_EDGE('',*,*,#756,.F.);
#984=ORIENTED_EDGE('',*,*,#757,.T.);
#985=ORIENTED_EDGE('',*,*,#758,.F.);
#986=ORIENTED_EDGE('',*,*,#759,.T.);
#987=ORIENTED_EDGE('',*,*,#760,.F.);
#988=ORIENTED_EDGE('',*,*,#761,.T.);
#989=ORIENTED_EDGE('',*,*,#762,.F.);
#990=ORIENTED_EDGE('',*,*,#763,.T.);
#991=ORIENTED_EDGE('',*,*,#764,.F.);
#992=ORIENTED_EDGE('',*,*,#765,.T.);
#993=ORIENTED_EDGE('',*,*,#766,.F.);
#994=ORIENTED_EDGE('',*,*,#767,.T.);
#995=ORIENTED_EDGE('',*,*,#768,.F.);
#996=ORIENTED_EDGE('',*,*,#769,.T.);
#997=ORIENTED_EDGE('',*,*,#770,.T.);
#998=ORIENTED_EDGE('',*,*,#771,.F.);
#999=ORIENTED_EDGE('',*,*,#772,.T.);
#1000=ORIENTED_EDGE('',*,*,#773,.T.);
#1001=ORIENTED_EDGE('',*,*,#744,.T.);
#1002=ORIENTED_EDGE('',*,*,#774,.T.);
#1003=ORIENTED_EDGE('',*,*,#775,.T.);
#1004=ORIENTED_EDGE('',*,*,#776,.F.);
#1005=ORIENTED_EDGE('',*,*,#777,.F.);
#1006=ORIENTED_EDGE('',*,*,#778,.T.);
#1007=ORIENTED_EDGE('',*,*,#779,.T.);
#1008=ORIENTED_EDGE('',*,*,#775,.F.);
#1009=ORIENTED_EDGE('',*,*,#780,.F.);
#1010=ORIENTED_EDGE('',*,*,#781,.F.);
#1011=ORIENTED_EDGE('',*,*,#782,.F.);
#1012=ORIENTED_EDGE('',*,*,#783,.F.);
#1013=ORIENTED_EDGE('',*,*,#747,.T.);
#1014=ORIENTED_EDGE('',*,*,#784,.T.);
#1015=ORIENTED_EDGE('',*,*,#785,.F.);
#1016=ORIENTED_EDGE('',*,*,#786,.T.);
#1017=ORIENTED_EDGE('',*,*,#787,.F.);
#1018=ORIENTED_EDGE('',*,*,#788,.T.);
#1019=ORIENTED_EDGE('',*,*,#789,.F.);
#1020=ORIENTED_EDGE('',*,*,#790,.T.);
#1021=ORIENTED_EDGE('',*,*,#781,.T.);
#1022=ORIENTED_EDGE('',*,*,#791,.T.);
#1023=ORIENTED_EDGE('',*,*,#792,.F.);
#1024=ORIENTED_EDGE('',*,*,#793,.F.);
#1025=ORIENTED_EDGE('',*,*,#774,.F.);
#1026=ORIENTED_EDGE('',*,*,#748,.T.);
#1027=ORIENTED_EDGE('',*,*,#791,.F.);
#1028=ORIENTED_EDGE('',*,*,#780,.T.);
#1029=ORIENTED_EDGE('',*,*,#773,.F.);
#1030=ORIENTED_EDGE('',*,*,#783,.T.);
#1031=ORIENTED_EDGE('',*,*,#794,.T.);
#1032=ORIENTED_EDGE('',*,*,#745,.T.);
#1033=ORIENTED_EDGE('',*,*,#749,.T.);
#1034=ORIENTED_EDGE('',*,*,#795,.T.);
#1035=ORIENTED_EDGE('',*,*,#796,.T.);
#1036=ORIENTED_EDGE('',*,*,#797,.T.);
#1037=ORIENTED_EDGE('',*,*,#797,.F.);
#1038=ORIENTED_EDGE('',*,*,#798,.T.);
#1039=ORIENTED_EDGE('',*,*,#799,.T.);
#1040=ORIENTED_EDGE('',*,*,#789,.T.);
#1041=ORIENTED_EDGE('',*,*,#800,.T.);
#1042=ORIENTED_EDGE('',*,*,#750,.T.);
#1043=ORIENTED_EDGE('',*,*,#796,.F.);
#1044=ORIENTED_EDGE('',*,*,#801,.T.);
#1045=ORIENTED_EDGE('',*,*,#802,.F.);
#1046=ORIENTED_EDGE('',*,*,#803,.F.);
#1047=ORIENTED_EDGE('',*,*,#804,.T.);
#1048=ORIENTED_EDGE('',*,*,#798,.F.);
#1049=ORIENTED_EDGE('',*,*,#771,.T.);
#1050=ORIENTED_EDGE('',*,*,#805,.T.);
#1051=ORIENTED_EDGE('',*,*,#802,.T.);
#1052=ORIENTED_EDGE('',*,*,#806,.T.);
#1053=ORIENTED_EDGE('',*,*,#805,.F.);
#1054=ORIENTED_EDGE('',*,*,#770,.F.);
#1055=ORIENTED_EDGE('',*,*,#807,.T.);
#1056=ORIENTED_EDGE('',*,*,#785,.T.);
#1057=ORIENTED_EDGE('',*,*,#808,.T.);
#1058=ORIENTED_EDGE('',*,*,#809,.F.);
#1059=ORIENTED_EDGE('',*,*,#810,.F.);
#1060=ORIENTED_EDGE('',*,*,#811,.F.);
#1061=ORIENTED_EDGE('',*,*,#812,.F.);
#1062=ORIENTED_EDGE('',*,*,#813,.F.);
#1063=ORIENTED_EDGE('',*,*,#814,.T.);
#1064=ORIENTED_EDGE('',*,*,#803,.T.);
#1065=ORIENTED_EDGE('',*,*,#795,.F.);
#1066=ORIENTED_EDGE('',*,*,#772,.F.);
#1067=ORIENTED_EDGE('',*,*,#806,.F.);
#1068=ORIENTED_EDGE('',*,*,#801,.F.);
#1069=ORIENTED_EDGE('',*,*,#755,.F.);
#1070=ORIENTED_EDGE('',*,*,#815,.F.);
#1071=ORIENTED_EDGE('',*,*,#753,.F.);
#1072=ORIENTED_EDGE('',*,*,#816,.F.);
#1073=ORIENTED_EDGE('',*,*,#815,.T.);
#1074=ORIENTED_EDGE('',*,*,#754,.T.);
#1075=ORIENTED_EDGE('',*,*,#759,.F.);
#1076=ORIENTED_EDGE('',*,*,#817,.F.);
#1077=ORIENTED_EDGE('',*,*,#757,.F.);
#1078=ORIENTED_EDGE('',*,*,#818,.F.);
#1079=ORIENTED_EDGE('',*,*,#817,.T.);
#1080=ORIENTED_EDGE('',*,*,#758,.T.);
#1081=ORIENTED_EDGE('',*,*,#767,.F.);
#1082=ORIENTED_EDGE('',*,*,#819,.F.);
#1083=ORIENTED_EDGE('',*,*,#765,.F.);
#1084=ORIENTED_EDGE('',*,*,#820,.F.);
#1085=ORIENTED_EDGE('',*,*,#819,.T.);
#1086=ORIENTED_EDGE('',*,*,#766,.T.);
#1087=ORIENTED_EDGE('',*,*,#763,.F.);
#1088=ORIENTED_EDGE('',*,*,#821,.F.);
#1089=ORIENTED_EDGE('',*,*,#761,.F.);
#1090=ORIENTED_EDGE('',*,*,#822,.F.);
#1091=ORIENTED_EDGE('',*,*,#816,.T.);
#1092=ORIENTED_EDGE('',*,*,#752,.T.);
#1093=ORIENTED_EDGE('',*,*,#823,.T.);
#1094=ORIENTED_EDGE('',*,*,#787,.T.);
#1095=ORIENTED_EDGE('',*,*,#824,.T.);
#1096=ORIENTED_EDGE('',*,*,#768,.T.);
#1097=ORIENTED_EDGE('',*,*,#820,.T.);
#1098=ORIENTED_EDGE('',*,*,#764,.T.);
#1099=ORIENTED_EDGE('',*,*,#822,.T.);
#1100=ORIENTED_EDGE('',*,*,#760,.T.);
#1101=ORIENTED_EDGE('',*,*,#818,.T.);
#1102=ORIENTED_EDGE('',*,*,#756,.T.);
#1103=ORIENTED_EDGE('',*,*,#821,.T.);
#1104=ORIENTED_EDGE('',*,*,#762,.T.);
#1105=ORIENTED_EDGE('',*,*,#825,.T.);
#1106=ORIENTED_EDGE('',*,*,#826,.T.);
#1107=ORIENTED_EDGE('',*,*,#793,.T.);
#1108=ORIENTED_EDGE('',*,*,#826,.F.);
#1109=ORIENTED_EDGE('',*,*,#827,.T.);
#1110=ORIENTED_EDGE('',*,*,#828,.T.);
#1111=ORIENTED_EDGE('',*,*,#792,.T.);
#1112=ORIENTED_EDGE('',*,*,#828,.F.);
#1113=ORIENTED_EDGE('',*,*,#829,.T.);
#1114=ORIENTED_EDGE('',*,*,#825,.F.);
#1115=ORIENTED_EDGE('',*,*,#778,.F.);
#1116=ORIENTED_EDGE('',*,*,#830,.T.);
#1117=ORIENTED_EDGE('',*,*,#829,.F.);
#1118=ORIENTED_EDGE('',*,*,#830,.F.);
#1119=ORIENTED_EDGE('',*,*,#831,.T.);
#1120=ORIENTED_EDGE('',*,*,#827,.F.);
#1121=ORIENTED_EDGE('',*,*,#779,.F.);
#1122=ORIENTED_EDGE('',*,*,#832,.T.);
#1123=ORIENTED_EDGE('',*,*,#831,.F.);
#1124=ORIENTED_EDGE('',*,*,#832,.F.);
#1125=ORIENTED_EDGE('',*,*,#769,.F.);
#1126=ORIENTED_EDGE('',*,*,#824,.F.);
#1127=ORIENTED_EDGE('',*,*,#786,.F.);
#1128=ORIENTED_EDGE('',*,*,#807,.F.);
#1129=ORIENTED_EDGE('',*,*,#751,.F.);
#1130=ORIENTED_EDGE('',*,*,#800,.F.);
#1131=ORIENTED_EDGE('',*,*,#788,.F.);
#1132=ORIENTED_EDGE('',*,*,#823,.F.);
#1133=ORIENTED_EDGE('',*,*,#776,.T.);
#1134=ORIENTED_EDGE('',*,*,#833,.T.);
#1135=ORIENTED_EDGE('',*,*,#834,.F.);
#1136=ORIENTED_EDGE('',*,*,#833,.F.);
#1137=ORIENTED_EDGE('',*,*,#834,.T.);
#1138=ORIENTED_EDGE('',*,*,#777,.T.);
#1139=ORIENTED_EDGE('',*,*,#835,.T.);
#1140=ORIENTED_EDGE('',*,*,#836,.F.);
#1141=ORIENTED_EDGE('',*,*,#835,.F.);
#1142=ORIENTED_EDGE('',*,*,#836,.T.);
#1143=ORIENTED_EDGE('',*,*,#837,.T.);
#1144=ORIENTED_EDGE('',*,*,#838,.F.);
#1145=ORIENTED_EDGE('',*,*,#839,.F.);
#1146=ORIENTED_EDGE('',*,*,#840,.F.);
#1147=ORIENTED_EDGE('',*,*,#837,.F.);
#1148=ORIENTED_EDGE('',*,*,#841,.T.);
#1149=ORIENTED_EDGE('',*,*,#842,.F.);
#1150=ORIENTED_EDGE('',*,*,#843,.T.);
#1151=ORIENTED_EDGE('',*,*,#844,.F.);
#1152=ORIENTED_EDGE('',*,*,#845,.F.);
#1153=ORIENTED_EDGE('',*,*,#838,.T.);
#1154=ORIENTED_EDGE('',*,*,#845,.T.);
#1155=ORIENTED_EDGE('',*,*,#846,.T.);
#1156=ORIENTED_EDGE('',*,*,#847,.T.);
#1157=ORIENTED_EDGE('',*,*,#844,.T.);
#1158=ORIENTED_EDGE('',*,*,#848,.F.);
#1159=ORIENTED_EDGE('',*,*,#849,.F.);
#1160=ORIENTED_EDGE('',*,*,#846,.F.);
#1161=ORIENTED_EDGE('',*,*,#848,.T.);
#1162=ORIENTED_EDGE('',*,*,#843,.F.);
#1163=ORIENTED_EDGE('',*,*,#850,.F.);
#1164=ORIENTED_EDGE('',*,*,#851,.T.);
#1165=ORIENTED_EDGE('',*,*,#852,.F.);
#1166=ORIENTED_EDGE('',*,*,#853,.F.);
#1167=ORIENTED_EDGE('',*,*,#854,.F.);
#1168=ORIENTED_EDGE('',*,*,#855,.F.);
#1169=ORIENTED_EDGE('',*,*,#856,.F.);
#1170=ORIENTED_EDGE('',*,*,#850,.T.);
#1171=ORIENTED_EDGE('',*,*,#842,.T.);
#1172=ORIENTED_EDGE('',*,*,#857,.T.);
#1173=ORIENTED_EDGE('',*,*,#858,.F.);
#1174=ORIENTED_EDGE('',*,*,#859,.T.);
#1175=ORIENTED_EDGE('',*,*,#860,.T.);
#1176=ORIENTED_EDGE('',*,*,#855,.T.);
#1177=ORIENTED_EDGE('',*,*,#852,.T.);
#1178=ORIENTED_EDGE('',*,*,#860,.F.);
#1179=ORIENTED_EDGE('',*,*,#861,.T.);
#1180=ORIENTED_EDGE('',*,*,#862,.F.);
#1181=ORIENTED_EDGE('',*,*,#863,.F.);
#1182=ORIENTED_EDGE('',*,*,#864,.F.);
#1183=ORIENTED_EDGE('',*,*,#865,.T.);
#1184=ORIENTED_EDGE('',*,*,#866,.T.);
#1185=ORIENTED_EDGE('',*,*,#861,.F.);
#1186=ORIENTED_EDGE('',*,*,#859,.F.);
#1187=ORIENTED_EDGE('',*,*,#867,.F.);
#1188=ORIENTED_EDGE('',*,*,#868,.F.);
#1189=ORIENTED_EDGE('',*,*,#851,.F.);
#1190=ORIENTED_EDGE('',*,*,#856,.T.);
#1191=ORIENTED_EDGE('',*,*,#854,.T.);
#1192=ORIENTED_EDGE('',*,*,#869,.F.);
#1193=ORIENTED_EDGE('',*,*,#870,.T.);
#1194=ORIENTED_EDGE('',*,*,#871,.F.);
#1195=ORIENTED_EDGE('',*,*,#872,.T.);
#1196=ORIENTED_EDGE('',*,*,#873,.F.);
#1197=ORIENTED_EDGE('',*,*,#874,.F.);
#1198=ORIENTED_EDGE('',*,*,#808,.F.);
#1199=ORIENTED_EDGE('',*,*,#784,.F.);
#1200=ORIENTED_EDGE('',*,*,#875,.F.);
#1201=ORIENTED_EDGE('',*,*,#790,.F.);
#1202=ORIENTED_EDGE('',*,*,#799,.F.);
#1203=ORIENTED_EDGE('',*,*,#804,.F.);
#1204=ORIENTED_EDGE('',*,*,#814,.F.);
#1205=ORIENTED_EDGE('',*,*,#876,.F.);
#1206=ORIENTED_EDGE('',*,*,#877,.F.);
#1207=ORIENTED_EDGE('',*,*,#878,.T.);
#1208=ORIENTED_EDGE('',*,*,#879,.F.);
#1209=ORIENTED_EDGE('',*,*,#880,.F.);
#1210=ORIENTED_EDGE('',*,*,#881,.F.);
#1211=ORIENTED_EDGE('',*,*,#867,.T.);
#1212=ORIENTED_EDGE('',*,*,#858,.T.);
#1213=ORIENTED_EDGE('',*,*,#882,.F.);
#1214=ORIENTED_EDGE('',*,*,#839,.T.);
#1215=ORIENTED_EDGE('',*,*,#847,.F.);
#1216=ORIENTED_EDGE('',*,*,#849,.T.);
#1217=ORIENTED_EDGE('',*,*,#870,.F.);
#1218=ORIENTED_EDGE('',*,*,#883,.T.);
#1219=ORIENTED_EDGE('',*,*,#865,.F.);
#1220=ORIENTED_EDGE('',*,*,#884,.F.);
#1221=ORIENTED_EDGE('',*,*,#885,.T.);
#1222=ORIENTED_EDGE('',*,*,#886,.F.);
#1223=ORIENTED_EDGE('',*,*,#884,.T.);
#1224=ORIENTED_EDGE('',*,*,#864,.T.);
#1225=ORIENTED_EDGE('',*,*,#887,.T.);
#1226=ORIENTED_EDGE('',*,*,#888,.T.);
#1227=ORIENTED_EDGE('',*,*,#885,.F.);
#1228=ORIENTED_EDGE('',*,*,#888,.F.);
#1229=ORIENTED_EDGE('',*,*,#889,.F.);
#1230=ORIENTED_EDGE('',*,*,#890,.T.);
#1231=ORIENTED_EDGE('',*,*,#891,.F.);
#1232=ORIENTED_EDGE('',*,*,#892,.T.);
#1233=ORIENTED_EDGE('',*,*,#893,.F.);
#1234=ORIENTED_EDGE('',*,*,#894,.F.);
#1235=ORIENTED_EDGE('',*,*,#895,.T.);
#1236=ORIENTED_EDGE('',*,*,#896,.F.);
#1237=ORIENTED_EDGE('',*,*,#897,.T.);
#1238=ORIENTED_EDGE('',*,*,#898,.F.);
#1239=ORIENTED_EDGE('',*,*,#899,.F.);
#1240=ORIENTED_EDGE('',*,*,#900,.T.);
#1241=ORIENTED_EDGE('',*,*,#901,.F.);
#1242=ORIENTED_EDGE('',*,*,#902,.T.);
#1243=ORIENTED_EDGE('',*,*,#903,.F.);
#1244=ORIENTED_EDGE('',*,*,#904,.T.);
#1245=ORIENTED_EDGE('',*,*,#905,.F.);
#1246=ORIENTED_EDGE('',*,*,#906,.T.);
#1247=ORIENTED_EDGE('',*,*,#907,.F.);
#1248=ORIENTED_EDGE('',*,*,#908,.T.);
#1249=ORIENTED_EDGE('',*,*,#909,.F.);
#1250=ORIENTED_EDGE('',*,*,#910,.T.);
#1251=ORIENTED_EDGE('',*,*,#886,.T.);
#1252=ORIENTED_EDGE('',*,*,#902,.F.);
#1253=ORIENTED_EDGE('',*,*,#911,.T.);
#1254=ORIENTED_EDGE('',*,*,#871,.T.);
#1255=ORIENTED_EDGE('',*,*,#912,.T.);
#1256=ORIENTED_EDGE('',*,*,#901,.T.);
#1257=ORIENTED_EDGE('',*,*,#913,.F.);
#1258=ORIENTED_EDGE('',*,*,#872,.F.);
#1259=ORIENTED_EDGE('',*,*,#911,.F.);
#1260=ORIENTED_EDGE('',*,*,#891,.T.);
#1261=ORIENTED_EDGE('',*,*,#914,.F.);
#1262=ORIENTED_EDGE('',*,*,#878,.F.);
#1263=ORIENTED_EDGE('',*,*,#915,.F.);
#1264=ORIENTED_EDGE('',*,*,#914,.T.);
#1265=ORIENTED_EDGE('',*,*,#890,.F.);
#1266=ORIENTED_EDGE('',*,*,#916,.T.);
#1267=ORIENTED_EDGE('',*,*,#879,.T.);
#1268=ORIENTED_EDGE('',*,*,#889,.T.);
#1269=ORIENTED_EDGE('',*,*,#887,.F.);
#1270=ORIENTED_EDGE('',*,*,#863,.T.);
#1271=ORIENTED_EDGE('',*,*,#917,.F.);
#1272=ORIENTED_EDGE('',*,*,#880,.T.);
#1273=ORIENTED_EDGE('',*,*,#916,.F.);
#1274=ORIENTED_EDGE('',*,*,#899,.T.);
#1275=ORIENTED_EDGE('',*,*,#918,.F.);
#1276=ORIENTED_EDGE('',*,*,#919,.T.);
#1277=ORIENTED_EDGE('',*,*,#920,.F.);
#1278=ORIENTED_EDGE('',*,*,#921,.F.);
#1279=ORIENTED_EDGE('',*,*,#922,.F.);
#1280=ORIENTED_EDGE('',*,*,#913,.T.);
#1281=ORIENTED_EDGE('',*,*,#900,.F.);
#1282=ORIENTED_EDGE('',*,*,#922,.T.);
#1283=ORIENTED_EDGE('',*,*,#923,.F.);
#1284=ORIENTED_EDGE('',*,*,#924,.F.);
#1285=ORIENTED_EDGE('',*,*,#873,.T.);
#1286=ORIENTED_EDGE('',*,*,#925,.F.);
#1287=ORIENTED_EDGE('',*,*,#926,.F.);
#1288=ORIENTED_EDGE('',*,*,#893,.T.);
#1289=ORIENTED_EDGE('',*,*,#927,.F.);
#1290=ORIENTED_EDGE('',*,*,#928,.T.);
#1291=ORIENTED_EDGE('',*,*,#929,.T.);
#1292=ORIENTED_EDGE('',*,*,#926,.T.);
#1293=ORIENTED_EDGE('',*,*,#930,.T.);
#1294=ORIENTED_EDGE('',*,*,#931,.T.);
#1295=ORIENTED_EDGE('',*,*,#894,.T.);
#1296=ORIENTED_EDGE('',*,*,#932,.F.);
#1297=ORIENTED_EDGE('',*,*,#933,.F.);
#1298=ORIENTED_EDGE('',*,*,#895,.F.);
#1299=ORIENTED_EDGE('',*,*,#931,.F.);
#1300=ORIENTED_EDGE('',*,*,#932,.T.);
#1301=ORIENTED_EDGE('',*,*,#930,.F.);
#1302=ORIENTED_EDGE('',*,*,#925,.T.);
#1303=ORIENTED_EDGE('',*,*,#934,.T.);
#1304=ORIENTED_EDGE('',*,*,#919,.F.);
#1305=ORIENTED_EDGE('',*,*,#935,.F.);
#1306=ORIENTED_EDGE('',*,*,#936,.T.);
#1307=ORIENTED_EDGE('',*,*,#937,.F.);
#1308=ORIENTED_EDGE('',*,*,#933,.T.);
#1309=ORIENTED_EDGE('',*,*,#937,.T.);
#1310=ORIENTED_EDGE('',*,*,#938,.T.);
#1311=ORIENTED_EDGE('',*,*,#896,.T.);
#1312=ORIENTED_EDGE('',*,*,#936,.F.);
#1313=ORIENTED_EDGE('',*,*,#939,.F.);
#1314=ORIENTED_EDGE('',*,*,#897,.F.);
#1315=ORIENTED_EDGE('',*,*,#938,.F.);
#1316=ORIENTED_EDGE('',*,*,#940,.F.);
#1317=ORIENTED_EDGE('',*,*,#941,.F.);
#1318=ORIENTED_EDGE('',*,*,#906,.F.);
#1319=ORIENTED_EDGE('',*,*,#942,.F.);
#1320=ORIENTED_EDGE('',*,*,#940,.T.);
#1321=ORIENTED_EDGE('',*,*,#943,.F.);
#1322=ORIENTED_EDGE('',*,*,#944,.T.);
#1323=ORIENTED_EDGE('',*,*,#945,.F.);
#1324=ORIENTED_EDGE('',*,*,#946,.T.);
#1325=ORIENTED_EDGE('',*,*,#947,.F.);
#1326=ORIENTED_EDGE('',*,*,#948,.T.);
#1327=ORIENTED_EDGE('',*,*,#949,.F.);
#1328=ORIENTED_EDGE('',*,*,#941,.T.);
#1329=ORIENTED_EDGE('',*,*,#949,.T.);
#1330=ORIENTED_EDGE('',*,*,#950,.T.);
#1331=ORIENTED_EDGE('',*,*,#907,.T.);
#1332=ORIENTED_EDGE('',*,*,#948,.F.);
#1333=ORIENTED_EDGE('',*,*,#951,.F.);
#1334=ORIENTED_EDGE('',*,*,#908,.F.);
#1335=ORIENTED_EDGE('',*,*,#950,.F.);
#1336=ORIENTED_EDGE('',*,*,#944,.F.);
#1337=ORIENTED_EDGE('',*,*,#952,.F.);
#1338=ORIENTED_EDGE('',*,*,#904,.F.);
#1339=ORIENTED_EDGE('',*,*,#953,.F.);
#1340=ORIENTED_EDGE('',*,*,#953,.T.);
#1341=ORIENTED_EDGE('',*,*,#903,.T.);
#1342=ORIENTED_EDGE('',*,*,#954,.T.);
#1343=ORIENTED_EDGE('',*,*,#945,.T.);
#1344=ORIENTED_EDGE('',*,*,#946,.F.);
#1345=ORIENTED_EDGE('',*,*,#954,.F.);
#1346=ORIENTED_EDGE('',*,*,#910,.F.);
#1347=ORIENTED_EDGE('',*,*,#955,.F.);
#1348=ORIENTED_EDGE('',*,*,#912,.F.);
#1349=ORIENTED_EDGE('',*,*,#956,.T.);
#1350=ORIENTED_EDGE('',*,*,#957,.F.);
#1351=ORIENTED_EDGE('',*,*,#956,.F.);
#1352=ORIENTED_EDGE('',*,*,#958,.T.);
#1353=ORIENTED_EDGE('',*,*,#959,.T.);
#1354=ORIENTED_EDGE('',*,*,#957,.T.);
#1355=ORIENTED_EDGE('',*,*,#959,.F.);
#1356=ORIENTED_EDGE('',*,*,#960,.F.);
#1357=ORIENTED_EDGE('',*,*,#961,.T.);
#1358=ORIENTED_EDGE('',*,*,#958,.F.);
#1359=ORIENTED_EDGE('',*,*,#961,.F.);
#1360=ORIENTED_EDGE('',*,*,#794,.F.);
#1361=ORIENTED_EDGE('',*,*,#782,.T.);
#1362=ORIENTED_EDGE('',*,*,#875,.T.);
#1363=ORIENTED_EDGE('',*,*,#746,.T.);
#1364=ORIENTED_EDGE('',*,*,#960,.T.);
#1365=ORIENTED_EDGE('',*,*,#853,.T.);
#1366=ORIENTED_EDGE('',*,*,#866,.F.);
#1367=ORIENTED_EDGE('',*,*,#883,.F.);
#1368=ORIENTED_EDGE('',*,*,#869,.T.);
#1369=ORIENTED_EDGE('',*,*,#868,.T.);
#1370=ORIENTED_EDGE('',*,*,#881,.T.);
#1371=ORIENTED_EDGE('',*,*,#917,.T.);
#1372=ORIENTED_EDGE('',*,*,#862,.T.);
#1373=ORIENTED_EDGE('',*,*,#934,.F.);
#1374=ORIENTED_EDGE('',*,*,#929,.F.);
#1375=ORIENTED_EDGE('',*,*,#962,.T.);
#1376=ORIENTED_EDGE('',*,*,#963,.F.);
#1377=ORIENTED_EDGE('',*,*,#964,.F.);
#1378=ORIENTED_EDGE('',*,*,#920,.T.);
#1379=ORIENTED_EDGE('',*,*,#918,.T.);
#1380=ORIENTED_EDGE('',*,*,#898,.T.);
#1381=ORIENTED_EDGE('',*,*,#939,.T.);
#1382=ORIENTED_EDGE('',*,*,#935,.T.);
#1383=ORIENTED_EDGE('',*,*,#951,.T.);
#1384=ORIENTED_EDGE('',*,*,#947,.T.);
#1385=ORIENTED_EDGE('',*,*,#955,.T.);
#1386=ORIENTED_EDGE('',*,*,#909,.T.);
#1387=ORIENTED_EDGE('',*,*,#942,.T.);
#1388=ORIENTED_EDGE('',*,*,#905,.T.);
#1389=ORIENTED_EDGE('',*,*,#952,.T.);
#1390=ORIENTED_EDGE('',*,*,#943,.T.);
#1391=ORIENTED_EDGE('',*,*,#965,.T.);
#1392=ORIENTED_EDGE('',*,*,#962,.F.);
#1393=ORIENTED_EDGE('',*,*,#928,.F.);
#1394=ORIENTED_EDGE('',*,*,#966,.T.);
#1395=ORIENTED_EDGE('',*,*,#967,.F.);
#1396=ORIENTED_EDGE('',*,*,#812,.T.);
#1397=ORIENTED_EDGE('',*,*,#968,.T.);
#1398=ORIENTED_EDGE('',*,*,#876,.T.);
#1399=ORIENTED_EDGE('',*,*,#813,.T.);
#1400=ORIENTED_EDGE('',*,*,#967,.T.);
#1401=ORIENTED_EDGE('',*,*,#924,.T.);
#1402=ORIENTED_EDGE('',*,*,#969,.F.);
#1403=ORIENTED_EDGE('',*,*,#809,.T.);
#1404=ORIENTED_EDGE('',*,*,#874,.T.);
#1405=ORIENTED_EDGE('',*,*,#923,.T.);
#1406=ORIENTED_EDGE('',*,*,#921,.T.);
#1407=ORIENTED_EDGE('',*,*,#964,.T.);
#1408=ORIENTED_EDGE('',*,*,#970,.F.);
#1409=ORIENTED_EDGE('',*,*,#810,.T.);
#1410=ORIENTED_EDGE('',*,*,#969,.T.);
#1411=ORIENTED_EDGE('',*,*,#963,.T.);
#1412=ORIENTED_EDGE('',*,*,#965,.F.);
#1413=ORIENTED_EDGE('',*,*,#811,.T.);
#1414=ORIENTED_EDGE('',*,*,#970,.T.);
#1415=ORIENTED_EDGE('',*,*,#915,.T.);
#1416=ORIENTED_EDGE('',*,*,#877,.T.);
#1417=ORIENTED_EDGE('',*,*,#968,.F.);
#1418=ORIENTED_EDGE('',*,*,#966,.F.);
#1419=ORIENTED_EDGE('',*,*,#927,.T.);
#1420=ORIENTED_EDGE('',*,*,#892,.F.);
#1421=ORIENTED_EDGE('',*,*,#840,.T.);
#1422=ORIENTED_EDGE('',*,*,#882,.T.);
#1423=ORIENTED_EDGE('',*,*,#857,.F.);
#1424=ORIENTED_EDGE('',*,*,#841,.F.);
#1425=PLANE('',#1566);
#1426=PLANE('',#1567);
#1427=PLANE('',#1580);
#1428=PLANE('',#1581);
#1429=PLANE('',#1586);
#1430=PLANE('',#1587);
#1431=PLANE('',#1590);
#1432=PLANE('',#1591);
#1433=PLANE('',#1594);
#1434=PLANE('',#1597);
#1435=PLANE('',#1609);
#1436=PLANE('',#1615);
#1437=PLANE('',#1618);
#1438=PLANE('',#1625);
#1439=PLANE('',#1628);
#1440=PLANE('',#1632);
#1441=PLANE('',#1634);
#1442=PLANE('',#1637);
#1443=PLANE('',#1641);
#1444=PLANE('',#1642);
#1445=PLANE('',#1648);
#1446=PLANE('',#1655);
#1447=PLANE('',#1656);
#1448=PLANE('',#1660);
#1449=PLANE('',#1664);
#1450=PLANE('',#1666);
#1451=PLANE('',#1668);
#1452=PLANE('',#1669);
#1453=PLANE('',#1670);
#1454=PLANE('',#1671);
#1455=PLANE('',#1672);
#1456=PLANE('',#1673);
#1457=PLANE('',#1680);
#1458=PLANE('',#1681);
#1459=PLANE('',#1682);
#1460=PLANE('',#1683);
#1461=PLANE('',#1686);
#1462=PLANE('',#1687);
#1463=PLANE('',#1688);
#1464=PLANE('',#1691);
#1465=PLANE('',#1692);
#1466=PLANE('',#1694);
#1467=PLANE('',#1695);
#1468=PLANE('',#1696);
#1469=ADVANCED_FACE('',(#170),#1425,.F.);
#1470=ADVANCED_FACE('',(#171,#54,#55,#56,#57,#58),#1426,.F.);
#1471=ADVANCED_FACE('',(#172),#1427,.F.);
#1472=ADVANCED_FACE('',(#173,#59,#60),#1428,.T.);
#1473=ADVANCED_FACE('',(#174),#1429,.F.);
#1474=ADVANCED_FACE('',(#175),#1430,.F.);
#1475=ADVANCED_FACE('',(#176),#29,.T.);
#1476=ADVANCED_FACE('',(#177),#1431,.F.);
#1477=ADVANCED_FACE('',(#178),#1432,.F.);
#1478=ADVANCED_FACE('',(#179),#30,.T.);
#1479=ADVANCED_FACE('',(#180),#1433,.F.);
#1480=ADVANCED_FACE('',(#181),#1434,.F.);
#1481=ADVANCED_FACE('',(#182),#17,.T.);
#1482=ADVANCED_FACE('',(#183),#31,.F.);
#1483=ADVANCED_FACE('',(#184),#18,.T.);
#1484=ADVANCED_FACE('',(#185),#32,.F.);
#1485=ADVANCED_FACE('',(#186),#19,.T.);
#1486=ADVANCED_FACE('',(#187),#33,.F.);
#1487=ADVANCED_FACE('',(#188),#20,.T.);
#1488=ADVANCED_FACE('',(#189),#1435,.F.);
#1489=ADVANCED_FACE('',(#190),#34,.F.);
#1490=ADVANCED_FACE('',(#191),#35,.F.);
#1491=ADVANCED_FACE('',(#192),#36,.F.);
#1492=ADVANCED_FACE('',(#193,#61),#1436,.F.);
#1493=ADVANCED_FACE('',(#194),#37,.F.);
#1494=ADVANCED_FACE('',(#195,#62),#1437,.F.);
#1495=ADVANCED_FACE('',(#196),#38,.F.);
#1496=ADVANCED_FACE('',(#197),#39,.T.);
#1497=ADVANCED_FACE('',(#198),#40,.T.);
#1498=ADVANCED_FACE('',(#199),#41,.F.);
#1499=ADVANCED_FACE('',(#200),#1438,.F.);
#1500=ADVANCED_FACE('',(#201),#42,.F.);
#1501=ADVANCED_FACE('',(#202),#1439,.F.);
#1502=ADVANCED_FACE('',(#203),#43,.F.);
#1503=ADVANCED_FACE('',(#204),#1440,.F.);
#1504=ADVANCED_FACE('',(#205),#1441,.T.);
#1505=ADVANCED_FACE('',(#206),#44,.F.);
#1506=ADVANCED_FACE('',(#207),#1442,.T.);
#1507=ADVANCED_FACE('',(#208),#45,.T.);
#1508=ADVANCED_FACE('',(#209),#1443,.F.);
#1509=ADVANCED_FACE('',(#210),#1444,.F.);
#1510=ADVANCED_FACE('',(#211),#46,.T.);
#1511=ADVANCED_FACE('',(#212),#1445,.F.);
#1512=ADVANCED_FACE('',(#213),#47,.F.);
#1513=ADVANCED_FACE('',(#214),#1446,.F.);
#1514=ADVANCED_FACE('',(#215,#63),#1447,.F.);
#1515=ADVANCED_FACE('',(#216,#64),#1448,.T.);
#1516=ADVANCED_FACE('',(#217),#48,.F.);
#1517=ADVANCED_FACE('',(#218),#49,.F.);
#1518=ADVANCED_FACE('',(#219),#1449,.T.);
#1519=ADVANCED_FACE('',(#220),#50,.F.);
#1520=ADVANCED_FACE('',(#221),#21,.F.);
#1521=ADVANCED_FACE('',(#222),#1450,.T.);
#1522=ADVANCED_FACE('',(#223),#22,.F.);
#1523=ADVANCED_FACE('',(#224),#1451,.F.);
#1524=ADVANCED_FACE('',(#225),#23,.F.);
#1525=ADVANCED_FACE('',(#226),#1452,.F.);
#1526=ADVANCED_FACE('',(#227),#1453,.F.);
#1527=ADVANCED_FACE('',(#228),#24,.F.);
#1528=ADVANCED_FACE('',(#229),#25,.F.);
#1529=ADVANCED_FACE('',(#230),#1454,.F.);
#1530=ADVANCED_FACE('',(#231),#1455,.F.);
#1531=ADVANCED_FACE('',(#232),#26,.F.);
#1532=ADVANCED_FACE('',(#233),#27,.F.);
#1533=ADVANCED_FACE('',(#234),#1456,.F.);
#1534=ADVANCED_FACE('',(#235),#28,.F.);
#1535=ADVANCED_FACE('',(#236),#15,.F.);
#1536=ADVANCED_FACE('',(#237),#51,.F.);
#1537=ADVANCED_FACE('',(#238),#16,.F.);
#1538=ADVANCED_FACE('',(#239,#65),#1457,.F.);
#1539=ADVANCED_FACE('',(#240),#1458,.T.);
#1540=ADVANCED_FACE('',(#241),#1459,.T.);
#1541=ADVANCED_FACE('',(#242),#1460,.F.);
#1542=ADVANCED_FACE('',(#243),#1461,.F.);
#1543=ADVANCED_FACE('',(#244),#1462,.F.);
#1544=ADVANCED_FACE('',(#245),#1463,.F.);
#1545=ADVANCED_FACE('',(#246),#52,.F.);
#1546=ADVANCED_FACE('',(#247),#1464,.T.);
#1547=ADVANCED_FACE('',(#248),#1465,.T.);
#1548=ADVANCED_FACE('',(#249),#53,.F.);
#1549=ADVANCED_FACE('',(#250),#1466,.T.);
#1550=ADVANCED_FACE('',(#251),#1467,.T.);
#1551=ADVANCED_FACE('',(#252),#1468,.T.);
#1552=CLOSED_SHELL('',(#1469,#1470,#1471,#1472,#1473,#1474,#1475,#1476,
#1477,#1478,#1479,#1480,#1481,#1482,#1483,#1484,#1485,#1486,#1487,#1488,
#1489,#1490,#1491,#1492,#1493,#1494,#1495,#1496,#1497,#1498,#1499,#1500,
#1501,#1502,#1503,#1504,#1505,#1506,#1507,#1508,#1509,#1510,#1511,#1512,
#1513,#1514,#1515,#1516,#1517,#1518,#1519,#1520,#1521,#1522,#1523,#1524,
#1525,#1526,#1527,#1528,#1529,#1530,#1531,#1532,#1533,#1534,#1535,#1536,
#1537,#1538,#1539,#1540,#1541,#1542,#1543,#1544,#1545,#1546,#1547,#1548,
#1549,#1550,#1551));
#1553=DERIVED_UNIT_ELEMENT(#1555,1.);
#1554=DERIVED_UNIT_ELEMENT(#3259,-3.);
#1555=(
MASS_UNIT()
NAMED_UNIT(*)
SI_UNIT(.KILO.,.GRAM.)
);
#1556=DERIVED_UNIT((#1553,#1554));
#1557=MEASURE_REPRESENTATION_ITEM('density measure',
POSITIVE_RATIO_MEASURE(7850.),#1556);
#1558=PROPERTY_DEFINITION_REPRESENTATION(#1563,#1560);
#1559=PROPERTY_DEFINITION_REPRESENTATION(#1564,#1561);
#1560=REPRESENTATION('material name',(#1562),#3256);
#1561=REPRESENTATION('density',(#1557),#3256);
#1562=DESCRIPTIVE_REPRESENTATION_ITEM('Steel','Steel');
#1563=PROPERTY_DEFINITION('material property','material name',#3266);
#1564=PROPERTY_DEFINITION('material property','density of part',#3266);
#1565=AXIS2_PLACEMENT_3D('',#2084,#1697,#1698);
#1566=AXIS2_PLACEMENT_3D('',#2085,#1699,#1700);
#1567=AXIS2_PLACEMENT_3D('',#2096,#1706,#1707);
#1568=AXIS2_PLACEMENT_3D('',#2099,#1708,#1709);
#1569=AXIS2_PLACEMENT_3D('',#2103,#1711,#1712);
#1570=AXIS2_PLACEMENT_3D('',#2133,#1714,#1715);
#1571=AXIS2_PLACEMENT_3D('',#2189,#1717,#1718);
#1572=AXIS2_PLACEMENT_3D('',#2245,#1720,#1721);
#1573=AXIS2_PLACEMENT_3D('',#2301,#1723,#1724);
#1574=AXIS2_PLACEMENT_3D('',#2331,#1726,#1727);
#1575=AXIS2_PLACEMENT_3D('',#2335,#1729,#1730);
#1576=AXIS2_PLACEMENT_3D('',#2343,#1735,#1736);
#1577=AXIS2_PLACEMENT_3D('',#2345,#1737,#1738);
#1578=AXIS2_PLACEMENT_3D('',#2347,#1739,#1740);
#1579=AXIS2_PLACEMENT_3D('',#2349,#1741,#1742);
#1580=AXIS2_PLACEMENT_3D('',#2350,#1743,#1744);
#1581=AXIS2_PLACEMENT_3D('',#2358,#1749,#1750);
#1582=AXIS2_PLACEMENT_3D('',#2364,#1753,#1754);
#1583=AXIS2_PLACEMENT_3D('',#2368,#1756,#1757);
#1584=AXIS2_PLACEMENT_3D('',#2374,#1761,#1762);
#1585=AXIS2_PLACEMENT_3D('',#2376,#1763,#1764);
#1586=AXIS2_PLACEMENT_3D('',#2377,#1765,#1766);
#1587=AXIS2_PLACEMENT_3D('',#2378,#1767,#1768);
#1588=AXIS2_PLACEMENT_3D('',#2380,#1770,#1771);
#1589=AXIS2_PLACEMENT_3D('',#2384,#1773,#1774);
#1590=AXIS2_PLACEMENT_3D('',#2386,#1776,#1777);
#1591=AXIS2_PLACEMENT_3D('',#2391,#1781,#1782);
#1592=AXIS2_PLACEMENT_3D('',#2395,#1784,#1785);
#1593=AXIS2_PLACEMENT_3D('',#2399,#1788,#1789);
#1594=AXIS2_PLACEMENT_3D('',#2402,#1792,#1793);
#1595=AXIS2_PLACEMENT_3D('',#2409,#1797,#1798);
#1596=AXIS2_PLACEMENT_3D('',#2413,#1800,#1801);
#1597=AXIS2_PLACEMENT_3D('',#2417,#1804,#1805);
#1598=AXIS2_PLACEMENT_3D('',#2446,#1806,#1807);
#1599=AXIS2_PLACEMENT_3D('',#2447,#1808,#1809);
#1600=AXIS2_PLACEMENT_3D('',#2448,#1810,#1811);
#1601=AXIS2_PLACEMENT_3D('',#2477,#1812,#1813);
#1602=AXIS2_PLACEMENT_3D('',#2478,#1814,#1815);
#1603=AXIS2_PLACEMENT_3D('',#2479,#1816,#1817);
#1604=AXIS2_PLACEMENT_3D('',#2508,#1818,#1819);
#1605=AXIS2_PLACEMENT_3D('',#2509,#1820,#1821);
#1606=AXIS2_PLACEMENT_3D('',#2510,#1822,#1823);
#1607=AXIS2_PLACEMENT_3D('',#2539,#1824,#1825);
#1608=AXIS2_PLACEMENT_3D('',#2540,#1826,#1827);
#1609=AXIS2_PLACEMENT_3D('',#2541,#1828,#1829);
#1610=AXIS2_PLACEMENT_3D('',#2544,#1832,#1833);
#1611=AXIS2_PLACEMENT_3D('',#2545,#1834,#1835);
#1612=AXIS2_PLACEMENT_3D('',#2547,#1836,#1837);
#1613=AXIS2_PLACEMENT_3D('',#2549,#1839,#1840);
#1614=AXIS2_PLACEMENT_3D('',#2551,#1841,#1842);
#1615=AXIS2_PLACEMENT_3D('',#2553,#1844,#1845);
#1616=AXIS2_PLACEMENT_3D('',#2555,#1846,#1847);
#1617=AXIS2_PLACEMENT_3D('',#2556,#1848,#1849);
#1618=AXIS2_PLACEMENT_3D('',#2558,#1851,#1852);
#1619=AXIS2_PLACEMENT_3D('',#2560,#1853,#1854);
#1620=AXIS2_PLACEMENT_3D('',#2561,#1855,#1856);
#1621=AXIS2_PLACEMENT_3D('',#2563,#1858,#1859);
#1622=AXIS2_PLACEMENT_3D('',#2564,#1860,#1861);
#1623=AXIS2_PLACEMENT_3D('',#2565,#1862,#1863);
#1624=AXIS2_PLACEMENT_3D('',#2568,#1865,#1866);
#1625=AXIS2_PLACEMENT_3D('',#2569,#1867,#1868);
#1626=AXIS2_PLACEMENT_3D('',#2570,#1869,#1870);
#1627=AXIS2_PLACEMENT_3D('',#2573,#1872,#1873);
#1628=AXIS2_PLACEMENT_3D('',#2574,#1874,#1875);
#1629=AXIS2_PLACEMENT_3D('',#2575,#1876,#1877);
#1630=AXIS2_PLACEMENT_3D('',#2578,#1878,#1879);
#1631=AXIS2_PLACEMENT_3D('',#2582,#1881,#1882);
#1632=AXIS2_PLACEMENT_3D('',#2584,#1884,#1885);
#1633=AXIS2_PLACEMENT_3D('',#2592,#1889,#1890);
#1634=AXIS2_PLACEMENT_3D('',#2594,#1892,#1893);
#1635=AXIS2_PLACEMENT_3D('',#2598,#1896,#1897);
#1636=AXIS2_PLACEMENT_3D('',#2601,#1899,#1900);
#1637=AXIS2_PLACEMENT_3D('',#2602,#1901,#1902);
#1638=AXIS2_PLACEMENT_3D('',#2606,#1905,#1906);
#1639=AXIS2_PLACEMENT_3D('',#2609,#1907,#1908);
#1640=AXIS2_PLACEMENT_3D('',#2613,#1910,#1911);
#1641=AXIS2_PLACEMENT_3D('',#2615,#1913,#1914);
#1642=AXIS2_PLACEMENT_3D('',#2624,#1920,#1921);
#1643=AXIS2_PLACEMENT_3D('',#2626,#1922,#1923);
#1644=AXIS2_PLACEMENT_3D('',#2630,#1925,#1926);
#1645=AXIS2_PLACEMENT_3D('',#2634,#1928,#1929);
#1646=AXIS2_PLACEMENT_3D('',#2636,#1931,#1932);
#1647=AXIS2_PLACEMENT_3D('',#2638,#1933,#1934);
#1648=AXIS2_PLACEMENT_3D('',#2640,#1936,#1937);
#1649=AXIS2_PLACEMENT_3D('',#2644,#1939,#1940);
#1650=AXIS2_PLACEMENT_3D('',#2648,#1942,#1943);
#1651=AXIS2_PLACEMENT_3D('',#2658,#1949,#1950);
#1652=AXIS2_PLACEMENT_3D('',#2662,#1952,#1953);
#1653=AXIS2_PLACEMENT_3D('',#2665,#1956,#1957);
#1654=AXIS2_PLACEMENT_3D('',#2670,#1960,#1961);
#1655=AXIS2_PLACEMENT_3D('',#2672,#1963,#1964);
#1656=AXIS2_PLACEMENT_3D('',#2676,#1967,#1968);
#1657=AXIS2_PLACEMENT_3D('',#2678,#1969,#1970);
#1658=AXIS2_PLACEMENT_3D('',#2682,#1972,#1973);
#1659=AXIS2_PLACEMENT_3D('',#2738,#1979,#1980);
#1660=AXIS2_PLACEMENT_3D('',#2792,#1986,#1987);
#1661=AXIS2_PLACEMENT_3D('',#2795,#1989,#1990);
#1662=AXIS2_PLACEMENT_3D('',#2796,#1991,#1992);
#1663=AXIS2_PLACEMENT_3D('',#2798,#1994,#1995);
#1664=AXIS2_PLACEMENT_3D('',#2801,#1998,#1999);
#1665=AXIS2_PLACEMENT_3D('',#2803,#2001,#2002);
#1666=AXIS2_PLACEMENT_3D('',#2860,#2004,#2005);
#1667=AXIS2_PLACEMENT_3D('',#2862,#2006,#2007);
#1668=AXIS2_PLACEMENT_3D('',#2938,#2009,#2010);
#1669=AXIS2_PLACEMENT_3D('',#2984,#2012,#2013);
#1670=AXIS2_PLACEMENT_3D('',#3000,#2017,#2018);
#1671=AXIS2_PLACEMENT_3D('',#3077,#2019,#2020);
#1672=AXIS2_PLACEMENT_3D('',#3118,#2025,#2026);
#1673=AXIS2_PLACEMENT_3D('',#3183,#2027,#2028);
#1674=AXIS2_PLACEMENT_3D('',#3216,#2029,#2030);
#1675=AXIS2_PLACEMENT_3D('',#3219,#2032,#2033);
#1676=AXIS2_PLACEMENT_3D('',#3220,#2034,#2035);
#1677=AXIS2_PLACEMENT_3D('',#3222,#2036,#2037);
#1678=AXIS2_PLACEMENT_3D('',#3224,#2039,#2040);
#1679=AXIS2_PLACEMENT_3D('',#3226,#2041,#2042);
#1680=AXIS2_PLACEMENT_3D('',#3228,#2044,#2045);
#1681=AXIS2_PLACEMENT_3D('',#3229,#2046,#2047);
#1682=AXIS2_PLACEMENT_3D('',#3230,#2048,#2049);
#1683=AXIS2_PLACEMENT_3D('',#3231,#2050,#2051);
#1684=AXIS2_PLACEMENT_3D('',#3233,#2052,#2053);
#1685=AXIS2_PLACEMENT_3D('',#3236,#2055,#2056);
#1686=AXIS2_PLACEMENT_3D('',#3237,#2057,#2058);
#1687=AXIS2_PLACEMENT_3D('',#3238,#2059,#2060);
#1688=AXIS2_PLACEMENT_3D('',#3239,#2061,#2062);
#1689=AXIS2_PLACEMENT_3D('',#3240,#2063,#2064);
#1690=AXIS2_PLACEMENT_3D('',#3243,#2066,#2067);
#1691=AXIS2_PLACEMENT_3D('',#3245,#2069,#2070);
#1692=AXIS2_PLACEMENT_3D('',#3247,#2072,#2073);
#1693=AXIS2_PLACEMENT_3D('',#3249,#2075,#2076);
#1694=AXIS2_PLACEMENT_3D('',#3251,#2078,#2079);
#1695=AXIS2_PLACEMENT_3D('',#3252,#2080,#2081);
#1696=AXIS2_PLACEMENT_3D('',#3253,#2082,#2083);
#1697=DIRECTION('axis',(0.,0.,1.));
#1698=DIRECTION('refdir',(1.,0.,0.));
#1699=DIRECTION('center_axis',(-1.,0.,0.));
#1700=DIRECTION('ref_axis',(0.,0.,1.));
#1701=DIRECTION('',(0.,0.,1.));
#1702=DIRECTION('',(0.,-1.,0.));
#1703=DIRECTION('',(0.,0.,-1.));
#1704=DIRECTION('',(0.,0.,-1.));
#1705=DIRECTION('',(0.,1.,0.));
#1706=DIRECTION('center_axis',(0.,1.,0.));
#1707=DIRECTION('ref_axis',(0.,0.,1.));
#1708=DIRECTION('center_axis',(0.,1.,0.));
#1709=DIRECTION('ref_axis',(0.707106781186548,0.,-0.707106781186548));
#1710=DIRECTION('',(0.,0.,-1.));
#1711=DIRECTION('center_axis',(0.,-1.,0.));
#1712=DIRECTION('ref_axis',(0.707106781186548,0.,0.707106781186548));
#1713=DIRECTION('',(1.,0.,0.));
#1714=DIRECTION('center_axis',(0.,-1.,0.));
#1715=DIRECTION('ref_axis',(0.,0.,1.));
#1716=DIRECTION('',(1.,0.,0.));
#1717=DIRECTION('center_axis',(0.,-1.,0.));
#1718=DIRECTION('ref_axis',(0.,0.,1.));
#1719=DIRECTION('',(1.,0.,0.));
#1720=DIRECTION('center_axis',(0.,-1.,0.));
#1721=DIRECTION('ref_axis',(0.,0.,1.));
#1722=DIRECTION('',(1.,0.,0.));
#1723=DIRECTION('center_axis',(0.,-1.,0.));
#1724=DIRECTION('ref_axis',(0.,0.,1.));
#1725=DIRECTION('',(1.,0.,0.));
#1726=DIRECTION('center_axis',(0.,-1.,0.));
#1727=DIRECTION('ref_axis',(-0.707106781186548,0.,0.707106781186548));
#1728=DIRECTION('',(0.,0.,-1.));
#1729=DIRECTION('center_axis',(0.,1.,0.));
#1730=DIRECTION('ref_axis',(-0.707106781186548,0.,-0.707106781186548));
#1731=DIRECTION('',(-1.,0.,0.));
#1732=DIRECTION('',(-1.,0.,0.));
#1733=DIRECTION('',(1.,0.,0.));
#1734=DIRECTION('',(0.,0.,-1.));
#1735=DIRECTION('center_axis',(0.,-1.,0.));
#1736=DIRECTION('ref_axis',(-1.,0.,0.));
#1737=DIRECTION('center_axis',(0.,-1.,0.));
#1738=DIRECTION('ref_axis',(-1.,0.,0.));
#1739=DIRECTION('center_axis',(0.,-1.,0.));
#1740=DIRECTION('ref_axis',(-1.,0.,0.));
#1741=DIRECTION('center_axis',(0.,1.,0.));
#1742=DIRECTION('ref_axis',(1.,0.,0.));
#1743=DIRECTION('center_axis',(1.,0.,0.));
#1744=DIRECTION('ref_axis',(0.,0.,-1.));
#1745=DIRECTION('',(0.,-1.,0.));
#1746=DIRECTION('',(0.,0.,1.));
#1747=DIRECTION('',(0.,0.,1.));
#1748=DIRECTION('',(0.,1.,0.));
#1749=DIRECTION('center_axis',(0.,1.,0.));
#1750=DIRECTION('ref_axis',(-1.,0.,0.));
#1751=DIRECTION('',(1.,0.,0.));
#1752=DIRECTION('',(0.,0.,-1.));
#1753=DIRECTION('center_axis',(0.,1.,0.));
#1754=DIRECTION('ref_axis',(-0.707106781186548,0.,0.707106781186548));
#1755=DIRECTION('',(-1.,0.,0.));
#1756=DIRECTION('center_axis',(0.,1.,0.));
#1757=DIRECTION('ref_axis',(0.707106781186548,0.,0.707106781186548));
#1758=DIRECTION('',(0.,0.,1.));
#1759=DIRECTION('',(1.,0.,0.));
#1760=DIRECTION('',(-1.,0.,0.));
#1761=DIRECTION('center_axis',(0.,1.,0.));
#1762=DIRECTION('ref_axis',(-1.,0.,0.));
#1763=DIRECTION('center_axis',(0.,1.,0.));
#1764=DIRECTION('ref_axis',(-1.,0.,0.));
#1765=DIRECTION('center_axis',(0.,0.,1.));
#1766=DIRECTION('ref_axis',(1.,0.,0.));
#1767=DIRECTION('center_axis',(0.,0.,-1.));
#1768=DIRECTION('ref_axis',(-1.,0.,0.));
#1769=DIRECTION('',(-1.,0.,0.));
#1770=DIRECTION('center_axis',(0.,-1.,0.));
#1771=DIRECTION('ref_axis',(0.707106781186548,0.,-0.707106781186548));
#1772=DIRECTION('',(0.,1.,0.));
#1773=DIRECTION('center_axis',(0.,-1.,0.));
#1774=DIRECTION('ref_axis',(0.707106781186548,0.,-0.707106781186548));
#1775=DIRECTION('',(0.,-1.,0.));
#1776=DIRECTION('center_axis',(-1.,0.,0.));
#1777=DIRECTION('ref_axis',(0.,-1.,0.));
#1778=DIRECTION('',(0.,0.,-1.));
#1779=DIRECTION('',(0.,1.,0.));
#1780=DIRECTION('',(0.,-1.,0.));
#1781=DIRECTION('center_axis',(0.,-1.,0.));
#1782=DIRECTION('ref_axis',(1.,0.,0.));
#1783=DIRECTION('',(1.,0.,0.));
#1784=DIRECTION('center_axis',(0.,-1.,0.));
#1785=DIRECTION('ref_axis',(-0.707106781186548,0.,-0.707106781186548));
#1786=DIRECTION('',(0.,0.,-1.));
#1787=DIRECTION('',(-1.,0.,0.));
#1788=DIRECTION('center_axis',(0.,-1.,0.));
#1789=DIRECTION('ref_axis',(-0.707106781186548,0.,-0.707106781186548));
#1790=DIRECTION('',(0.,1.,0.));
#1791=DIRECTION('',(0.,-1.,0.));
#1792=DIRECTION('center_axis',(1.,0.,0.));
#1793=DIRECTION('ref_axis',(0.,1.,0.));
#1794=DIRECTION('',(0.,1.,0.));
#1795=DIRECTION('',(0.,1.,0.));
#1796=DIRECTION('',(0.,-3.12738880176101E-15,1.));
#1797=DIRECTION('center_axis',(-1.,0.,0.));
#1798=DIRECTION('ref_axis',(0.,-1.,0.));
#1799=DIRECTION('',(0.,-1.,0.));
#1800=DIRECTION('center_axis',(-1.,0.,0.));
#1801=DIRECTION('ref_axis',(0.,0.,-1.));
#1802=DIRECTION('',(0.,0.,-1.));
#1803=DIRECTION('',(0.,1.,0.));
#1804=DIRECTION('center_axis',(0.,0.,1.));
#1805=DIRECTION('ref_axis',(-1.,0.,0.));
#1806=DIRECTION('center_axis',(6.99527583160974E-17,-0.0492248775446741,
0.998787720905054));
#1807=DIRECTION('ref_axis',(0.,0.998787720905054,0.0492248775446741));
#1808=DIRECTION('center_axis',(0.,0.,-1.));
#1809=DIRECTION('ref_axis',(0.,1.,0.));
#1810=DIRECTION('center_axis',(0.,-0.984807753012208,-0.17364817766693));
#1811=DIRECTION('ref_axis',(1.,0.,0.));
#1812=DIRECTION('center_axis',(0.,-0.0492248775446741,0.998787720905054));
#1813=DIRECTION('ref_axis',(0.,0.998787720905054,0.0492248775446741));
#1814=DIRECTION('center_axis',(0.,0.,-1.));
#1815=DIRECTION('ref_axis',(0.,1.,0.));
#1816=DIRECTION('center_axis',(0.,-0.984807753012208,-0.17364817766693));
#1817=DIRECTION('ref_axis',(1.,0.,0.));
#1818=DIRECTION('center_axis',(0.,-0.0492248775446742,0.998787720905054));
#1819=DIRECTION('ref_axis',(0.,0.998787720905054,0.0492248775446742));
#1820=DIRECTION('center_axis',(0.,0.,-1.));
#1821=DIRECTION('ref_axis',(0.,1.,0.));
#1822=DIRECTION('center_axis',(0.,-0.984807753012208,-0.17364817766693));
#1823=DIRECTION('ref_axis',(1.,0.,0.));
#1824=DIRECTION('center_axis',(0.,-0.0492248775446742,0.998787720905054));
#1825=DIRECTION('ref_axis',(0.,0.998787720905054,0.0492248775446742));
#1826=DIRECTION('center_axis',(0.,0.,-1.));
#1827=DIRECTION('ref_axis',(0.,1.,0.));
#1828=DIRECTION('center_axis',(0.,0.,-1.));
#1829=DIRECTION('ref_axis',(1.,0.,0.));
#1830=DIRECTION('',(0.,1.,0.));
#1831=DIRECTION('',(0.,-1.,0.));
#1832=DIRECTION('center_axis',(0.,-0.984807753012208,-0.17364817766693));
#1833=DIRECTION('ref_axis',(1.,0.,0.));
#1834=DIRECTION('center_axis',(0.,-1.,0.));
#1835=DIRECTION('ref_axis',(-1.,0.,0.));
#1836=DIRECTION('center_axis',(0.,-1.,0.));
#1837=DIRECTION('ref_axis',(-1.,0.,0.));
#1838=DIRECTION('',(0.,1.,0.));
#1839=DIRECTION('center_axis',(0.,-1.,0.));
#1840=DIRECTION('ref_axis',(-1.,0.,0.));
#1841=DIRECTION('center_axis',(0.,-1.,0.));
#1842=DIRECTION('ref_axis',(-1.,0.,0.));
#1843=DIRECTION('',(0.,1.,0.));
#1844=DIRECTION('center_axis',(0.,1.,0.));
#1845=DIRECTION('ref_axis',(-1.,0.,0.));
#1846=DIRECTION('center_axis',(0.,-1.,0.));
#1847=DIRECTION('ref_axis',(-1.,0.,0.));
#1848=DIRECTION('center_axis',(0.,-1.,0.));
#1849=DIRECTION('ref_axis',(-1.,0.,0.));
#1850=DIRECTION('',(0.,1.,0.));
#1851=DIRECTION('center_axis',(0.,1.,0.));
#1852=DIRECTION('ref_axis',(-1.,0.,0.));
#1853=DIRECTION('center_axis',(0.,-1.,0.));
#1854=DIRECTION('ref_axis',(-1.,0.,0.));
#1855=DIRECTION('center_axis',(0.,-1.,0.));
#1856=DIRECTION('ref_axis',(-1.,0.,0.));
#1857=DIRECTION('',(0.,1.,0.));
#1858=DIRECTION('center_axis',(0.,1.,0.));
#1859=DIRECTION('ref_axis',(-0.707106781186548,0.,0.707106781186548));
#1860=DIRECTION('center_axis',(0.,1.,0.));
#1861=DIRECTION('ref_axis',(0.707106781186548,0.,0.707106781186548));
#1862=DIRECTION('center_axis',(0.,-1.,0.));
#1863=DIRECTION('ref_axis',(-1.,0.,0.));
#1864=DIRECTION('',(0.,1.,0.));
#1865=DIRECTION('center_axis',(0.,-1.,0.));
#1866=DIRECTION('ref_axis',(-1.,0.,0.));
#1867=DIRECTION('center_axis',(0.,1.,0.));
#1868=DIRECTION('ref_axis',(-1.,0.,0.));
#1869=DIRECTION('center_axis',(0.,-1.,0.));
#1870=DIRECTION('ref_axis',(-1.,0.,0.));
#1871=DIRECTION('',(0.,1.,0.));
#1872=DIRECTION('center_axis',(0.,-1.,0.));
#1873=DIRECTION('ref_axis',(-1.,0.,0.));
#1874=DIRECTION('center_axis',(0.,1.,0.));
#1875=DIRECTION('ref_axis',(-1.,0.,0.));
#1876=DIRECTION('center_axis',(0.,0.,1.));
#1877=DIRECTION('ref_axis',(0.707106781186546,0.707106781186549,0.));
#1878=DIRECTION('center_axis',(0.,0.,-1.));
#1879=DIRECTION('ref_axis',(0.707106781186546,0.707106781186549,0.));
#1880=DIRECTION('',(0.,0.,-1.));
#1881=DIRECTION('center_axis',(0.,0.,-1.));
#1882=DIRECTION('ref_axis',(0.707106781186546,0.707106781186549,0.));
#1883=DIRECTION('',(0.,0.,1.));
#1884=DIRECTION('center_axis',(0.,0.,-1.));
#1885=DIRECTION('ref_axis',(1.,0.,0.));
#1886=DIRECTION('',(1.,0.,0.));
#1887=DIRECTION('',(0.,1.,0.));
#1888=DIRECTION('',(-1.,0.,0.));
#1889=DIRECTION('center_axis',(0.,0.,-1.));
#1890=DIRECTION('ref_axis',(0.707106781186546,-0.707106781186549,0.));
#1891=DIRECTION('',(0.,-1.,0.));
#1892=DIRECTION('center_axis',(-1.,0.,0.));
#1893=DIRECTION('ref_axis',(0.,0.,-1.));
#1894=DIRECTION('',(0.,0.,1.));
#1895=DIRECTION('',(0.,1.,0.));
#1896=DIRECTION('center_axis',(0.,0.,-1.));
#1897=DIRECTION('ref_axis',(0.707106781186546,-0.707106781186549,0.));
#1898=DIRECTION('',(0.,0.,-1.));
#1899=DIRECTION('center_axis',(0.,0.,-1.));
#1900=DIRECTION('ref_axis',(0.707106781186546,-0.707106781186549,0.));
#1901=DIRECTION('center_axis',(0.,1.,0.));
#1902=DIRECTION('ref_axis',(-1.,0.,0.));
#1903=DIRECTION('',(0.,0.,-1.));
#1904=DIRECTION('',(1.,0.,0.));
#1905=DIRECTION('center_axis',(0.,0.,-1.));
#1906=DIRECTION('ref_axis',(0.707106781186548,-0.707106781186548,0.));
#1907=DIRECTION('center_axis',(0.,0.,1.));
#1908=DIRECTION('ref_axis',(0.707106781186548,-0.707106781186548,0.));
#1909=DIRECTION('',(0.,0.,1.));
#1910=DIRECTION('center_axis',(0.,0.,1.));
#1911=DIRECTION('ref_axis',(0.707106781186548,-0.707106781186548,0.));
#1912=DIRECTION('',(0.,0.,-1.));
#1913=DIRECTION('center_axis',(-1.,0.,0.));
#1914=DIRECTION('ref_axis',(0.,-1.,0.));
#1915=DIRECTION('',(0.,1.,0.));
#1916=DIRECTION('',(0.,0.,1.));
#1917=DIRECTION('',(0.,1.,0.));
#1918=DIRECTION('',(0.,0.,1.));
#1919=DIRECTION('',(0.,-1.,0.));
#1920=DIRECTION('center_axis',(0.,0.,-1.));
#1921=DIRECTION('ref_axis',(1.,0.,0.));
#1922=DIRECTION('center_axis',(0.,0.,1.));
#1923=DIRECTION('ref_axis',(0.707106781186548,0.707106781186548,0.));
#1924=DIRECTION('',(1.,0.,0.));
#1925=DIRECTION('center_axis',(0.,0.,-1.));
#1926=DIRECTION('ref_axis',(0.707106781186548,0.707106781186548,0.));
#1927=DIRECTION('',(0.,1.,0.));
#1928=DIRECTION('center_axis',(0.,0.,-1.));
#1929=DIRECTION('ref_axis',(0.707106781186548,-0.707106781186548,0.));
#1930=DIRECTION('',(-1.,0.,0.));
#1931=DIRECTION('center_axis',(0.,0.,1.));
#1932=DIRECTION('ref_axis',(0.707106781186548,0.707106781186548,0.));
#1933=DIRECTION('center_axis',(0.,0.,1.));
#1934=DIRECTION('ref_axis',(0.707106781186548,0.707106781186548,0.));
#1935=DIRECTION('',(0.,0.,-1.));
#1936=DIRECTION('center_axis',(0.,0.,-1.));
#1937=DIRECTION('ref_axis',(1.,0.,0.));
#1938=DIRECTION('',(1.,0.,0.));
#1939=DIRECTION('center_axis',(0.,0.,-1.));
#1940=DIRECTION('ref_axis',(0.707106781186548,-0.707106781186548,0.));
#1941=DIRECTION('',(1.,0.,0.));
#1942=DIRECTION('center_axis',(0.,0.,-1.));
#1943=DIRECTION('ref_axis',(-0.707106781186549,-0.707106781186546,0.));
#1944=DIRECTION('',(0.,-1.,0.));
#1945=DIRECTION('',(1.,0.,0.));
#1946=DIRECTION('',(1.,0.,0.));
#1947=DIRECTION('',(-1.,0.,0.));
#1948=DIRECTION('',(0.,-1.,0.));
#1949=DIRECTION('center_axis',(0.,0.,-1.));
#1950=DIRECTION('ref_axis',(-0.707106781186548,0.707106781186548,0.));
#1951=DIRECTION('',(-1.,0.,0.));
#1952=DIRECTION('center_axis',(0.,0.,-1.));
#1953=DIRECTION('ref_axis',(0.707106781186548,0.707106781186548,0.));
#1954=DIRECTION('',(1.,0.,0.));
#1955=DIRECTION('',(-1.,0.,0.));
#1956=DIRECTION('center_axis',(0.,0.,-1.));
#1957=DIRECTION('ref_axis',(0.707106781186548,-0.707106781186548,0.));
#1958=DIRECTION('',(0.,0.,-1.));
#1959=DIRECTION('',(0.,0.,1.));
#1960=DIRECTION('center_axis',(0.,0.,-1.));
#1961=DIRECTION('ref_axis',(0.707106781186548,-0.707106781186548,0.));
#1962=DIRECTION('',(0.,0.,-1.));
#1963=DIRECTION('center_axis',(1.,0.,0.));
#1964=DIRECTION('ref_axis',(0.,1.,0.));
#1965=DIRECTION('',(0.,0.,-1.));
#1966=DIRECTION('',(0.,-1.,0.));
#1967=DIRECTION('center_axis',(0.,0.,-1.));
#1968=DIRECTION('ref_axis',(1.,0.,0.));
#1969=DIRECTION('center_axis',(0.,0.,-1.));
#1970=DIRECTION('ref_axis',(0.707106781186548,0.707106781186548,0.));
#1971=DIRECTION('',(1.,0.,0.));
#1972=DIRECTION('center_axis',(0.,0.,-1.));
#1973=DIRECTION('ref_axis',(-0.707106781186548,0.707106781186548,0.));
#1974=DIRECTION('',(0.,1.,0.));
#1975=DIRECTION('',(-1.,-2.43336553342501E-15,0.));
#1976=DIRECTION('',(-5.51663614720576E-15,1.,0.));
#1977=DIRECTION('',(1.,2.433365533425E-15,0.));
#1978=DIRECTION('',(0.,1.,0.));
#1979=DIRECTION('center_axis',(0.,0.,-1.));
#1980=DIRECTION('ref_axis',(-0.707106781186549,-0.707106781186546,0.));
#1981=DIRECTION('',(-1.,0.,0.));
#1982=DIRECTION('',(0.,1.,0.));
#1983=DIRECTION('',(1.,0.,0.));
#1984=DIRECTION('',(0.,-1.,0.));
#1985=DIRECTION('',(-1.,0.,0.));
#1986=DIRECTION('center_axis',(0.,1.,0.));
#1987=DIRECTION('ref_axis',(-1.,0.,0.));
#1988=DIRECTION('',(0.,0.,1.));
#1989=DIRECTION('center_axis',(0.,-1.,0.));
#1990=DIRECTION('ref_axis',(-1.,0.,0.));
#1991=DIRECTION('center_axis',(0.,0.,-1.));
#1992=DIRECTION('ref_axis',(-0.707106781186549,-0.707106781186546,0.));
#1993=DIRECTION('',(0.,0.,-1.));
#1994=DIRECTION('center_axis',(0.,0.,-1.));
#1995=DIRECTION('ref_axis',(-0.707106781186548,0.707106781186548,0.));
#1996=DIRECTION('',(0.,0.,-1.));
#1997=DIRECTION('',(0.,0.,1.));
#1998=DIRECTION('center_axis',(0.,-1.,0.));
#1999=DIRECTION('ref_axis',(1.,0.,0.));
#2000=DIRECTION('',(0.,0.,1.));
#2001=DIRECTION('center_axis',(0.,0.,1.));
#2002=DIRECTION('ref_axis',(0.707106781186548,0.707106781186548,0.));
#2003=DIRECTION('',(0.,0.,1.));
#2004=DIRECTION('center_axis',(1.,0.,0.));
#2005=DIRECTION('ref_axis',(0.,1.,0.));
#2006=DIRECTION('center_axis',(1.,0.,0.));
#2007=DIRECTION('ref_axis',(0.,-1.,0.));
#2008=DIRECTION('',(0.,3.12738880176101E-15,-1.));
#2009=DIRECTION('center_axis',(2.43336553342501E-15,-1.,0.));
#2010=DIRECTION('ref_axis',(1.,2.43336553342501E-15,0.));
#2011=DIRECTION('',(1.,2.43336553342501E-15,0.));
#2012=DIRECTION('center_axis',(0.,0.,-1.));
#2013=DIRECTION('ref_axis',(1.,0.,0.));
#2014=DIRECTION('',(0.,-1.,0.));
#2015=DIRECTION('',(-1.,-2.433365533425E-15,0.));
#2016=DIRECTION('',(5.51663614720576E-15,-1.,0.));
#2017=DIRECTION('center_axis',(-1.,-5.51663614720576E-15,0.));
#2018=DIRECTION('ref_axis',(5.51663614720576E-15,-1.,0.));
#2019=DIRECTION('center_axis',(0.,0.,-1.));
#2020=DIRECTION('ref_axis',(1.,0.,0.));
#2021=DIRECTION('',(-1.,0.,0.));
#2022=DIRECTION('',(0.,-1.,0.));
#2023=DIRECTION('',(1.,0.,0.));
#2024=DIRECTION('',(0.,1.,0.));
#2025=DIRECTION('center_axis',(1.,0.,0.));
#2026=DIRECTION('ref_axis',(0.,1.,0.));
#2027=DIRECTION('center_axis',(-1.,0.,0.));
#2028=DIRECTION('ref_axis',(0.,-1.,0.));
#2029=DIRECTION('center_axis',(0.,1.,0.));
#2030=DIRECTION('ref_axis',(-1.,0.,0.));
#2031=DIRECTION('',(-0.707106781186546,-0.707106781186549,-8.65956056235491E-17));
#2032=DIRECTION('center_axis',(0.,1.,0.));
#2033=DIRECTION('ref_axis',(-1.,0.,0.));
#2034=DIRECTION('center_axis',(0.,-1.,0.));
#2035=DIRECTION('ref_axis',(-1.,0.,0.));
#2036=DIRECTION('center_axis',(0.,-1.,0.));
#2037=DIRECTION('ref_axis',(-1.,0.,0.));
#2038=DIRECTION('',(0.,1.,0.));
#2039=DIRECTION('center_axis',(0.,-1.,0.));
#2040=DIRECTION('ref_axis',(-1.,0.,0.));
#2041=DIRECTION('center_axis',(0.,1.,0.));
#2042=DIRECTION('ref_axis',(-1.,0.,0.));
#2043=DIRECTION('',(-0.707106781186546,0.707106781186549,8.65956056235491E-17));
#2044=DIRECTION('center_axis',(0.,1.,0.));
#2045=DIRECTION('ref_axis',(-1.,0.,0.));
#2046=DIRECTION('center_axis',(0.,-1.,0.));
#2047=DIRECTION('ref_axis',(0.,0.,-1.));
#2048=DIRECTION('center_axis',(0.,1.,0.));
#2049=DIRECTION('ref_axis',(0.,0.,1.));
#2050=DIRECTION('center_axis',(0.707106781186549,0.,-0.707106781186546));
#2051=DIRECTION('ref_axis',(0.707106781186546,0.,0.707106781186549));
#2052=DIRECTION('center_axis',(0.707106781186549,0.,-0.707106781186546));
#2053=DIRECTION('ref_axis',(-0.707106781186546,0.,-0.707106781186549));
#2054=DIRECTION('',(0.,1.,0.));
#2055=DIRECTION('center_axis',(0.707106781186549,0.,-0.707106781186546));
#2056=DIRECTION('ref_axis',(0.707106781186546,0.,0.707106781186549));
#2057=DIRECTION('center_axis',(-2.433365533425E-15,1.,0.));
#2058=DIRECTION('ref_axis',(-1.,-2.433365533425E-15,0.));
#2059=DIRECTION('center_axis',(0.,-1.,0.));
#2060=DIRECTION('ref_axis',(1.,0.,0.));
#2061=DIRECTION('center_axis',(0.,1.,0.));
#2062=DIRECTION('ref_axis',(-1.,0.,0.));
#2063=DIRECTION('center_axis',(-1.,0.,0.));
#2064=DIRECTION('ref_axis',(0.,0.,-1.));
#2065=DIRECTION('',(1.,0.,0.));
#2066=DIRECTION('center_axis',(1.,0.,0.));
#2067=DIRECTION('ref_axis',(0.,0.,-1.));
#2068=DIRECTION('',(1.,0.,0.));
#2069=DIRECTION('center_axis',(0.,-1.,0.));
#2070=DIRECTION('ref_axis',(0.,0.,-1.));
#2071=DIRECTION('',(0.,0.,1.));
#2072=DIRECTION('center_axis',(0.,1.,3.12738880176101E-15));
#2073=DIRECTION('ref_axis',(0.,-3.12738880176101E-15,1.));
#2074=DIRECTION('',(1.,0.,0.));
#2075=DIRECTION('center_axis',(-1.,0.,0.));
#2076=DIRECTION('ref_axis',(0.,-1.,0.));
#2077=DIRECTION('',(1.,0.,0.));
#2078=DIRECTION('center_axis',(0.,0.,1.));
#2079=DIRECTION('ref_axis',(0.,-1.,0.));
#2080=DIRECTION('center_axis',(1.,0.,0.));
#2081=DIRECTION('ref_axis',(0.,1.,0.));
#2082=DIRECTION('center_axis',(0.,-1.,0.));
#2083=DIRECTION('ref_axis',(1.,0.,0.));
#2084=CARTESIAN_POINT('',(0.,0.,0.));
#2085=CARTESIAN_POINT('Origin',(-25.105,-29.5,18.85));
#2086=CARTESIAN_POINT('',(-25.105,-29.5,-14.68));
#2087=CARTESIAN_POINT('',(-25.105,-29.5,19.1));
#2088=CARTESIAN_POINT('',(-25.105,-29.5,13.375));
#2089=CARTESIAN_POINT('',(-25.105,-11.5,-14.68));
#2090=CARTESIAN_POINT('',(-25.105,-29.5,-14.68));
#2091=CARTESIAN_POINT('',(-25.105,-11.5,10.));
#2092=CARTESIAN_POINT('',(-25.105,-11.5,9.425));
#2093=CARTESIAN_POINT('',(-25.105,-11.5,19.1));
#2094=CARTESIAN_POINT('',(-25.105,-11.5,13.375));
#2095=CARTESIAN_POINT('',(-25.105,-29.5,19.1));
#2096=CARTESIAN_POINT('Origin',(8.8,-29.5,7.9));
#2097=CARTESIAN_POINT('',(47.6,-29.5,-12.025));
#2098=CARTESIAN_POINT('',(44.125,-29.5,-15.5));
#2099=CARTESIAN_POINT('Origin',(44.125,-29.5,-12.025));
#2100=CARTESIAN_POINT('',(47.6,-29.5,22.325));
#2101=CARTESIAN_POINT('',(47.6,-29.5,-10.));
#2102=CARTESIAN_POINT('',(44.125,-29.5,25.8));
#2103=CARTESIAN_POINT('Origin',(44.125,-29.5,22.325));
#2104=CARTESIAN_POINT('',(41.9648932129884,-29.5,25.8));
#2105=CARTESIAN_POINT('',(47.6,-29.5,25.8));
#2106=CARTESIAN_POINT('',(40.1242752111421,-29.5,25.0190292016438));
#2107=CARTESIAN_POINT('Ctrl Pts',(41.9648932129884,-29.5,25.8));
#2108=CARTESIAN_POINT('Ctrl Pts',(41.8769458088321,-29.5,25.8));
#2109=CARTESIAN_POINT('Ctrl Pts',(41.7892788815904,-29.4999856437488,25.795250073386));
#2110=CARTESIAN_POINT('Ctrl Pts',(41.7022012628265,-29.4999655277581,25.7859754772484));
#2111=CARTESIAN_POINT('Ctrl Pts',(41.6139602793229,-29.4999451430159,25.7765769716807));
#2112=CARTESIAN_POINT('Ctrl Pts',(41.5263236800948,-29.4999189743986,25.7625319003009));
#2113=CARTESIAN_POINT('Ctrl Pts',(41.4396122501893,-29.4998947306455,25.7440203663817));
#2114=CARTESIAN_POINT('Ctrl Pts',(41.3526648332353,-29.4998704209125,25.725458452919));
#2115=CARTESIAN_POINT('Ctrl Pts',(41.2666468092679,-29.4998481821667,25.7024054579195));
#2116=CARTESIAN_POINT('Ctrl Pts',(41.1818930409747,-29.4998325425135,25.6749923652518));
#2117=CARTESIAN_POINT('Ctrl Pts',(41.1191633155837,-29.4998209669675,25.6547028157746));
#2118=CARTESIAN_POINT('Ctrl Pts',(41.0571263288514,-29.4998129506076,25.6320237024739));
#2119=CARTESIAN_POINT('Ctrl Pts',(40.9959259404139,-29.4998085171085,25.6069916837559));
#2120=CARTESIAN_POINT('Ctrl Pts',(40.9135308821116,-29.499802548218,25.5732906780212));
#2121=CARTESIAN_POINT('Ctrl Pts',(40.8329509712473,-29.4998048946123,25.535448991851));
#2122=CARTESIAN_POINT('Ctrl Pts',(40.7545221422768,-29.499816081003,25.4936075305693));
#2123=CARTESIAN_POINT('Ctrl Pts',(40.6767514179912,-29.4998271735275,25.4521171654605));
#2124=CARTESIAN_POINT('Ctrl Pts',(40.6010950491332,-29.4998470805348,25.4066935108907));
#2125=CARTESIAN_POINT('Ctrl Pts',(40.5279057366535,-29.499871105392,25.3574303548335));
#2126=CARTESIAN_POINT('Ctrl Pts',(40.454875954685,-29.4998950778822,25.3082745775205));
#2127=CARTESIAN_POINT('Ctrl Pts',(40.3844948359244,-29.4999232784729,25.2554253122282));
#2128=CARTESIAN_POINT('Ctrl Pts',(40.3171038586229,-29.499947147407,25.1989945256253));
#2129=CARTESIAN_POINT('Ctrl Pts',(40.2497128813215,-29.4999710163411,25.1425637390224));
#2130=CARTESIAN_POINT('Ctrl Pts',(40.185311229163,-29.4999906803686,25.0825511307467));
#2131=CARTESIAN_POINT('Ctrl Pts',(40.1242756300806,-29.4999911197512,25.0190296393035));
#2132=CARTESIAN_POINT('',(31.1757247882727,-29.5,25.0190292016438));
#2133=CARTESIAN_POINT('Origin',(35.6499999997074,-29.5,29.4502189252694));
#2134=CARTESIAN_POINT('',(29.3351067864264,-29.5,25.8));
#2135=CARTESIAN_POINT('Ctrl Pts',(31.1757272188932,-29.5000229782586,25.019028069169));
#2136=CARTESIAN_POINT('Ctrl Pts',(31.1157896561291,-29.5000205031789,25.0814069923824));
#2137=CARTESIAN_POINT('Ctrl Pts',(31.0526723222165,-29.4999984218458,25.1403333735953));
#2138=CARTESIAN_POINT('Ctrl Pts',(30.9867511373727,-29.4999724217531,25.1957612533159));
#2139=CARTESIAN_POINT('Ctrl Pts',(30.9195212344866,-29.4999459054866,25.2522895299181));
#2140=CARTESIAN_POINT('Ctrl Pts',(30.8493743631316,-29.499915210109,25.3051794122928));
#2141=CARTESIAN_POINT('Ctrl Pts',(30.7766682897915,-29.4998894780684,25.3543455363651));
#2142=CARTESIAN_POINT('Ctrl Pts',(30.70290798224,-29.4998633729146,25.4042245666316));
#2143=CARTESIAN_POINT('Ctrl Pts',(30.6265129496021,-29.4998422581475,25.4502714823861));
#2144=CARTESIAN_POINT('Ctrl Pts',(30.5478261224512,-29.4998297373505,25.4923536908707));
#2145=CARTESIAN_POINT('Ctrl Pts',(30.4905602314914,-29.4998206250934,25.5229798483824));
#2146=CARTESIAN_POINT('Ctrl Pts',(30.4320798098526,-29.4998159333571,25.5515052162967));
#2147=CARTESIAN_POINT('Ctrl Pts',(30.372510638905,-29.4998156661031,25.5778626193541));
#2148=CARTESIAN_POINT('Ctrl Pts',(30.2908048144452,-29.4998152995341,25.614014765056));
#2149=CARTESIAN_POINT('Ctrl Pts',(30.2073572100717,-29.4998237108358,25.6459549233122));
#2150=CARTESIAN_POINT('Ctrl Pts',(30.1225140589902,-29.4998391557583,25.6735626147839));
#2151=CARTESIAN_POINT('Ctrl Pts',(30.0385859543126,-29.4998544341049,25.7008725530665));
#2152=CARTESIAN_POINT('Ctrl Pts',(29.9532914099981,-29.4998764572852,25.7239431813733));
#2153=CARTESIAN_POINT('Ctrl Pts',(29.8669495984373,-29.4998996297861,25.7426104731957));
#2154=CARTESIAN_POINT('Ctrl Pts',(29.7795725431389,-29.4999230801268,25.7615015870182));
#2155=CARTESIAN_POINT('Ctrl Pts',(29.6913431804539,-29.4999475693152,25.7758356036415));
#2156=CARTESIAN_POINT('Ctrl Pts',(29.6025933922517,-29.4999668335742,25.7854601302422));
#2157=CARTESIAN_POINT('Ctrl Pts',(29.5138436040494,-29.4999860978332,25.7950846568428));
#2158=CARTESIAN_POINT('Ctrl Pts',(29.4245725658534,-29.5,25.8));
#2159=CARTESIAN_POINT('Ctrl Pts',(29.3351067864264,-29.5,25.8));
#2160=CARTESIAN_POINT('',(23.9148932129884,-29.5,25.8));
#2161=CARTESIAN_POINT('',(47.6,-29.5,25.8));
#2162=CARTESIAN_POINT('',(22.0742752111421,-29.5,25.0190292016438));
#2163=CARTESIAN_POINT('Ctrl Pts',(23.9148932129884,-29.5,25.8));
#2164=CARTESIAN_POINT('Ctrl Pts',(23.8269451540318,-29.5,25.8));
#2165=CARTESIAN_POINT('Ctrl Pts',(23.739277548799,-29.4999859163078,25.795250002445));
#2166=CARTESIAN_POINT('Ctrl Pts',(23.652199237452,-29.4999663399198,25.785975266451));
#2167=CARTESIAN_POINT('Ctrl Pts',(23.5639586663491,-29.4999465022399,25.776576737836));
#2168=CARTESIAN_POINT('Ctrl Pts',(23.4763224490865,-29.4999211550758,25.7625316900668));
#2169=CARTESIAN_POINT('Ctrl Pts',(23.3896113671241,-29.4998979913777,25.7440202221102));
#2170=CARTESIAN_POINT('Ctrl Pts',(23.3026664616054,-29.4998747652167,25.7254588364594));
#2171=CARTESIAN_POINT('Ctrl Pts',(23.2166508685636,-29.4998538699081,25.7024066352627));
#2172=CARTESIAN_POINT('Ctrl Pts',(23.1318994238393,-29.4998398076035,25.6749945885629));
#2173=CARTESIAN_POINT('Ctrl Pts',(23.0691671688088,-29.4998293988124,25.6547044388189));
#2174=CARTESIAN_POINT('Ctrl Pts',(23.0071276873968,-29.4998226776658,25.6320245399049));
#2175=CARTESIAN_POINT('Ctrl Pts',(22.9459248583799,-29.4998196541211,25.6069915521363));
#2176=CARTESIAN_POINT('Ctrl Pts',(22.8635336441175,-29.4998155838269,25.5732921579742));
#2177=CARTESIAN_POINT('Ctrl Pts',(22.7829573844084,-29.499820028514,25.5354524767172));
#2178=CARTESIAN_POINT('Ctrl Pts',(22.7045319770337,-29.49983346664,25.4936133832278));
#2179=CARTESIAN_POINT('Ctrl Pts',(22.62675701612,-29.4998467933125,25.4521212957815));
#2180=CARTESIAN_POINT('Ctrl Pts',(22.5510965993784,-29.4998690870906,25.406695504757));
#2181=CARTESIAN_POINT('Ctrl Pts',(22.4779034985901,-29.4998955985906,25.3574297955099));
#2182=CARTESIAN_POINT('Ctrl Pts',(22.4048735338602,-29.4999220510006,25.3082738918802));
#2183=CARTESIAN_POINT('Ctrl Pts',(22.3344922496029,-29.4999528237151,25.2554244618793));
#2184=CARTESIAN_POINT('Ctrl Pts',(22.2671011496518,-29.499979298054,25.1989934486803));
#2185=CARTESIAN_POINT('Ctrl Pts',(22.1997100497006,-29.500005772393,25.1425624354812));
#2186=CARTESIAN_POINT('Ctrl Pts',(22.1353083178389,-29.5000280749876,25.0825495386145));
#2187=CARTESIAN_POINT('Ctrl Pts',(22.0742727127825,-29.5000311242885,25.0190276676949));
#2188=CARTESIAN_POINT('',(13.1257247882727,-29.5,25.0190292016438));
#2189=CARTESIAN_POINT('Origin',(17.5999999997074,-29.5,29.4502189252694));
#2190=CARTESIAN_POINT('',(11.2851067864264,-29.5,25.8));
#2191=CARTESIAN_POINT('Ctrl Pts',(13.1257274058937,-29.5000201054359,25.0190282107549));
#2192=CARTESIAN_POINT('Ctrl Pts',(13.0657898215621,-29.5000178168616,25.0814071505769));
#2193=CARTESIAN_POINT('Ctrl Pts',(13.0026724583536,-29.4999959230623,25.1403335458193));
#2194=CARTESIAN_POINT('Ctrl Pts',(12.9367512390393,-29.4999701075494,25.1957614364822));
#2195=CARTESIAN_POINT('Ctrl Pts',(12.8695212973392,-29.4999437795257,25.2522897273206));
#2196=CARTESIAN_POINT('Ctrl Pts',(12.7993743814777,-29.4999132693098,25.3051796203299));
#2197=CARTESIAN_POINT('Ctrl Pts',(12.7266682602659,-29.4998877153591,25.3543457513304));
#2198=CARTESIAN_POINT('Ctrl Pts',(12.6529079154667,-29.4998617908813,25.4042247809718));
#2199=CARTESIAN_POINT('Ctrl Pts',(12.5765128429278,-29.4998408495025,25.4502716934727));
#2200=CARTESIAN_POINT('Ctrl Pts',(12.4978259749729,-29.499828490996,25.4923538963531));
#2201=CARTESIAN_POINT('Ctrl Pts',(12.4405601567331,-29.4998194968652,25.5229799950136));
#2202=CARTESIAN_POINT('Ctrl Pts',(12.3820798116678,-29.4998149173687,25.5515053103503));
#2203=CARTESIAN_POINT('Ctrl Pts',(12.3225107209832,-29.4998147551508,25.5778626676368));
#2204=CARTESIAN_POINT('Ctrl Pts',(12.2408050200456,-29.4998145326507,25.614014744615));
#2205=CARTESIAN_POINT('Ctrl Pts',(12.157357545846,-29.4998230738983,25.645954848778));
#2206=CARTESIAN_POINT('Ctrl Pts',(12.0725145305053,-29.4998386320836,25.6735625020108));
#2207=CARTESIAN_POINT('Ctrl Pts',(11.9885862788894,-29.499854022523,25.7008724939736));
#2208=CARTESIAN_POINT('Ctrl Pts',(11.9032915839287,-29.4998761415175,25.7239431631098));
#2209=CARTESIAN_POINT('Ctrl Pts',(11.8169496198967,-29.4998993916531,25.7426104823988));
#2210=CARTESIAN_POINT('Ctrl Pts',(11.7295725574784,-29.4999229205197,25.7615015921968));
#2211=CARTESIAN_POINT('Ctrl Pts',(11.6413431894212,-29.4999474694103,25.7758356063171));
#2212=CARTESIAN_POINT('Ctrl Pts',(11.5525933976372,-29.499966773571,25.7854601316194));
#2213=CARTESIAN_POINT('Ctrl Pts',(11.4638436058531,-29.4999860777317,25.7950846569218));
#2214=CARTESIAN_POINT('Ctrl Pts',(11.3745725658534,-29.5,25.8));
#2215=CARTESIAN_POINT('Ctrl Pts',(11.2851067864264,-29.5,25.8));
#2216=CARTESIAN_POINT('',(5.86489321298842,-29.5,25.8));
#2217=CARTESIAN_POINT('',(47.6,-29.5,25.8));
#2218=CARTESIAN_POINT('',(4.02427521114213,-29.5,25.0190292016438));
#2219=CARTESIAN_POINT('Ctrl Pts',(5.86489321298842,-29.5,25.8));
#2220=CARTESIAN_POINT('Ctrl Pts',(5.77694538278816,-29.5,25.8));
#2221=CARTESIAN_POINT('Ctrl Pts',(5.68927800498245,-29.499985914247,25.7952500271781));
#2222=CARTESIAN_POINT('Ctrl Pts',(5.60219991717211,-29.4999663337482,25.7859753396937));
#2223=CARTESIAN_POINT('Ctrl Pts',(5.51395957903859,-29.4999464919042,25.7765768609226));
#2224=CARTESIAN_POINT('Ctrl Pts',(5.42632359067146,-29.4999211384705,25.7625318880933));
#2225=CARTESIAN_POINT('Ctrl Pts',(5.33961273086505,-29.4998979664752,25.7440205191218));
#2226=CARTESIAN_POINT('Ctrl Pts',(5.25266800731926,-29.4998747319837,25.7254592240168));
#2227=CARTESIAN_POINT('Ctrl Pts',(5.16665259035543,-29.4998538263074,25.7024071333316));
#2228=CARTESIAN_POINT('Ctrl Pts',(5.08190131352146,-29.4998397517712,25.6749952162079));
#2229=CARTESIAN_POINT('Ctrl Pts',(5.0191684145704,-29.499829333799,25.6547049139113));
#2230=CARTESIAN_POINT('Ctrl Pts',(4.95712830170023,-29.4998226025457,25.6320248143866));
#2231=CARTESIAN_POINT('Ctrl Pts',(4.89592485803235,-29.4998195680631,25.6069915788185));
#2232=CARTESIAN_POINT('Ctrl Pts',(4.81353372718774,-29.4998154830895,25.5732922236263));
#2233=CARTESIAN_POINT('Ctrl Pts',(4.73295754725091,-29.499819911487,25.5354525897968));
#2234=CARTESIAN_POINT('Ctrl Pts',(4.65453221518366,-29.4998333319902,25.4936135507452));
#2235=CARTESIAN_POINT('Ctrl Pts',(4.57675717043674,-29.4998466412132,25.4521214327187));
#2236=CARTESIAN_POINT('Ctrl Pts',(4.50109667408474,-29.4998689162689,25.4066956019796));
#2237=CARTESIAN_POINT('Ctrl Pts',(4.42790349926431,-29.4998954080563,25.3574298429801));
#2238=CARTESIAN_POINT('Ctrl Pts',(4.35487353539973,-29.4999218407704,25.3082739400106));
#2239=CARTESIAN_POINT('Ctrl Pts',(4.28449225253944,-29.4999525928464,25.2554245084788));
#2240=CARTESIAN_POINT('Ctrl Pts',(4.21710115484352,-29.4999790459332,25.198993490357));
#2241=CARTESIAN_POINT('Ctrl Pts',(4.1497100571476,-29.5000054990201,25.1425624722352));
#2242=CARTESIAN_POINT('Ctrl Pts',(4.0853083284016,-29.5000277797493,25.0825495670443));
#2243=CARTESIAN_POINT('Ctrl Pts',(4.02427272766072,-29.5000308069141,25.0190276833366));
#2244=CARTESIAN_POINT('',(-4.92427521172732,-29.5,25.0190292016438));
#2245=CARTESIAN_POINT('Origin',(-0.450000000292594,-29.5,29.4502189252694));
#2246=CARTESIAN_POINT('',(-6.76489321357361,-29.5,25.8));
#2247=CARTESIAN_POINT('Ctrl Pts',(-4.92427261247535,-29.5000198761041,25.0190282220575));
#2248=CARTESIAN_POINT('Ctrl Pts',(-4.98421020923181,-29.500017603498,25.0814071918803));
#2249=CARTESIAN_POINT('Ctrl Pts',(-5.04732758787206,-29.4999957253538,25.1403336109991));
#2250=CARTESIAN_POINT('Ctrl Pts',(-5.11324882497934,-29.4999699249955,25.1957615203758));
#2251=CARTESIAN_POINT('Ctrl Pts',(-5.180478760774,-29.4999436124365,25.2522898100765));
#2252=CARTESIAN_POINT('Ctrl Pts',(-5.25062567109963,-29.4999131171673,25.3051796991886));
#2253=CARTESIAN_POINT('Ctrl Pts',(-5.32333178689539,-29.4998875774376,25.3543458247108));
#2254=CARTESIAN_POINT('Ctrl Pts',(-5.39709206848649,-29.4998616674075,25.4042248097669));
#2255=CARTESIAN_POINT('Ctrl Pts',(-5.47348707381809,-29.4998407397211,25.4502716820555));
#2256=CARTESIAN_POINT('Ctrl Pts',(-5.55217387113914,-29.499828393939,25.4923538506307));
#2257=CARTESIAN_POINT('Ctrl Pts',(-5.60943973851071,-29.4998194090527,25.5229799780927));
#2258=CARTESIAN_POINT('Ctrl Pts',(-5.66792013515488,-29.4998148383046,25.5515053179902));
#2259=CARTESIAN_POINT('Ctrl Pts',(-5.72748927943288,-29.4998146842633,25.5778626958205));
#2260=CARTESIAN_POINT('Ctrl Pts',(-5.80919480979912,-29.499814472979,25.6140146929792));
#2261=CARTESIAN_POINT('Ctrl Pts',(-5.89264210626289,-29.4998230242708,25.6459547347061));
#2262=CARTESIAN_POINT('Ctrl Pts',(-5.97748493869848,-29.4998385911878,25.6735623444527));
#2263=CARTESIAN_POINT('Ctrl Pts',(-6.06141336176597,-29.4998539903295,25.7008724080629));
#2264=CARTESIAN_POINT('Ctrl Pts',(-6.14670823457933,-29.4998761168015,25.7239431318286));
#2265=CARTESIAN_POINT('Ctrl Pts',(-6.23305038079511,-29.4998993730244,25.7426104880701));
#2266=CARTESIAN_POINT('Ctrl Pts',(-6.32042744315451,-29.4999229080017,25.7615015953901));
#2267=CARTESIAN_POINT('Ctrl Pts',(-6.40865681106497,-29.4999474615573,25.7758356079591));
#2268=CARTESIAN_POINT('Ctrl Pts',(-6.49740660269055,-29.4999667688476,25.7854601324629));
#2269=CARTESIAN_POINT('Ctrl Pts',(-6.58615639431614,-29.499986076138,25.7950846569667));
#2270=CARTESIAN_POINT('Ctrl Pts',(-6.67542743414658,-29.5,25.8));
#2271=CARTESIAN_POINT('Ctrl Pts',(-6.7648932135736,-29.5,25.8));
#2272=CARTESIAN_POINT('',(-12.1851067870116,-29.5,25.8));
#2273=CARTESIAN_POINT('',(47.6,-29.5,25.8));
#2274=CARTESIAN_POINT('',(-14.0257247888579,-29.5,25.0190292016438));
#2275=CARTESIAN_POINT('Ctrl Pts',(-12.1851067870116,-29.5,25.8));
#2276=CARTESIAN_POINT('Ctrl Pts',(-12.2730548569817,-29.5,25.8));
#2277=CARTESIAN_POINT('Ctrl Pts',(-12.3607224731636,-29.499985916407,25.7952500012542));
#2278=CARTESIAN_POINT('Ctrl Pts',(-12.4478007952725,-29.4999663402167,25.7859752629247));
#2279=CARTESIAN_POINT('Ctrl Pts',(-12.5360413775726,-29.4999465027372,25.776576731912));
#2280=CARTESIAN_POINT('Ctrl Pts',(-12.6236776058364,-29.4999211558748,25.7625316805387));
#2281=CARTESIAN_POINT('Ctrl Pts',(-12.7103886984763,-29.4998979925759,25.7440202078223));
#2282=CARTESIAN_POINT('Ctrl Pts',(-12.7973336127035,-29.4998747668157,25.7254588178254));
#2283=CARTESIAN_POINT('Ctrl Pts',(-12.8833492141713,-29.499853872006,25.7024066113268));
#2284=CARTESIAN_POINT('Ctrl Pts',(-12.9681006669293,-29.4998398102899,25.6749945584124));
#2285=CARTESIAN_POINT('Ctrl Pts',(-13.0308328910296,-29.4998294019406,25.6547044159959));
#2286=CARTESIAN_POINT('Ctrl Pts',(-13.0928723421101,-29.4998226812802,25.6320245267178));
#2287=CARTESIAN_POINT('Ctrl Pts',(-13.1540751416028,-29.4998196582618,25.6069915508517));
#2288=CARTESIAN_POINT('Ctrl Pts',(-13.2364663598414,-29.499815588674,25.5732921548299));
#2289=CARTESIAN_POINT('Ctrl Pts',(-13.3170426233528,-29.4998200341448,25.5354524713099));
#2290=CARTESIAN_POINT('Ctrl Pts',(-13.3954680343164,-29.4998334731187,25.493613375224));
#2291=CARTESIAN_POINT('Ctrl Pts',(-13.4732429912338,-29.4998468006309,25.4521212892334));
#2292=CARTESIAN_POINT('Ctrl Pts',(-13.5489034041798,-29.4998690953098,25.4066955001004));
#2293=CARTESIAN_POINT('Ctrl Pts',(-13.6220965014371,-29.4998956077584,25.3574297932244));
#2294=CARTESIAN_POINT('Ctrl Pts',(-13.6951264662059,-29.4999220611162,25.3082738895629));
#2295=CARTESIAN_POINT('Ctrl Pts',(-13.7655077505261,-29.4999528348239,25.2554244596358));
#2296=CARTESIAN_POINT('Ctrl Pts',(-13.8328988505791,-29.4999793101855,25.1989934466738));
#2297=CARTESIAN_POINT('Ctrl Pts',(-13.9002899506321,-29.5000057855472,25.1425624337118));
#2298=CARTESIAN_POINT('Ctrl Pts',(-13.9646916826348,-29.5000280891941,25.082549537246));
#2299=CARTESIAN_POINT('Ctrl Pts',(-14.0257272878864,-29.5000311395604,25.0190276669423));
#2300=CARTESIAN_POINT('',(-22.9742752117273,-29.5,25.0190292016438));
#2301=CARTESIAN_POINT('Origin',(-18.5000000002926,-29.5,29.4502189252694));
#2302=CARTESIAN_POINT('',(-24.8148932135736,-29.5,25.8));
#2303=CARTESIAN_POINT('Ctrl Pts',(-22.9742725932897,-29.5000201165086,25.0190282102092));
#2304=CARTESIAN_POINT('Ctrl Pts',(-23.0342101770016,-29.5000178271641,25.0814071485928));
#2305=CARTESIAN_POINT('Ctrl Pts',(-23.0973275394503,-29.4999959326094,25.140333542689));
#2306=CARTESIAN_POINT('Ctrl Pts',(-23.1632487578941,-29.4999701163651,25.1957614324523));
#2307=CARTESIAN_POINT('Ctrl Pts',(-23.2304786998303,-29.499943787595,25.2522897233182));
#2308=CARTESIAN_POINT('Ctrl Pts',(-23.3006256159105,-29.4999132766576,25.3051796164896));
#2309=CARTESIAN_POINT('Ctrl Pts',(-23.3733317373348,-29.4998877220202,25.3543457477311));
#2310=CARTESIAN_POINT('Ctrl Pts',(-23.4470920850841,-29.4998617968449,25.4042247794662));
#2311=CARTESIAN_POINT('Ctrl Pts',(-23.5234871607621,-29.4998408548049,25.4502716938577));
#2312=CARTESIAN_POINT('Ctrl Pts',(-23.6021740320175,-29.4998284956838,25.4923538983529));
#2313=CARTESIAN_POINT('Ctrl Pts',(-23.6594398480249,-29.4998195011064,25.5229799957103));
#2314=CARTESIAN_POINT('Ctrl Pts',(-23.7179201907469,-29.4998149211874,25.5515053099375));
#2315=CARTESIAN_POINT('Ctrl Pts',(-23.7774892789966,-29.4998147585745,25.5778626662973));
#2316=CARTESIAN_POINT('Ctrl Pts',(-23.8591949879836,-29.4998145355327,25.6140147470436));
#2317=CARTESIAN_POINT('Ctrl Pts',(-23.9426424705708,-29.4998230762951,25.6459548541543));
#2318=CARTESIAN_POINT('Ctrl Pts',(-24.027485494543,-29.4998386340586,25.6735625094406));
#2319=CARTESIAN_POINT('Ctrl Pts',(-24.1114137380688,-29.4998540240777,25.7008724980237));
#2320=CARTESIAN_POINT('Ctrl Pts',(-24.1967084246372,-29.4998761427111,25.7239431645832));
#2321=CARTESIAN_POINT('Ctrl Pts',(-24.2830503800723,-29.4998993925527,25.7426104821293));
#2322=CARTESIAN_POINT('Ctrl Pts',(-24.3704274424933,-29.4999229211242,25.761501592045));
#2323=CARTESIAN_POINT('Ctrl Pts',(-24.4586568105571,-29.4999474697895,25.7758356062391));
#2324=CARTESIAN_POINT('Ctrl Pts',(-24.5474066023482,-29.4999667737991,25.7854601315793));
#2325=CARTESIAN_POINT('Ctrl Pts',(-24.6361563941393,-29.4999860778087,25.7950846569196));
#2326=CARTESIAN_POINT('Ctrl Pts',(-24.7254274341466,-29.5,25.8));
#2327=CARTESIAN_POINT('Ctrl Pts',(-24.8148932135736,-29.5,25.8));
#2328=CARTESIAN_POINT('',(-26.525,-29.5,25.8));
#2329=CARTESIAN_POINT('',(47.6,-29.5,25.8));
#2330=CARTESIAN_POINT('',(-30.,-29.5,22.325));
#2331=CARTESIAN_POINT('Origin',(-26.525,-29.5,22.325));
#2332=CARTESIAN_POINT('',(-30.,-29.5,-12.025));
#2333=CARTESIAN_POINT('',(-30.,-29.5,-10.));
#2334=CARTESIAN_POINT('',(-26.525,-29.5,-15.5));
#2335=CARTESIAN_POINT('Origin',(-26.525,-29.5,-12.025));
#2336=CARTESIAN_POINT('',(4.4,-29.5,-15.5));
#2337=CARTESIAN_POINT('',(42.705,-29.5,-14.68));
#2338=CARTESIAN_POINT('',(-8.09,-29.5,-14.68));
#2339=CARTESIAN_POINT('',(42.705,-29.5,19.1));
#2340=CARTESIAN_POINT('',(-8.09,-29.5,19.1));
#2341=CARTESIAN_POINT('',(42.705,-29.5,1.425));
#2342=CARTESIAN_POINT('',(45.475,-29.5,-12.025));
#2343=CARTESIAN_POINT('Origin',(44.125,-29.5,-12.025));
#2344=CARTESIAN_POINT('',(-25.175,-29.5,-12.025));
#2345=CARTESIAN_POINT('Origin',(-26.525,-29.5,-12.025));
#2346=CARTESIAN_POINT('',(-23.525,-29.5,22.325));
#2347=CARTESIAN_POINT('Origin',(-26.525,-29.5,22.325));
#2348=CARTESIAN_POINT('',(47.125,-29.5,22.325));
#2349=CARTESIAN_POINT('Origin',(44.125,-29.5,22.325));
#2350=CARTESIAN_POINT('Origin',(42.705,-29.5,-5.04999999999999));
#2351=CARTESIAN_POINT('',(42.705,-11.5,19.1));
#2352=CARTESIAN_POINT('',(42.705,-29.5,19.1));
#2353=CARTESIAN_POINT('',(42.705,-11.5,10.));
#2354=CARTESIAN_POINT('',(42.705,-11.5,1.425));
#2355=CARTESIAN_POINT('',(42.705,-11.5,-14.68));
#2356=CARTESIAN_POINT('',(42.705,-11.5,-14.68));
#2357=CARTESIAN_POINT('',(42.705,-29.5,-14.68));
#2358=CARTESIAN_POINT('Origin',(8.8,-11.5,7.9));
#2359=CARTESIAN_POINT('',(-30.,-11.5,10.));
#2360=CARTESIAN_POINT('',(15.,-11.5,10.));
#2361=CARTESIAN_POINT('',(-30.,-11.5,22.325));
#2362=CARTESIAN_POINT('',(-30.,-11.5,25.8));
#2363=CARTESIAN_POINT('',(-26.525,-11.5,25.8));
#2364=CARTESIAN_POINT('Origin',(-26.525,-11.5,22.325));
#2365=CARTESIAN_POINT('',(44.125,-11.5,25.8));
#2366=CARTESIAN_POINT('',(47.6,-11.5,25.8));
#2367=CARTESIAN_POINT('',(47.6,-11.5,22.325));
#2368=CARTESIAN_POINT('Origin',(44.125,-11.5,22.325));
#2369=CARTESIAN_POINT('',(47.6,-11.5,10.));
#2370=CARTESIAN_POINT('',(47.6,-11.5,-10.));
#2371=CARTESIAN_POINT('',(15.,-11.5,10.));
#2372=CARTESIAN_POINT('',(-8.09,-11.5,19.1));
#2373=CARTESIAN_POINT('',(45.475,-11.5,22.325));
#2374=CARTESIAN_POINT('Origin',(44.125,-11.5,22.325));
#2375=CARTESIAN_POINT('',(-25.175,-11.5,22.325));
#2376=CARTESIAN_POINT('Origin',(-26.525,-11.5,22.325));
#2377=CARTESIAN_POINT('Origin',(42.58,-29.5,19.1));
#2378=CARTESIAN_POINT('Origin',(42.58,-29.5,-14.68));
#2379=CARTESIAN_POINT('',(-24.98,-11.5,-14.68));
#2380=CARTESIAN_POINT('Origin',(44.125,5.,-12.025));
#2381=CARTESIAN_POINT('',(44.125,11.5,-15.5));
#2382=CARTESIAN_POINT('',(44.125,5.,-15.5));
#2383=CARTESIAN_POINT('',(47.6,11.5,-12.025));
#2384=CARTESIAN_POINT('Origin',(44.125,11.5,-12.025));
#2385=CARTESIAN_POINT('',(47.6,5.,-12.025));
#2386=CARTESIAN_POINT('Origin',(47.6,10.,0.));
#2387=CARTESIAN_POINT('',(47.6,11.5,10.));
#2388=CARTESIAN_POINT('',(47.6,11.5,0.));
#2389=CARTESIAN_POINT('',(47.6,5.,10.));
#2390=CARTESIAN_POINT('',(47.6,-0.75,22.325));
#2391=CARTESIAN_POINT('Origin',(-30.,11.5,0.));
#2392=CARTESIAN_POINT('',(-26.525,11.5,-15.5));
#2393=CARTESIAN_POINT('',(-15.,11.5,-15.5));
#2394=CARTESIAN_POINT('',(-30.,11.5,-12.025));
#2395=CARTESIAN_POINT('Origin',(-26.525,11.5,-12.025));
#2396=CARTESIAN_POINT('',(-30.,11.5,10.));
#2397=CARTESIAN_POINT('',(-30.,11.5,-10.));
#2398=CARTESIAN_POINT('',(-15.,11.5,10.));
#2399=CARTESIAN_POINT('Origin',(-26.525,-5.,-12.025));
#2400=CARTESIAN_POINT('',(-30.,-5.,-12.025));
#2401=CARTESIAN_POINT('',(-26.525,-5.,-15.5));
#2402=CARTESIAN_POINT('Origin',(-30.,-10.,0.));
#2403=CARTESIAN_POINT('',(-30.,-10.75,22.325));
#2404=CARTESIAN_POINT('',(-30.,-4.71999999999956,10.));
#2405=CARTESIAN_POINT('',(-30.,-5.,10.));
#2406=CARTESIAN_POINT('',(-30.,-4.71999999999956,9.64500000000014));
#2407=CARTESIAN_POINT('',(-30.,-4.71999999999954,4.82250000000008));
#2408=CARTESIAN_POINT('',(-30.,-3.21999999999956,8.14500000000014));
#2409=CARTESIAN_POINT('Origin',(-30.,-3.21999999999956,9.64500000000014));
#2410=CARTESIAN_POINT('',(-30.,3.22000000000043,8.14500000000014));
#2411=CARTESIAN_POINT('',(-30.,-3.38999999999979,8.14500000000014));
#2412=CARTESIAN_POINT('',(-30.,4.72000000000043,9.64500000000014));
#2413=CARTESIAN_POINT('Origin',(-30.,3.22000000000043,9.64500000000014));
#2414=CARTESIAN_POINT('',(-30.,4.72000000000043,10.));
#2415=CARTESIAN_POINT('',(-30.,4.72000000000043,5.17750000000007));
#2416=CARTESIAN_POINT('',(-30.,-5.,10.));
#2417=CARTESIAN_POINT('Origin',(0.,0.,-15.5));
#2418=CARTESIAN_POINT('Ctrl Pts',(40.1606380091938,-29.800499822615,25.0042191807947));
#2419=CARTESIAN_POINT('Ctrl Pts',(39.8284386464735,-27.0321385066962,25.1406568280778));
#2420=CARTESIAN_POINT('Ctrl Pts',(38.7124630525854,-19.6378133438289,25.5050833654183));
#2421=CARTESIAN_POINT('Ctrl Pts',(36.3944535757463,-12.9638343040248,25.8340079147433));
#2422=CARTESIAN_POINT('Ctrl Pts',(33.4567977632957,-15.6850986694701,25.6998914229683));
#2423=CARTESIAN_POINT('Ctrl Pts',(31.8037607156617,-24.2637771907775,25.2770944753609));
#2424=CARTESIAN_POINT('Ctrl Pts',(31.139361990221,-29.800499822615,25.0042191807947));
#2425=CARTESIAN_POINT('Ctrl Pts',(40.620537346571,-29.7239033028921,25.5046201989762));
#2426=CARTESIAN_POINT('Ctrl Pts',(40.2821305178341,-26.9448411223896,25.5597903537615));
#2427=CARTESIAN_POINT('Ctrl Pts',(39.1019281088757,-19.5196000204539,25.7001037604397));
#2428=CARTESIAN_POINT('Ctrl Pts',(36.4993802844692,-12.8133193773009,25.8096408724765));
#2429=CARTESIAN_POINT('Ctrl Pts',(33.1582869054842,-15.5481987184245,25.7671196114485));
#2430=CARTESIAN_POINT('Ctrl Pts',(31.3562763103177,-24.1657789418872,25.6149605085467));
#2431=CARTESIAN_POINT('Ctrl Pts',(30.6794626528438,-29.7239033028921,25.5046201989762));
#2432=CARTESIAN_POINT('Ctrl Pts',(41.290245047776,-29.6123630701175,25.8));
#2433=CARTESIAN_POINT('Ctrl Pts',(40.889787319221,-26.826480975515,25.7988960700738));
#2434=CARTESIAN_POINT('Ctrl Pts',(39.5200021251812,-19.3842853416146,25.7985948053169));
#2435=CARTESIAN_POINT('Ctrl Pts',(36.5957221829048,-12.6651591368274,25.7988672079388));
#2436=CARTESIAN_POINT('Ctrl Pts',(32.8688795012155,-15.4050273462215,25.7992408176845));
#2437=CARTESIAN_POINT('Ctrl Pts',(30.810670408749,-24.0405988809126,25.7977921401476));
#2438=CARTESIAN_POINT('Ctrl Pts',(30.0097549516388,-29.6123630701175,25.8));
#2439=CARTESIAN_POINT('Ctrl Pts',(41.9648932129884,-29.5,25.8));
#2440=CARTESIAN_POINT('Ctrl Pts',(41.4998141051799,-26.7075810456809,25.8));
#2441=CARTESIAN_POINT('Ctrl Pts',(39.9374482737365,-19.2489976517942,25.8));
#2442=CARTESIAN_POINT('Ctrl Pts',(36.6922350061619,-12.5170203393267,25.8));
#2443=CARTESIAN_POINT('Ctrl Pts',(32.579516868731,-15.26193306083,25.8));
#2444=CARTESIAN_POINT('Ctrl Pts',(30.2652650020434,-23.9151620913617,25.8));
#2445=CARTESIAN_POINT('Ctrl Pts',(29.3351067864264,-29.5,25.8));
#2446=CARTESIAN_POINT('Origin',(35.6499999997074,-64.3796247775491,23.3));
#2447=CARTESIAN_POINT('Origin',(35.6499999997074,-64.3796247775491,25.8));
#2448=CARTESIAN_POINT('Origin',(35.6499999997074,-31.0940705103883,29.1691412851362));
#2449=CARTESIAN_POINT('Ctrl Pts',(22.1106380091938,-29.800499822615,25.0042191807947));
#2450=CARTESIAN_POINT('Ctrl Pts',(21.4462392837531,-24.2637771907775,25.2770944753609));
#2451=CARTESIAN_POINT('Ctrl Pts',(20.2063568996504,-17.8423192788096,25.5935736157817));
#2452=CARTESIAN_POINT('Ctrl Pts',(17.8541158984878,-13.4277219832738,25.8111453847707));
#2453=CARTESIAN_POINT('Ctrl Pts',(15.4071817853348,-15.6792011484275,25.700182080077));
#2454=CARTESIAN_POINT('Ctrl Pts',(13.7537607156617,-24.2637771907775,25.2770944753609));
#2455=CARTESIAN_POINT('Ctrl Pts',(13.089361990221,-29.800499822615,25.0042191807947));
#2456=CARTESIAN_POINT('Ctrl Pts',(22.570537346571,-29.7239033028921,25.5046201989762));
#2457=CARTESIAN_POINT('Ctrl Pts',(21.8937236890971,-24.1657789418872,25.6149605085467));
#2458=CARTESIAN_POINT('Ctrl Pts',(20.5417589419261,-17.7153547063834,25.729961665668));
#2459=CARTESIAN_POINT('Ctrl Pts',(17.8914818106852,-13.2796068181175,25.8026032069745));
#2460=CARTESIAN_POINT('Ctrl Pts',(15.108893379654,-15.5422549279999,25.7674390901223));
#2461=CARTESIAN_POINT('Ctrl Pts',(13.3062763103177,-24.1657789418872,25.6149605085467));
#2462=CARTESIAN_POINT('Ctrl Pts',(12.6294626528438,-29.7239033028921,25.5046201989762));
#2463=CARTESIAN_POINT('Ctrl Pts',(23.240245047776,-29.6123630701175,25.8));
#2464=CARTESIAN_POINT('Ctrl Pts',(22.4393295906659,-24.0405988809126,25.7977921401476));
#2465=CARTESIAN_POINT('Ctrl Pts',(20.8953186112718,-17.5766278623097,25.7995705885176));
#2466=CARTESIAN_POINT('Ctrl Pts',(17.9236778607068,-13.1322592319888,25.7988410005058));
#2467=CARTESIAN_POINT('Ctrl Pts',(14.8193947310267,-15.3990860243106,25.7996556766323));
#2468=CARTESIAN_POINT('Ctrl Pts',(12.760670408749,-24.0405988809126,25.7977921401476));
#2469=CARTESIAN_POINT('Ctrl Pts',(11.9597549516388,-29.6123630701175,25.8));
#2470=CARTESIAN_POINT('Ctrl Pts',(23.9148932129884,-29.5,25.8));
#2471=CARTESIAN_POINT('Ctrl Pts',(22.9847349973714,-23.9151620913617,25.8));
#2472=CARTESIAN_POINT('Ctrl Pts',(21.2488996596276,-17.4379003681062,25.8));
#2473=CARTESIAN_POINT('Ctrl Pts',(17.955762258,-12.9849392994572,25.8));
#2474=CARTESIAN_POINT('Ctrl Pts',(14.5300544995858,-15.255984289097,25.8));
#2475=CARTESIAN_POINT('Ctrl Pts',(12.2152650020434,-23.9151620913617,25.8));
#2476=CARTESIAN_POINT('Ctrl Pts',(11.2851067864264,-29.5,25.8));
#2477=CARTESIAN_POINT('Origin',(17.5999999997074,-64.3796247775491,23.3));
#2478=CARTESIAN_POINT('Origin',(17.5999999997074,-64.3796247775491,25.8));
#2479=CARTESIAN_POINT('Origin',(17.5999999997074,-31.0940705103883,29.1691412851362));
#2480=CARTESIAN_POINT('Ctrl Pts',(-13.9893619908062,-29.800499822615,25.0042191807947));
#2481=CARTESIAN_POINT('Ctrl Pts',(-14.6537607162469,-24.2637771907775,25.2770944753609));
#2482=CARTESIAN_POINT('Ctrl Pts',(-15.8936441262869,-17.8423426769462,25.5935724626133));
#2483=CARTESIAN_POINT('Ctrl Pts',(-18.2458843583368,-13.4277375414016,25.8111446179942));
#2484=CARTESIAN_POINT('Ctrl Pts',(-20.6928165447338,-15.679223743501,25.7001809664873));
#2485=CARTESIAN_POINT('Ctrl Pts',(-22.3462392843383,-24.2637771907775,25.2770944753609));
#2486=CARTESIAN_POINT('Ctrl Pts',(-23.010638009779,-29.800499822615,25.0042191807947));
#2487=CARTESIAN_POINT('Ctrl Pts',(-13.529462653429,-29.7239033028921,25.5046201989762));
#2488=CARTESIAN_POINT('Ctrl Pts',(-14.2062763109029,-24.1657789418872,25.6149605085467));
#2489=CARTESIAN_POINT('Ctrl Pts',(-15.5582403146155,-17.7153776619607,25.7299526704966));
#2490=CARTESIAN_POINT('Ctrl Pts',(-18.2085178935931,-13.2796220893277,25.8025976020342));
#2491=CARTESIAN_POINT('Ctrl Pts',(-20.9911073377021,-15.5422769150061,25.7674281089285));
#2492=CARTESIAN_POINT('Ctrl Pts',(-22.7937236896823,-24.1657789418872,25.6149605085467));
#2493=CARTESIAN_POINT('Ctrl Pts',(-23.4705373471562,-29.7239033028921,25.5046201989762));
#2494=CARTESIAN_POINT('Ctrl Pts',(-12.859754952224,-29.6123630701175,25.8));
#2495=CARTESIAN_POINT('Ctrl Pts',(-13.6606704093341,-24.0405988809126,25.7977921401476));
#2496=CARTESIAN_POINT('Ctrl Pts',(-15.2046810183551,-17.5766509816764,25.7995607697171));
#2497=CARTESIAN_POINT('Ctrl Pts',(-18.1763219667355,-13.1322746033705,25.7988348891272));
#2498=CARTESIAN_POINT('Ctrl Pts',(-21.2806055043733,-15.3991082266061,25.7996438022105));
#2499=CARTESIAN_POINT('Ctrl Pts',(-23.3393295912511,-24.0405988809126,25.7977921401476));
#2500=CARTESIAN_POINT('Ctrl Pts',(-24.1402450483612,-29.6123630701175,25.8));
#2501=CARTESIAN_POINT('Ctrl Pts',(-12.1851067870116,-29.5,25.8));
#2502=CARTESIAN_POINT('Ctrl Pts',(-13.1152650026286,-23.9151620913617,25.8));
#2503=CARTESIAN_POINT('Ctrl Pts',(-14.8511017766846,-17.4379239695775,25.8));
#2504=CARTESIAN_POINT('Ctrl Pts',(-18.1442381015545,-12.9849549927884,25.8));
#2505=CARTESIAN_POINT('Ctrl Pts',(-21.5699431625103,-15.2560070805264,25.8));
#2506=CARTESIAN_POINT('Ctrl Pts',(-23.8847349979566,-23.9151620913617,25.8));
#2507=CARTESIAN_POINT('Ctrl Pts',(-24.8148932135736,-29.5,25.8));
#2508=CARTESIAN_POINT('Origin',(-18.5000000002926,-64.3796247775491,23.3));
#2509=CARTESIAN_POINT('Origin',(-18.5000000002926,-64.3796247775491,25.8));
#2510=CARTESIAN_POINT('Origin',(-18.5000000002926,-31.0940705103883,29.1691412851362));
#2511=CARTESIAN_POINT('Ctrl Pts',(4.06063800919384,-29.800499822615,25.0042191807947));
#2512=CARTESIAN_POINT('Ctrl Pts',(3.39623928375313,-24.2637771907775,25.2770944753609));
#2513=CARTESIAN_POINT('Ctrl Pts',(2.15637971762227,-17.8418330032771,25.5935975816886));
#2514=CARTESIAN_POINT('Ctrl Pts',(-0.195878361396654,-13.4274091620032,
25.8111608020495));
#2515=CARTESIAN_POINT('Ctrl Pts',(-2.64285577584951,-15.6787331504565,25.7002051451812));
#2516=CARTESIAN_POINT('Ctrl Pts',(-4.29623928433832,-24.2637771907775,25.2770944753609));
#2517=CARTESIAN_POINT('Ctrl Pts',(-4.96063800977903,-29.800499822615,25.0042191807947));
#2518=CARTESIAN_POINT('Ctrl Pts',(4.520537346571,-29.7239033028921,25.5046201989762));
#2519=CARTESIAN_POINT('Ctrl Pts',(3.84372368909712,-24.1657789418872,25.6149605085467));
#2520=CARTESIAN_POINT('Ctrl Pts',(2.49174273214141,-17.714877583714,25.7301484858617));
#2521=CARTESIAN_POINT('Ctrl Pts',(-0.158524518176718,-13.2792996419706,
25.8027136700192));
#2522=CARTESIAN_POINT('Ctrl Pts',(-2.94109011045515,-15.5417997828653,25.7676702574861));
#2523=CARTESIAN_POINT('Ctrl Pts',(-4.74372368968231,-24.1657789418872,25.6149605085467));
#2524=CARTESIAN_POINT('Ctrl Pts',(-5.42053734715618,-29.7239033028921,25.5046201989762));
#2525=CARTESIAN_POINT('Ctrl Pts',(5.19024504777605,-29.6123630701175,25.8));
#2526=CARTESIAN_POINT('Ctrl Pts',(4.38932959066586,-24.0405988809126,25.7977921401476));
#2527=CARTESIAN_POINT('Ctrl Pts',(2.84531061355035,-17.5761473397205,25.7997745601889));
#2528=CARTESIAN_POINT('Ctrl Pts',(-0.126325786585285,-13.1319500958569,
25.798961492244));
#2529=CARTESIAN_POINT('Ctrl Pts',(-3.23059969777692,-15.3986263283844,25.799905542736));
#2530=CARTESIAN_POINT('Ctrl Pts',(-5.28932959125105,-24.0405988809126,25.7977921401476));
#2531=CARTESIAN_POINT('Ctrl Pts',(-6.09024504836123,-29.6123630701175,25.8));
#2532=CARTESIAN_POINT('Ctrl Pts',(5.86489321298842,-29.5,25.8));
#2533=CARTESIAN_POINT('Ctrl Pts',(4.93473499737142,-23.9151620913617,25.8));
#2534=CARTESIAN_POINT('Ctrl Pts',(3.19893160478821,-17.4374098667377,25.8));
#2535=CARTESIAN_POINT('Ctrl Pts',(-0.0942297058382763,-12.9846237597044,
25.8));
#2536=CARTESIAN_POINT('Ctrl Pts',(-3.51999808607228,-15.2555122241257,25.8));
#2537=CARTESIAN_POINT('Ctrl Pts',(-5.83473499795661,-23.9151620913617,25.8));
#2538=CARTESIAN_POINT('Ctrl Pts',(-6.7648932135736,-29.5,25.8));
#2539=CARTESIAN_POINT('Origin',(-0.450000000292594,-64.3796247775491,23.3));
#2540=CARTESIAN_POINT('Origin',(-0.450000000292594,-64.3796247775491,25.8));
#2541=CARTESIAN_POINT('Origin',(-30.,-11.5,25.8));
#2542=CARTESIAN_POINT('',(44.125,-0.75,25.8));
#2543=CARTESIAN_POINT('',(-26.525,-10.75,25.8));
#2544=CARTESIAN_POINT('Origin',(-0.450000000292594,-31.0940705103883,29.1691412851362));
#2545=CARTESIAN_POINT('Origin',(-26.525,-20.5,22.325));
#2546=CARTESIAN_POINT('',(-25.175,-20.5,22.325));
#2547=CARTESIAN_POINT('Origin',(-26.525,-20.5,22.325));
#2548=CARTESIAN_POINT('',(-25.175,-20.5,22.325));
#2549=CARTESIAN_POINT('Origin',(44.125,-20.5,22.325));
#2550=CARTESIAN_POINT('',(45.475,-20.5,22.325));
#2551=CARTESIAN_POINT('Origin',(44.125,-20.5,22.325));
#2552=CARTESIAN_POINT('',(45.475,-20.5,22.325));
#2553=CARTESIAN_POINT('Origin',(-26.525,-20.5,22.325));
#2554=CARTESIAN_POINT('',(-23.525,-20.5,22.325));
#2555=CARTESIAN_POINT('Origin',(-26.525,-20.5,22.325));
#2556=CARTESIAN_POINT('Origin',(-26.525,-30.5,22.325));
#2557=CARTESIAN_POINT('',(-23.525,-30.5,22.325));
#2558=CARTESIAN_POINT('Origin',(44.125,-20.5,22.325));
#2559=CARTESIAN_POINT('',(47.125,-20.5,22.325));
#2560=CARTESIAN_POINT('Origin',(44.125,-20.5,22.325));
#2561=CARTESIAN_POINT('Origin',(44.125,-30.5,22.325));
#2562=CARTESIAN_POINT('',(47.125,-30.5,22.325));
#2563=CARTESIAN_POINT('Origin',(-26.525,-10.75,22.325));
#2564=CARTESIAN_POINT('Origin',(44.125,-0.75,22.325));
#2565=CARTESIAN_POINT('Origin',(44.125,-30.,-12.025));
#2566=CARTESIAN_POINT('',(45.475,-10.,-12.025));
#2567=CARTESIAN_POINT('',(45.475,-30.,-12.025));
#2568=CARTESIAN_POINT('Origin',(44.125,-10.,-12.025));
#2569=CARTESIAN_POINT('Origin',(44.125,-10.,-8.525));
#2570=CARTESIAN_POINT('Origin',(-26.525,-30.,-12.025));
#2571=CARTESIAN_POINT('',(-25.175,-10.,-12.025));
#2572=CARTESIAN_POINT('',(-25.175,-30.,-12.025));
#2573=CARTESIAN_POINT('Origin',(-26.525,-10.,-12.025));
#2574=CARTESIAN_POINT('Origin',(-26.525,-10.,-8.525));
#2575=CARTESIAN_POINT('Origin',(45.6,8.,0.));
#2576=CARTESIAN_POINT('',(45.6,9.,1.));
#2577=CARTESIAN_POINT('',(46.6,8.,1.));
#2578=CARTESIAN_POINT('Origin',(45.6,8.,1.));
#2579=CARTESIAN_POINT('',(46.6,8.,10.));
#2580=CARTESIAN_POINT('',(46.6,8.,0.));
#2581=CARTESIAN_POINT('',(45.6,9.,10.));
#2582=CARTESIAN_POINT('Origin',(45.6,8.,10.));
#2583=CARTESIAN_POINT('',(45.6,9.,0.));
#2584=CARTESIAN_POINT('Origin',(0.,0.,1.));
#2585=CARTESIAN_POINT('',(-6.75,9.,1.));
#2586=CARTESIAN_POINT('',(-15.,9.,1.));
#2587=CARTESIAN_POINT('',(-6.75,-9.,1.));
#2588=CARTESIAN_POINT('',(-6.75,4.5,1.));
#2589=CARTESIAN_POINT('',(45.6,-9.,1.));
#2590=CARTESIAN_POINT('',(15.,-9.,1.));
#2591=CARTESIAN_POINT('',(46.6,-8.,1.));
#2592=CARTESIAN_POINT('Origin',(45.6,-8.,1.));
#2593=CARTESIAN_POINT('',(46.6,5.,1.));
#2594=CARTESIAN_POINT('Origin',(46.6,10.,0.));
#2595=CARTESIAN_POINT('',(46.6,-8.,10.));
#2596=CARTESIAN_POINT('',(46.6,-8.,0.));
#2597=CARTESIAN_POINT('',(46.6,5.,10.));
#2598=CARTESIAN_POINT('Origin',(45.6,-8.,0.));
#2599=CARTESIAN_POINT('',(45.6,-9.,10.));
#2600=CARTESIAN_POINT('',(45.6,-9.,0.));
#2601=CARTESIAN_POINT('Origin',(45.6,-8.,10.));
#2602=CARTESIAN_POINT('Origin',(30.,-9.,0.));
#2603=CARTESIAN_POINT('',(-6.75,-9.,10.));
#2604=CARTESIAN_POINT('',(-6.75,-9.,0.5));
#2605=CARTESIAN_POINT('',(14.5,-9.,10.));
#2606=CARTESIAN_POINT('Origin',(-7.75,-7.75,1.));
#2607=CARTESIAN_POINT('',(-7.75,-8.75,13.));
#2608=CARTESIAN_POINT('',(-6.75,-7.75,13.));
#2609=CARTESIAN_POINT('Origin',(-7.75,-7.75,13.));
#2610=CARTESIAN_POINT('',(-7.75,-8.75,10.));
#2611=CARTESIAN_POINT('',(-7.75,-8.75,1.));
#2612=CARTESIAN_POINT('',(-6.75,-7.75,10.));
#2613=CARTESIAN_POINT('Origin',(-7.75,-7.75,10.));
#2614=CARTESIAN_POINT('',(-6.75,-7.75,1.));
#2615=CARTESIAN_POINT('Origin',(-6.75,9.,1.));
#2616=CARTESIAN_POINT('',(-6.75,-5.55111512312578E-16,10.));
#2617=CARTESIAN_POINT('',(-6.75,9.,10.));
#2618=CARTESIAN_POINT('',(-6.75,9.,0.5));
#2619=CARTESIAN_POINT('',(-6.75,7.75,10.));
#2620=CARTESIAN_POINT('',(-6.75,9.,10.));
#2621=CARTESIAN_POINT('',(-6.75,7.75,13.));
#2622=CARTESIAN_POINT('',(-6.75,7.75,1.));
#2623=CARTESIAN_POINT('',(-6.75,-9.,13.));
#2624=CARTESIAN_POINT('Origin',(-7.25,6.70552247061806E-8,13.));
#2625=CARTESIAN_POINT('',(-7.75,8.75,13.));
#2626=CARTESIAN_POINT('Origin',(-7.75,7.75,13.));
#2627=CARTESIAN_POINT('',(-8.87875078027496,8.75,13.));
#2628=CARTESIAN_POINT('',(-7.5,8.75,13.));
#2629=CARTESIAN_POINT('',(-7.75,6.87,13.));
#2630=CARTESIAN_POINT('Origin',(-9.88,6.87,13.));
#2631=CARTESIAN_POINT('',(-7.75,-6.87,13.));
#2632=CARTESIAN_POINT('',(-7.75,-9.,13.));
#2633=CARTESIAN_POINT('',(-8.87875078027496,-8.75,13.));
#2634=CARTESIAN_POINT('Origin',(-9.88,-6.87,13.));
#2635=CARTESIAN_POINT('',(-7.,-8.75,13.));
#2636=CARTESIAN_POINT('Origin',(-7.75,7.75,1.));
#2637=CARTESIAN_POINT('',(-7.75,8.75,10.));
#2638=CARTESIAN_POINT('Origin',(-7.75,7.75,10.));
#2639=CARTESIAN_POINT('',(-7.75,8.75,1.));
#2640=CARTESIAN_POINT('Origin',(0.,0.,10.));
#2641=CARTESIAN_POINT('',(-8.87875078027496,-8.75,10.));
#2642=CARTESIAN_POINT('',(15.,-8.75,10.));
#2643=CARTESIAN_POINT('',(-9.88,-9.,10.));
#2644=CARTESIAN_POINT('Origin',(-9.88,-6.87,10.));
#2645=CARTESIAN_POINT('',(-26.87,-9.,10.));
#2646=CARTESIAN_POINT('',(15.,-9.,10.));
#2647=CARTESIAN_POINT('',(-29.,-6.87,10.));
#2648=CARTESIAN_POINT('Origin',(-26.87,-6.87,10.));
#2649=CARTESIAN_POINT('',(-29.,-4.71999999999956,10.));
#2650=CARTESIAN_POINT('',(-29.,-5.,10.));
#2651=CARTESIAN_POINT('',(-15.,-4.71999999999956,10.));
#2652=CARTESIAN_POINT('',(15.,-11.5,10.));
#2653=CARTESIAN_POINT('',(-29.,4.72000000000043,10.));
#2654=CARTESIAN_POINT('',(-15.,4.72000000000043,10.));
#2655=CARTESIAN_POINT('',(-29.,6.87,10.));
#2656=CARTESIAN_POINT('',(-29.,-5.,10.));
#2657=CARTESIAN_POINT('',(-26.87,9.,10.));
#2658=CARTESIAN_POINT('Origin',(-26.87,6.87,10.));
#2659=CARTESIAN_POINT('',(-9.88,9.,10.));
#2660=CARTESIAN_POINT('',(-15.,9.,10.));
#2661=CARTESIAN_POINT('',(-8.87875078027496,8.75,10.));
#2662=CARTESIAN_POINT('Origin',(-9.88,6.87,10.));
#2663=CARTESIAN_POINT('',(-3.875,8.75,10.));
#2664=CARTESIAN_POINT('',(14.5,9.,10.));
#2665=CARTESIAN_POINT('Origin',(-9.88,-6.87,0.5));
#2666=CARTESIAN_POINT('',(-8.87875078027496,-8.75,0.5));
#2667=CARTESIAN_POINT('',(-7.75,-6.87,1.));
#2668=CARTESIAN_POINT('',(-7.75,-6.87,0.5));
#2669=CARTESIAN_POINT('',(-9.88,-9.,1.));
#2670=CARTESIAN_POINT('Origin',(-9.88,-6.87,1.));
#2671=CARTESIAN_POINT('',(-9.88,-9.,0.5));
#2672=CARTESIAN_POINT('Origin',(-7.75,-9.,1.));
#2673=CARTESIAN_POINT('',(-7.75,6.87,1.));
#2674=CARTESIAN_POINT('',(-7.75,6.87,0.5));
#2675=CARTESIAN_POINT('',(-7.75,-4.5,1.));
#2676=CARTESIAN_POINT('Origin',(0.,0.,1.));
#2677=CARTESIAN_POINT('',(-9.88,9.,1.));
#2678=CARTESIAN_POINT('Origin',(-9.88,6.87,1.));
#2679=CARTESIAN_POINT('',(-26.87,9.,1.));
#2680=CARTESIAN_POINT('',(-15.,9.,1.));
#2681=CARTESIAN_POINT('',(-29.,6.87,1.));
#2682=CARTESIAN_POINT('Origin',(-26.87,6.87,1.));
#2683=CARTESIAN_POINT('',(-29.,4.22000000000043,1.));
#2684=CARTESIAN_POINT('',(-29.,-5.,1.));
#2685=CARTESIAN_POINT('',(-28.,3.22000000000043,1.));
#2686=CARTESIAN_POINT('Ctrl Pts',(-28.,3.22000000000043,1.));
#2687=CARTESIAN_POINT('Ctrl Pts',(-28.2020305089104,3.22000000000043,1.));
#2688=CARTESIAN_POINT('Ctrl Pts',(-28.4349095451908,3.28974010501065,1.));
#2689=CARTESIAN_POINT('Ctrl Pts',(-28.6192396936886,3.4347444243689,1.));
#2690=CARTESIAN_POINT('Ctrl Pts',(-28.7421264593539,3.53141397060773,1.));
#2691=CARTESIAN_POINT('Ctrl Pts',(-28.8434359415602,3.66153427877903,1.));
#2692=CARTESIAN_POINT('Ctrl Pts',(-28.9079043267218,3.80000903464213,1.));
#2693=CARTESIAN_POINT('Ctrl Pts',(-28.9723727118833,3.93848379050523,1.));
#2694=CARTESIAN_POINT('Ctrl Pts',(-29.,4.08531299406013,1.));
#2695=CARTESIAN_POINT('Ctrl Pts',(-29.,4.22000000000043,1.));
#2696=CARTESIAN_POINT('',(-23.7000000000047,3.22000000000044,1.));
#2697=CARTESIAN_POINT('',(-14.5,3.22000000000046,1.));
#2698=CARTESIAN_POINT('',(-22.7000000000047,2.22000000000045,1.));
#2699=CARTESIAN_POINT('Ctrl Pts',(-22.7000000000047,2.22000000000045,1.));
#2700=CARTESIAN_POINT('Ctrl Pts',(-22.7000000000047,2.42203050891089,1.));
#2701=CARTESIAN_POINT('Ctrl Pts',(-22.7696956935197,2.65488160761305,1.));
#2702=CARTESIAN_POINT('Ctrl Pts',(-22.9146955044468,2.83920801392578,1.));
#2703=CARTESIAN_POINT('Ctrl Pts',(-23.0113620450649,2.96209228480094,1.));
#2704=CARTESIAN_POINT('Ctrl Pts',(-23.1414970823105,3.06341002572524,1.));
#2705=CARTESIAN_POINT('Ctrl Pts',(-23.2799848195604,3.12788695452511,1.));
#2706=CARTESIAN_POINT('Ctrl Pts',(-23.4184725568103,3.19236388332499,1.));
#2707=CARTESIAN_POINT('Ctrl Pts',(-23.5653129940644,3.22000000000044,1.));
#2708=CARTESIAN_POINT('Ctrl Pts',(-23.7000000000047,3.22000000000044,1.));
#2709=CARTESIAN_POINT('',(-22.7000000000047,-2.21999999999954,1.));
#2710=CARTESIAN_POINT('',(-22.7000000000047,1.61000000000016,1.));
#2711=CARTESIAN_POINT('',(-23.7000000000047,-3.21999999999954,1.));
#2712=CARTESIAN_POINT('Ctrl Pts',(-23.7000000000047,-3.21999999999954,1.));
#2713=CARTESIAN_POINT('Ctrl Pts',(-23.4979694910942,-3.21999999999954,1.));
#2714=CARTESIAN_POINT('Ctrl Pts',(-23.2651183923921,-3.15030430648451,1.));
#2715=CARTESIAN_POINT('Ctrl Pts',(-23.0807919860793,-3.00530449555741,1.));
#2716=CARTESIAN_POINT('Ctrl Pts',(-22.9579077152042,-2.90863795493935,1.));
#2717=CARTESIAN_POINT('Ctrl Pts',(-22.8565899742799,-2.7785029176937,1.));
#2718=CARTESIAN_POINT('Ctrl Pts',(-22.79211304548,-2.64001518044382,1.));
#2719=CARTESIAN_POINT('Ctrl Pts',(-22.7276361166801,-2.50152744319394,1.));
#2720=CARTESIAN_POINT('Ctrl Pts',(-22.7000000000047,-2.35468700593983,1.));
#2721=CARTESIAN_POINT('Ctrl Pts',(-22.7000000000047,-2.21999999999954,1.));
#2722=CARTESIAN_POINT('',(-28.,-3.21999999999955,1.));
#2723=CARTESIAN_POINT('',(-11.3500000000023,-3.21999999999951,1.));
#2724=CARTESIAN_POINT('',(-29.,-4.21999999999955,1.));
#2725=CARTESIAN_POINT('Ctrl Pts',(-29.,-4.21999999999955,0.999999999999999));
#2726=CARTESIAN_POINT('Ctrl Pts',(-29.,-4.08531299405926,0.999999999999999));
#2727=CARTESIAN_POINT('Ctrl Pts',(-28.9723727118833,-3.93848379050436,0.999999999999999));
#2728=CARTESIAN_POINT('Ctrl Pts',(-28.9079043267218,-3.80000903464126,0.999999999999999));
#2729=CARTESIAN_POINT('Ctrl Pts',(-28.8434359415602,-3.66153427877816,1.));
#2730=CARTESIAN_POINT('Ctrl Pts',(-28.7421264593539,-3.53141397060686,1.));
#2731=CARTESIAN_POINT('Ctrl Pts',(-28.6192396936886,-3.43474442436802,1.));
#2732=CARTESIAN_POINT('Ctrl Pts',(-28.4349095451908,-3.28974010500977,0.999999999999999));
#2733=CARTESIAN_POINT('Ctrl Pts',(-28.2020305089104,-3.21999999999955,0.999999999999999));
#2734=CARTESIAN_POINT('Ctrl Pts',(-28.,-3.21999999999955,0.999999999999999));
#2735=CARTESIAN_POINT('',(-29.,-6.87,1.));
#2736=CARTESIAN_POINT('',(-29.,-5.,1.));
#2737=CARTESIAN_POINT('',(-26.87,-9.,1.));
#2738=CARTESIAN_POINT('Origin',(-26.87,-6.87,1.));
#2739=CARTESIAN_POINT('',(15.,-9.,1.));
#2740=CARTESIAN_POINT('',(-11.5000000000044,-4.49999999999948,1.));
#2741=CARTESIAN_POINT('',(-11.5000000000044,4.50000000000053,1.));
#2742=CARTESIAN_POINT('',(-11.5000000000044,2.75000000000027,1.));
#2743=CARTESIAN_POINT('',(-12.5000000000044,-5.49999999999948,1.));
#2744=CARTESIAN_POINT('Ctrl Pts',(-12.5000000000044,-5.49999999999948,1.));
#2745=CARTESIAN_POINT('Ctrl Pts',(-12.297969491094,-5.49999999999948,1.));
#2746=CARTESIAN_POINT('Ctrl Pts',(-12.0651631872284,-5.43037580861497,1.));
#2747=CARTESIAN_POINT('Ctrl Pts',(-11.8808422681672,-5.28538231949294,1.));
#2748=CARTESIAN_POINT('Ctrl Pts',(-11.7579616554597,-5.18871999341158,1.));
#2749=CARTESIAN_POINT('Ctrl Pts',(-11.6566301026653,-5.0585602016691,1.));
#2750=CARTESIAN_POINT('Ctrl Pts',(-11.5921396888015,-4.92005195480115,1.));
#2751=CARTESIAN_POINT('Ctrl Pts',(-11.5276492749376,-4.7815437079332,1.));
#2752=CARTESIAN_POINT('Ctrl Pts',(-11.5000000000044,-4.63468700593978,1.));
#2753=CARTESIAN_POINT('Ctrl Pts',(-11.5000000000044,-4.49999999999948,1.));
#2754=CARTESIAN_POINT('',(-20.5000000000044,-5.49999999999948,1.));
#2755=CARTESIAN_POINT('',(-5.75000000000222,-5.49999999999948,1.));
#2756=CARTESIAN_POINT('',(-21.5000000000044,-4.49999999999948,1.));
#2757=CARTESIAN_POINT('Ctrl Pts',(-21.5000000000044,-4.49999999999948,1.));
#2758=CARTESIAN_POINT('Ctrl Pts',(-21.5000000000044,-4.70203050890993,1.));
#2759=CARTESIAN_POINT('Ctrl Pts',(-21.4302989241575,-4.93488498889771,1.));
#2760=CARTESIAN_POINT('Ctrl Pts',(-21.2852985898728,-5.11921183551668,1.));
#2761=CARTESIAN_POINT('Ctrl Pts',(-21.1886317003498,-5.24209639992933,1.));
#2762=CARTESIAN_POINT('Ctrl Pts',(-21.0584984737433,-5.34341312728918,1.));
#2763=CARTESIAN_POINT('Ctrl Pts',(-20.920012300142,-5.40788902730671,1.));
#2764=CARTESIAN_POINT('Ctrl Pts',(-20.7815261265408,-5.47236492732425,1.));
#2765=CARTESIAN_POINT('Ctrl Pts',(-20.6346870059447,-5.49999999999948,1.));
#2766=CARTESIAN_POINT('Ctrl Pts',(-20.5000000000044,-5.49999999999948,1.));
#2767=CARTESIAN_POINT('',(-21.5000000000044,4.50000000000053,1.));
#2768=CARTESIAN_POINT('',(-21.5000000000044,-2.74999999999974,1.));
#2769=CARTESIAN_POINT('',(-20.5000000000044,5.50000000000053,1.));
#2770=CARTESIAN_POINT('Ctrl Pts',(-20.5000000000044,5.50000000000053,1.));
#2771=CARTESIAN_POINT('Ctrl Pts',(-20.7020305089149,5.50000000000053,1.));
#2772=CARTESIAN_POINT('Ctrl Pts',(-20.9348849889027,5.43029892415355,1.));
#2773=CARTESIAN_POINT('Ctrl Pts',(-21.1192118355216,5.28529858986893,1.));
#2774=CARTESIAN_POINT('Ctrl Pts',(-21.2420963999343,5.18863170034585,1.));
#2775=CARTESIAN_POINT('Ctrl Pts',(-21.3434131272941,5.05849847373937,1.));
#2776=CARTESIAN_POINT('Ctrl Pts',(-21.4078890273117,4.92001230013811,1.));
#2777=CARTESIAN_POINT('Ctrl Pts',(-21.4723649273292,4.78152612653686,1.));
#2778=CARTESIAN_POINT('Ctrl Pts',(-21.5000000000044,4.63468700594083,1.));
#2779=CARTESIAN_POINT('Ctrl Pts',(-21.5000000000044,4.50000000000053,1.));
#2780=CARTESIAN_POINT('',(-12.5000000000044,5.50000000000053,1.));
#2781=CARTESIAN_POINT('',(-10.7500000000022,5.50000000000053,1.));
#2782=CARTESIAN_POINT('Ctrl Pts',(-11.5000000000044,4.50000000000053,1.));
#2783=CARTESIAN_POINT('Ctrl Pts',(-11.5000000000044,4.70203050891097,1.));
#2784=CARTESIAN_POINT('Ctrl Pts',(-11.569624191389,4.93483681277656,1.));
#2785=CARTESIAN_POINT('Ctrl Pts',(-11.714617680511,5.11915773183778,1.));
#2786=CARTESIAN_POINT('Ctrl Pts',(-11.8112800065923,5.24203834454526,1.));
#2787=CARTESIAN_POINT('Ctrl Pts',(-11.9414397983348,5.3433698973397,1.));
#2788=CARTESIAN_POINT('Ctrl Pts',(-12.0799480452028,5.40786031120351,1.));
#2789=CARTESIAN_POINT('Ctrl Pts',(-12.2184562920707,5.47235072506733,1.));
#2790=CARTESIAN_POINT('Ctrl Pts',(-12.3653129940641,5.50000000000053,1.));
#2791=CARTESIAN_POINT('Ctrl Pts',(-12.5000000000044,5.50000000000053,1.));
#2792=CARTESIAN_POINT('Origin',(30.,-9.,0.));
#2793=CARTESIAN_POINT('',(-26.87,-9.,0.));
#2794=CARTESIAN_POINT('',(-14.125,-9.,5.5));
#2795=CARTESIAN_POINT('Origin',(-18.375,-9.,5.5));
#2796=CARTESIAN_POINT('Origin',(-26.87,-6.87,0.));
#2797=CARTESIAN_POINT('',(-29.,-6.87,0.));
#2798=CARTESIAN_POINT('Origin',(-26.87,6.87,0.));
#2799=CARTESIAN_POINT('',(-26.87,9.,0.));
#2800=CARTESIAN_POINT('',(-29.,6.87,0.));
#2801=CARTESIAN_POINT('Origin',(-30.,9.,0.));
#2802=CARTESIAN_POINT('',(-9.88,9.,0.5));
#2803=CARTESIAN_POINT('Origin',(-9.88,6.87,0.5));
#2804=CARTESIAN_POINT('',(-8.87875078027496,8.75,0.5));
#2805=CARTESIAN_POINT('Ctrl Pts',(-29.,-4.21999999999955,8.52696601125024));
#2806=CARTESIAN_POINT('Ctrl Pts',(-29.,-4.21999999999955,6.01797734083349));
#2807=CARTESIAN_POINT('Ctrl Pts',(-29.,-4.21999999999955,3.50898867041675));
#2808=CARTESIAN_POINT('Ctrl Pts',(-29.,-4.21999999999955,0.999999999999999));
#2809=CARTESIAN_POINT('Ctrl Pts',(-29.,-4.08531299405926,8.52696601125024));
#2810=CARTESIAN_POINT('Ctrl Pts',(-29.,-4.08531299405926,6.01797734083348));
#2811=CARTESIAN_POINT('Ctrl Pts',(-29.,-4.08531299405926,3.50898867041676));
#2812=CARTESIAN_POINT('Ctrl Pts',(-29.,-4.08531299405926,0.999999999999999));
#2813=CARTESIAN_POINT('Ctrl Pts',(-28.9447454237666,-3.79165458694945,8.52696601125024));
#2814=CARTESIAN_POINT('Ctrl Pts',(-28.9447454237666,-3.79165458694945,6.01797734083351));
#2815=CARTESIAN_POINT('Ctrl Pts',(-28.9447454237666,-3.79165458694945,3.50898867041673));
#2816=CARTESIAN_POINT('Ctrl Pts',(-28.9447454237666,-3.79165458694945,1.));
#2817=CARTESIAN_POINT('Ctrl Pts',(-28.5901622360444,-3.33623350834992,8.52696601125024));
#2818=CARTESIAN_POINT('Ctrl Pts',(-28.5901622360444,-3.33623350834992,6.01797734083348));
#2819=CARTESIAN_POINT('Ctrl Pts',(-28.5901622360444,-3.33623350834992,3.50898867041676));
#2820=CARTESIAN_POINT('Ctrl Pts',(-28.5901622360444,-3.33623350834992,0.999999999999999));
#2821=CARTESIAN_POINT('Ctrl Pts',(-28.2020305089104,-3.21999999999955,8.52696601125024));
#2822=CARTESIAN_POINT('Ctrl Pts',(-28.2020305089104,-3.21999999999955,6.0179773408335));
#2823=CARTESIAN_POINT('Ctrl Pts',(-28.2020305089104,-3.21999999999955,3.50898867041674));
#2824=CARTESIAN_POINT('Ctrl Pts',(-28.2020305089104,-3.21999999999955,0.999999999999999));
#2825=CARTESIAN_POINT('Ctrl Pts',(-28.,-3.21999999999955,8.52696601125024));
#2826=CARTESIAN_POINT('Ctrl Pts',(-28.,-3.21999999999955,6.01797734083349));
#2827=CARTESIAN_POINT('Ctrl Pts',(-28.,-3.21999999999955,3.50898867041675));
#2828=CARTESIAN_POINT('Ctrl Pts',(-28.,-3.21999999999955,0.999999999999999));
#2829=CARTESIAN_POINT('',(-28.,-3.21999999999955,8.395));
#2830=CARTESIAN_POINT('Ctrl Pts',(-28.,-3.21999999999955,8.395));
#2831=CARTESIAN_POINT('Ctrl Pts',(-28.,-3.21999999999955,5.93));
#2832=CARTESIAN_POINT('Ctrl Pts',(-28.,-3.21999999999955,3.465));
#2833=CARTESIAN_POINT('Ctrl Pts',(-28.,-3.21999999999955,0.999999999999999));
#2834=CARTESIAN_POINT('',(-28.75,-3.5585621722334,8.395));
#2835=CARTESIAN_POINT('Ctrl Pts',(-28.7499014226708,-3.55892088813851,8.395));
#2836=CARTESIAN_POINT('Ctrl Pts',(-28.7100721255826,-3.5135724898416,8.395));
#2837=CARTESIAN_POINT('Ctrl Pts',(-28.6662336695675,-3.47171249248807,8.395));
#2838=CARTESIAN_POINT('Ctrl Pts',(-28.6192396936886,-3.43474442436802,8.395));
#2839=CARTESIAN_POINT('Ctrl Pts',(-28.4349095451908,-3.28974010500977,8.395));
#2840=CARTESIAN_POINT('Ctrl Pts',(-28.2020305089104,-3.21999999999955,8.395));
#2841=CARTESIAN_POINT('Ctrl Pts',(-28.,-3.21999999999955,8.395));
#2842=CARTESIAN_POINT('',(-28.8944271909996,-3.77278640449908,8.25057280900021));
#2843=CARTESIAN_POINT('Ctrl Pts',(-28.8944271909997,-3.77278640449911,8.25057280900032));
#2844=CARTESIAN_POINT('Ctrl Pts',(-28.8741898122216,-3.73231164694296,8.27081018777843));
#2845=CARTESIAN_POINT('Ctrl Pts',(-28.8516222973791,-3.69404800063381,8.29337770262086));
#2846=CARTESIAN_POINT('Ctrl Pts',(-28.8031072594462,-3.62262196925874,8.34189274055374));
#2847=CARTESIAN_POINT('Ctrl Pts',(-28.777243257689,-3.58945312283987,8.36775674231097));
#2848=CARTESIAN_POINT('Ctrl Pts',(-28.75,-3.5585621722334,8.395));
#2849=CARTESIAN_POINT('',(-29.,-4.21999999999955,8.52696601125024));
#2850=CARTESIAN_POINT('Ctrl Pts',(-29.,-4.21999999999955,8.52696601125024));
#2851=CARTESIAN_POINT('Ctrl Pts',(-29.,-4.11974176373591,8.43729231861434));
#2852=CARTESIAN_POINT('Ctrl Pts',(-28.9850721440505,-4.00963207130719,8.36324902303566));
#2853=CARTESIAN_POINT('Ctrl Pts',(-28.9316227663507,-3.85395852625244,8.28476602934754));
#2854=CARTESIAN_POINT('Ctrl Pts',(-28.9145361746982,-3.81300437189611,8.26651623418362));
#2855=CARTESIAN_POINT('Ctrl Pts',(-28.8944271909997,-3.77278640449912,8.25057280900003));
#2856=CARTESIAN_POINT('Ctrl Pts',(-29.,-4.21999999999955,0.999999999999999));
#2857=CARTESIAN_POINT('Ctrl Pts',(-29.,-4.21999999999955,3.50898867041675));
#2858=CARTESIAN_POINT('Ctrl Pts',(-29.,-4.21999999999955,6.01797734083349));
#2859=CARTESIAN_POINT('Ctrl Pts',(-29.,-4.21999999999955,8.52696601125024));
#2860=CARTESIAN_POINT('Origin',(-29.,-10.,0.));
#2861=CARTESIAN_POINT('',(-29.,-4.71999999999956,9.64500000000014));
#2862=CARTESIAN_POINT('Origin',(-29.,-3.21999999999956,9.64500000000014));
#2863=CARTESIAN_POINT('',(-29.,-4.71999999999954,4.82250000000008));
#2864=CARTESIAN_POINT('Ctrl Pts',(-29.,4.22000000000043,1.));
#2865=CARTESIAN_POINT('Ctrl Pts',(-29.,4.22000000000043,3.50898867041675));
#2866=CARTESIAN_POINT('Ctrl Pts',(-29.,4.22000000000043,6.0179773408335));
#2867=CARTESIAN_POINT('Ctrl Pts',(-29.,4.22000000000043,8.52696601125025));
#2868=CARTESIAN_POINT('Ctrl Pts',(-29.,4.08531299406013,1.));
#2869=CARTESIAN_POINT('Ctrl Pts',(-29.,4.08531299406013,3.50898867041676));
#2870=CARTESIAN_POINT('Ctrl Pts',(-29.,4.08531299406013,6.01797734083349));
#2871=CARTESIAN_POINT('Ctrl Pts',(-29.,4.08531299406013,8.52696601125025));
#2872=CARTESIAN_POINT('Ctrl Pts',(-28.9447454237666,3.79165458695033,0.999999999999999));
#2873=CARTESIAN_POINT('Ctrl Pts',(-28.9447454237666,3.79165458695033,3.50898867041674));
#2874=CARTESIAN_POINT('Ctrl Pts',(-28.9447454237666,3.79165458695033,6.01797734083351));
#2875=CARTESIAN_POINT('Ctrl Pts',(-28.9447454237666,3.79165458695033,8.52696601125025));
#2876=CARTESIAN_POINT('Ctrl Pts',(-28.5901622360444,3.33623350835079,0.999999999999999));
#2877=CARTESIAN_POINT('Ctrl Pts',(-28.5901622360444,3.33623350835079,3.50898867041676));
#2878=CARTESIAN_POINT('Ctrl Pts',(-28.5901622360444,3.33623350835079,6.01797734083348));
#2879=CARTESIAN_POINT('Ctrl Pts',(-28.5901622360444,3.33623350835079,8.52696601125025));
#2880=CARTESIAN_POINT('Ctrl Pts',(-28.2020305089104,3.22000000000043,1.));
#2881=CARTESIAN_POINT('Ctrl Pts',(-28.2020305089104,3.22000000000043,3.50898867041674));
#2882=CARTESIAN_POINT('Ctrl Pts',(-28.2020305089104,3.22000000000043,6.01797734083351));
#2883=CARTESIAN_POINT('Ctrl Pts',(-28.2020305089104,3.22000000000043,8.52696601125025));
#2884=CARTESIAN_POINT('Ctrl Pts',(-28.,3.22000000000043,1.));
#2885=CARTESIAN_POINT('Ctrl Pts',(-28.,3.22000000000043,3.50898867041675));
#2886=CARTESIAN_POINT('Ctrl Pts',(-28.,3.22000000000043,6.0179773408335));
#2887=CARTESIAN_POINT('Ctrl Pts',(-28.,3.22000000000043,8.52696601125025));
#2888=CARTESIAN_POINT('',(-28.,3.22000000000043,8.395));
#2889=CARTESIAN_POINT('',(-28.7500000244748,3.55856220923674,8.39499999184172));
#2890=CARTESIAN_POINT('Ctrl Pts',(-28.,3.22000000000043,8.395));
#2891=CARTESIAN_POINT('Ctrl Pts',(-28.2020305089104,3.22000000000043,8.395));
#2892=CARTESIAN_POINT('Ctrl Pts',(-28.4349095451908,3.28974010501065,8.395));
#2893=CARTESIAN_POINT('Ctrl Pts',(-28.6192396936886,3.4347444243689,8.395));
#2894=CARTESIAN_POINT('Ctrl Pts',(-28.6662336809852,3.47171250147074,8.395));
#2895=CARTESIAN_POINT('Ctrl Pts',(-28.7100721468847,3.51357251018317,8.395));
#2896=CARTESIAN_POINT('Ctrl Pts',(-28.7499014517017,3.55892092119306,8.395));
#2897=CARTESIAN_POINT('Ctrl Pts',(-28.,3.22000000000043,1.));
#2898=CARTESIAN_POINT('Ctrl Pts',(-28.,3.22000000000043,3.465));
#2899=CARTESIAN_POINT('Ctrl Pts',(-28.,3.22000000000043,5.93000000000001));
#2900=CARTESIAN_POINT('Ctrl Pts',(-28.,3.22000000000043,8.395));
#2901=CARTESIAN_POINT('',(-29.,4.22000000000043,8.52696601125024));
#2902=CARTESIAN_POINT('Ctrl Pts',(-29.,4.22000000000043,8.52696601125025));
#2903=CARTESIAN_POINT('Ctrl Pts',(-29.,4.22000000000043,6.0179773408335));
#2904=CARTESIAN_POINT('Ctrl Pts',(-29.,4.22000000000043,3.50898867041675));
#2905=CARTESIAN_POINT('Ctrl Pts',(-29.,4.22000000000043,1.));
#2906=CARTESIAN_POINT('',(-28.8944271909993,3.77278640449939,8.25057280900028));
#2907=CARTESIAN_POINT('Ctrl Pts',(-28.8949952760104,3.77336744230748,8.25057280900028));
#2908=CARTESIAN_POINT('Ctrl Pts',(-28.8965433920682,3.77644116619857,8.25179329889336));
#2909=CARTESIAN_POINT('Ctrl Pts',(-28.8980738891423,3.77952058843176,8.25302793566714));
#2910=CARTESIAN_POINT('Ctrl Pts',(-28.899586628745,3.78260555462444,8.25427697846822));
#2911=CARTESIAN_POINT('Ctrl Pts',(-28.9024293107407,3.78840270427086,8.25662413159093));
#2912=CARTESIAN_POINT('Ctrl Pts',(-28.9052018853051,3.79420433029795,8.25901585539082));
#2913=CARTESIAN_POINT('Ctrl Pts',(-28.9079043267217,3.80000903464213,8.26145247961941));
#2914=CARTESIAN_POINT('Ctrl Pts',(-28.9214882091555,3.82918651130714,8.27370022599126));
#2915=CARTESIAN_POINT('Ctrl Pts',(-28.933303952151,3.85843962852835,8.28708242335626));
#2916=CARTESIAN_POINT('Ctrl Pts',(-28.9435512972234,3.8876518354191,8.30164095007693));
#2917=CARTESIAN_POINT('Ctrl Pts',(-28.9544248018998,3.91864904162151,8.31708906929817));
#2918=CARTESIAN_POINT('Ctrl Pts',(-28.9635323708991,3.94960087842787,8.33386166821297));
#2919=CARTESIAN_POINT('Ctrl Pts',(-28.9710598120871,3.98039273031587,8.35200878070859));
#2920=CARTESIAN_POINT('Ctrl Pts',(-28.972882729412,3.98784958037588,8.35640345945003));
#2921=CARTESIAN_POINT('Ctrl Pts',(-28.9746127489816,3.99529712661359,8.36087874806469));
#2922=CARTESIAN_POINT('Ctrl Pts',(-28.9762520834321,4.00273386627214,8.36543535714905));
#2923=CARTESIAN_POINT('Ctrl Pts',(-28.9833757207227,4.03504980761878,8.38523585019714));
#2924=CARTESIAN_POINT('Ctrl Pts',(-28.9887147565096,4.06681753375305,8.40635815575218));
#2925=CARTESIAN_POINT('Ctrl Pts',(-28.9925145202281,4.09786249926016,8.42875685377471));
#2926=CARTESIAN_POINT('Ctrl Pts',(-28.9965175828689,4.13056846489581,8.45235395030362));
#2927=CARTESIAN_POINT('Ctrl Pts',(-28.9988122262174,4.16247259202103,8.47736767483246));
#2928=CARTESIAN_POINT('Ctrl Pts',(-28.9996425299736,4.1934096677292,8.50374491997948));
#2929=CARTESIAN_POINT('Ctrl Pts',(-28.9998826065097,4.2023549072468,8.51137171631538));
#2930=CARTESIAN_POINT('Ctrl Pts',(-29.,4.21121951643741,8.51911250800135));
#2931=CARTESIAN_POINT('Ctrl Pts',(-29.,4.22000000000043,8.52696601125024));
#2932=CARTESIAN_POINT('Ctrl Pts',(-28.7500000227026,3.55856219797657,8.39499997729743));
#2933=CARTESIAN_POINT('Ctrl Pts',(-28.7711714331008,3.58256832255962,8.37382856689919));
#2934=CARTESIAN_POINT('Ctrl Pts',(-28.7912179175757,3.607621636162,8.35378208242449));
#2935=CARTESIAN_POINT('Ctrl Pts',(-28.8410941642397,3.67652840737652,8.30390583576054));
#2936=CARTESIAN_POINT('Ctrl Pts',(-28.8695213465598,3.72297471562033,8.27547865344022));
#2937=CARTESIAN_POINT('Ctrl Pts',(-28.8944271909994,3.77278640449947,8.25057280900058));
#2938=CARTESIAN_POINT('Origin',(-29.,3.22000000000043,1.));
#2939=CARTESIAN_POINT('',(-23.7000000000047,3.22000000000044,8.395));
#2940=CARTESIAN_POINT('',(-22.7000000000047,3.22000000000045,8.395));
#2941=CARTESIAN_POINT('Ctrl Pts',(-23.7000000000047,3.22000000000044,8.395));
#2942=CARTESIAN_POINT('Ctrl Pts',(-23.7000000000047,3.22000000000044,5.93));
#2943=CARTESIAN_POINT('Ctrl Pts',(-23.7000000000047,3.22000000000044,3.465));
#2944=CARTESIAN_POINT('Ctrl Pts',(-23.7000000000047,3.22000000000044,1.));
#2945=CARTESIAN_POINT('Ctrl Pts',(-23.7000000000047,3.22000000000044,1.));
#2946=CARTESIAN_POINT('Ctrl Pts',(-23.7000000000047,3.22000000000044,3.465));
#2947=CARTESIAN_POINT('Ctrl Pts',(-23.7000000000047,3.22000000000044,5.93));
#2948=CARTESIAN_POINT('Ctrl Pts',(-23.7000000000047,3.22000000000044,8.395));
#2949=CARTESIAN_POINT('Ctrl Pts',(-23.5653129940644,3.22000000000044,1.));
#2950=CARTESIAN_POINT('Ctrl Pts',(-23.5653129940644,3.22000000000044,3.46500000000001));
#2951=CARTESIAN_POINT('Ctrl Pts',(-23.5653129940644,3.22000000000044,5.92999999999999));
#2952=CARTESIAN_POINT('Ctrl Pts',(-23.5653129940644,3.22000000000044,8.395));
#2953=CARTESIAN_POINT('Ctrl Pts',(-23.2716321195562,3.16472776664954,1.));
#2954=CARTESIAN_POINT('Ctrl Pts',(-23.2716321195562,3.16472776664954,3.46499999999999));
#2955=CARTESIAN_POINT('Ctrl Pts',(-23.2716321195562,3.16472776664954,5.93000000000002));
#2956=CARTESIAN_POINT('Ctrl Pts',(-23.2716321195562,3.16472776664954,8.395));
#2957=CARTESIAN_POINT('Ctrl Pts',(-22.8161594891964,2.81011567341449,1.));
#2958=CARTESIAN_POINT('Ctrl Pts',(-22.8161594891964,2.81011567341449,3.46500000000001));
#2959=CARTESIAN_POINT('Ctrl Pts',(-22.8161594891964,2.81011567341449,5.92999999999999));
#2960=CARTESIAN_POINT('Ctrl Pts',(-22.8161594891964,2.81011567341449,8.395));
#2961=CARTESIAN_POINT('Ctrl Pts',(-22.7000000000047,2.42203050891089,1.));
#2962=CARTESIAN_POINT('Ctrl Pts',(-22.7000000000047,2.42203050891089,3.46499999999999));
#2963=CARTESIAN_POINT('Ctrl Pts',(-22.7000000000047,2.42203050891089,5.93000000000001));
#2964=CARTESIAN_POINT('Ctrl Pts',(-22.7000000000047,2.42203050891089,8.395));
#2965=CARTESIAN_POINT('Ctrl Pts',(-22.7000000000047,2.22000000000045,1.));
#2966=CARTESIAN_POINT('Ctrl Pts',(-22.7000000000047,2.22000000000045,3.465));
#2967=CARTESIAN_POINT('Ctrl Pts',(-22.7000000000047,2.22000000000045,5.93));
#2968=CARTESIAN_POINT('Ctrl Pts',(-22.7000000000047,2.22000000000045,8.395));
#2969=CARTESIAN_POINT('',(-22.7000000000047,2.22000000000045,8.395));
#2970=CARTESIAN_POINT('Ctrl Pts',(-22.7000000000047,2.22000000000045,8.395));
#2971=CARTESIAN_POINT('Ctrl Pts',(-22.7000000000047,2.42203050891089,8.395));
#2972=CARTESIAN_POINT('Ctrl Pts',(-22.7696956935197,2.65488160761305,8.395));
#2973=CARTESIAN_POINT('Ctrl Pts',(-22.9146955044468,2.83920801392578,8.395));
#2974=CARTESIAN_POINT('Ctrl Pts',(-23.0113620450649,2.96209228480094,8.395));
#2975=CARTESIAN_POINT('Ctrl Pts',(-23.1414970823105,3.06341002572524,8.395));
#2976=CARTESIAN_POINT('Ctrl Pts',(-23.2799848195604,3.12788695452511,8.395));
#2977=CARTESIAN_POINT('Ctrl Pts',(-23.4184725568103,3.19236388332499,8.395));
#2978=CARTESIAN_POINT('Ctrl Pts',(-23.5653129940644,3.22000000000044,8.395));
#2979=CARTESIAN_POINT('Ctrl Pts',(-23.7000000000047,3.22000000000044,8.395));
#2980=CARTESIAN_POINT('Ctrl Pts',(-22.7000000000047,2.22000000000045,1.));
#2981=CARTESIAN_POINT('Ctrl Pts',(-22.7000000000047,2.22000000000045,3.465));
#2982=CARTESIAN_POINT('Ctrl Pts',(-22.7000000000047,2.22000000000045,5.93));
#2983=CARTESIAN_POINT('Ctrl Pts',(-22.7000000000047,2.22000000000045,8.395));
#2984=CARTESIAN_POINT('Origin',(-25.8500000000023,4.45754544387E-13,8.395));
#2985=CARTESIAN_POINT('',(-28.75,-0.804999999999554,8.395));
#2986=CARTESIAN_POINT('',(-23.7000000000047,-3.21999999999954,8.395));
#2987=CARTESIAN_POINT('',(-30.0000000000047,-3.21999999999956,8.395));
#2988=CARTESIAN_POINT('',(-22.7000000000047,-2.21999999999954,8.395));
#2989=CARTESIAN_POINT('Ctrl Pts',(-23.7000000000047,-3.21999999999954,8.395));
#2990=CARTESIAN_POINT('Ctrl Pts',(-23.4979694910942,-3.21999999999954,8.395));
#2991=CARTESIAN_POINT('Ctrl Pts',(-23.2651183923921,-3.15030430648451,8.395));
#2992=CARTESIAN_POINT('Ctrl Pts',(-23.0807919860793,-3.00530449555741,8.395));
#2993=CARTESIAN_POINT('Ctrl Pts',(-22.9579077152042,-2.90863795493935,8.395));
#2994=CARTESIAN_POINT('Ctrl Pts',(-22.8565899742799,-2.7785029176937,8.395));
#2995=CARTESIAN_POINT('Ctrl Pts',(-22.79211304548,-2.64001518044382,8.395));
#2996=CARTESIAN_POINT('Ctrl Pts',(-22.7276361166801,-2.50152744319394,8.395));
#2997=CARTESIAN_POINT('Ctrl Pts',(-22.7000000000047,-2.35468700593983,8.395));
#2998=CARTESIAN_POINT('Ctrl Pts',(-22.7000000000047,-2.21999999999954,8.395));
#2999=CARTESIAN_POINT('',(-22.7000000000047,-3.21999999999954,8.395));
#3000=CARTESIAN_POINT('Origin',(-22.7000000000047,3.22000000000045,1.));
#3001=CARTESIAN_POINT('Ctrl Pts',(-22.7000000000047,-2.21999999999954,8.395));
#3002=CARTESIAN_POINT('Ctrl Pts',(-22.7000000000047,-2.21999999999954,5.93));
#3003=CARTESIAN_POINT('Ctrl Pts',(-22.7000000000047,-2.21999999999954,3.465));
#3004=CARTESIAN_POINT('Ctrl Pts',(-22.7000000000047,-2.21999999999954,1.));
#3005=CARTESIAN_POINT('Ctrl Pts',(-22.7000000000047,-2.21999999999954,1.));
#3006=CARTESIAN_POINT('Ctrl Pts',(-22.7000000000047,-2.21999999999954,3.465));
#3007=CARTESIAN_POINT('Ctrl Pts',(-22.7000000000047,-2.21999999999954,5.93));
#3008=CARTESIAN_POINT('Ctrl Pts',(-22.7000000000047,-2.21999999999954,8.395));
#3009=CARTESIAN_POINT('Ctrl Pts',(-22.7000000000047,-2.35468700593983,1.));
#3010=CARTESIAN_POINT('Ctrl Pts',(-22.7000000000047,-2.35468700593983,3.46500000000001));
#3011=CARTESIAN_POINT('Ctrl Pts',(-22.7000000000047,-2.35468700593983,5.92999999999999));
#3012=CARTESIAN_POINT('Ctrl Pts',(-22.7000000000047,-2.35468700593983,8.395));
#3013=CARTESIAN_POINT('Ctrl Pts',(-22.7552722333556,-2.64836788044805,1.));
#3014=CARTESIAN_POINT('Ctrl Pts',(-22.7552722333556,-2.64836788044805,3.46499999999999));
#3015=CARTESIAN_POINT('Ctrl Pts',(-22.7552722333556,-2.64836788044805,5.93000000000002));
#3016=CARTESIAN_POINT('Ctrl Pts',(-22.7552722333556,-2.64836788044805,8.39500000000001));
#3017=CARTESIAN_POINT('Ctrl Pts',(-23.1098843265906,-3.10384051080782,1.));
#3018=CARTESIAN_POINT('Ctrl Pts',(-23.1098843265906,-3.10384051080782,3.46500000000001));
#3019=CARTESIAN_POINT('Ctrl Pts',(-23.1098843265906,-3.10384051080782,5.92999999999999));
#3020=CARTESIAN_POINT('Ctrl Pts',(-23.1098843265906,-3.10384051080782,8.395));
#3021=CARTESIAN_POINT('Ctrl Pts',(-23.4979694910942,-3.21999999999954,1.));
#3022=CARTESIAN_POINT('Ctrl Pts',(-23.4979694910942,-3.21999999999954,3.46499999999999));
#3023=CARTESIAN_POINT('Ctrl Pts',(-23.4979694910942,-3.21999999999954,5.93000000000001));
#3024=CARTESIAN_POINT('Ctrl Pts',(-23.4979694910942,-3.21999999999954,8.395));
#3025=CARTESIAN_POINT('Ctrl Pts',(-23.7000000000047,-3.21999999999954,1.));
#3026=CARTESIAN_POINT('Ctrl Pts',(-23.7000000000047,-3.21999999999954,3.465));
#3027=CARTESIAN_POINT('Ctrl Pts',(-23.7000000000047,-3.21999999999954,5.93));
#3028=CARTESIAN_POINT('Ctrl Pts',(-23.7000000000047,-3.21999999999954,8.395));
#3029=CARTESIAN_POINT('Ctrl Pts',(-23.7000000000047,-3.21999999999954,1.));
#3030=CARTESIAN_POINT('Ctrl Pts',(-23.7000000000047,-3.21999999999954,3.465));
#3031=CARTESIAN_POINT('Ctrl Pts',(-23.7000000000047,-3.21999999999954,5.93));
#3032=CARTESIAN_POINT('Ctrl Pts',(-23.7000000000047,-3.21999999999954,8.395));
#3033=CARTESIAN_POINT('Ctrl Pts',(-20.5000000000044,-5.49999999999948,1.));
#3034=CARTESIAN_POINT('Ctrl Pts',(-20.5000000000044,-5.49999999999948,3.86666666666667));
#3035=CARTESIAN_POINT('Ctrl Pts',(-20.5000000000044,-5.49999999999948,6.73333333333333));
#3036=CARTESIAN_POINT('Ctrl Pts',(-20.5000000000044,-5.49999999999948,9.6));
#3037=CARTESIAN_POINT('Ctrl Pts',(-20.6346870059447,-5.49999999999948,1.));
#3038=CARTESIAN_POINT('Ctrl Pts',(-20.6346870059447,-5.49999999999948,3.86666666666668));
#3039=CARTESIAN_POINT('Ctrl Pts',(-20.6346870059447,-5.49999999999948,6.73333333333332));
#3040=CARTESIAN_POINT('Ctrl Pts',(-20.6346870059447,-5.49999999999948,9.6));
#3041=CARTESIAN_POINT('Ctrl Pts',(-20.9283652471368,-5.44472985464902,1.));
#3042=CARTESIAN_POINT('Ctrl Pts',(-20.9283652471368,-5.44472985464902,3.86666666666665));
#3043=CARTESIAN_POINT('Ctrl Pts',(-20.9283652471368,-5.44472985464902,6.73333333333335));
#3044=CARTESIAN_POINT('Ctrl Pts',(-20.9283652471368,-5.44472985464902,9.6));
#3045=CARTESIAN_POINT('Ctrl Pts',(-21.3838315402595,-5.09012130888957,1.));
#3046=CARTESIAN_POINT('Ctrl Pts',(-21.3838315402595,-5.09012130888957,3.86666666666668));
#3047=CARTESIAN_POINT('Ctrl Pts',(-21.3838315402595,-5.09012130888957,6.73333333333332));
#3048=CARTESIAN_POINT('Ctrl Pts',(-21.3838315402595,-5.09012130888957,9.6));
#3049=CARTESIAN_POINT('Ctrl Pts',(-21.5000000000044,-4.70203050890993,1.));
#3050=CARTESIAN_POINT('Ctrl Pts',(-21.5000000000044,-4.70203050890993,3.86666666666665));
#3051=CARTESIAN_POINT('Ctrl Pts',(-21.5000000000044,-4.70203050890993,6.73333333333335));
#3052=CARTESIAN_POINT('Ctrl Pts',(-21.5000000000044,-4.70203050890993,9.6));
#3053=CARTESIAN_POINT('Ctrl Pts',(-21.5000000000044,-4.49999999999948,1.));
#3054=CARTESIAN_POINT('Ctrl Pts',(-21.5000000000044,-4.49999999999948,3.86666666666667));
#3055=CARTESIAN_POINT('Ctrl Pts',(-21.5000000000044,-4.49999999999948,6.73333333333333));
#3056=CARTESIAN_POINT('Ctrl Pts',(-21.5000000000044,-4.49999999999948,9.6));
#3057=CARTESIAN_POINT('',(-21.5000000000044,-4.49999999999948,9.6));
#3058=CARTESIAN_POINT('',(-20.5000000000044,-5.49999999999948,9.6));
#3059=CARTESIAN_POINT('Ctrl Pts',(-21.5000000000044,-4.49999999999948,9.6));
#3060=CARTESIAN_POINT('Ctrl Pts',(-21.5000000000044,-4.70203050890993,9.6));
#3061=CARTESIAN_POINT('Ctrl Pts',(-21.4302989241575,-4.93488498889771,9.6));
#3062=CARTESIAN_POINT('Ctrl Pts',(-21.2852985898728,-5.11921183551668,9.6));
#3063=CARTESIAN_POINT('Ctrl Pts',(-21.1886317003498,-5.24209639992933,9.6));
#3064=CARTESIAN_POINT('Ctrl Pts',(-21.0584984737433,-5.34341312728918,9.6));
#3065=CARTESIAN_POINT('Ctrl Pts',(-20.920012300142,-5.40788902730671,9.6));
#3066=CARTESIAN_POINT('Ctrl Pts',(-20.7815261265408,-5.47236492732425,9.6));
#3067=CARTESIAN_POINT('Ctrl Pts',(-20.6346870059447,-5.49999999999948,9.6));
#3068=CARTESIAN_POINT('Ctrl Pts',(-20.5000000000044,-5.49999999999948,9.6));
#3069=CARTESIAN_POINT('Ctrl Pts',(-21.5000000000044,-4.49999999999948,1.));
#3070=CARTESIAN_POINT('Ctrl Pts',(-21.5000000000044,-4.49999999999948,3.86666666666667));
#3071=CARTESIAN_POINT('Ctrl Pts',(-21.5000000000044,-4.49999999999948,6.73333333333333));
#3072=CARTESIAN_POINT('Ctrl Pts',(-21.5000000000044,-4.49999999999948,9.6));
#3073=CARTESIAN_POINT('Ctrl Pts',(-20.5000000000044,-5.49999999999948,9.6));
#3074=CARTESIAN_POINT('Ctrl Pts',(-20.5000000000044,-5.49999999999948,6.73333333333333));
#3075=CARTESIAN_POINT('Ctrl Pts',(-20.5000000000044,-5.49999999999948,3.86666666666667));
#3076=CARTESIAN_POINT('Ctrl Pts',(-20.5000000000044,-5.49999999999948,1.));
#3077=CARTESIAN_POINT('Origin',(-16.5000000000044,5.24025267623074E-13,
9.6));
#3078=CARTESIAN_POINT('',(-12.5000000000044,-5.49999999999948,9.6));
#3079=CARTESIAN_POINT('',(-11.5000000000044,-5.49999999999948,9.6));
#3080=CARTESIAN_POINT('',(-11.5000000000044,-4.49999999999948,9.6));
#3081=CARTESIAN_POINT('Ctrl Pts',(-12.5000000000044,-5.49999999999948,9.6));
#3082=CARTESIAN_POINT('Ctrl Pts',(-12.297969491094,-5.49999999999948,9.6));
#3083=CARTESIAN_POINT('Ctrl Pts',(-12.0651631872284,-5.43037580861497,9.6));
#3084=CARTESIAN_POINT('Ctrl Pts',(-11.8808422681672,-5.28538231949294,9.6));
#3085=CARTESIAN_POINT('Ctrl Pts',(-11.7579616554597,-5.18871999341158,9.6));
#3086=CARTESIAN_POINT('Ctrl Pts',(-11.6566301026653,-5.0585602016691,9.6));
#3087=CARTESIAN_POINT('Ctrl Pts',(-11.5921396888015,-4.92005195480115,9.6));
#3088=CARTESIAN_POINT('Ctrl Pts',(-11.5276492749376,-4.7815437079332,9.6));
#3089=CARTESIAN_POINT('Ctrl Pts',(-11.5000000000044,-4.63468700593978,9.6));
#3090=CARTESIAN_POINT('Ctrl Pts',(-11.5000000000044,-4.49999999999948,9.6));
#3091=CARTESIAN_POINT('',(-11.5000000000044,4.50000000000053,9.6));
#3092=CARTESIAN_POINT('',(-11.5000000000044,5.50000000000053,9.6));
#3093=CARTESIAN_POINT('',(-12.5000000000044,5.50000000000053,9.6));
#3094=CARTESIAN_POINT('Ctrl Pts',(-11.5000000000044,4.50000000000053,9.6));
#3095=CARTESIAN_POINT('Ctrl Pts',(-11.5000000000044,4.70203050891097,9.6));
#3096=CARTESIAN_POINT('Ctrl Pts',(-11.569624191389,4.93483681277656,9.6));
#3097=CARTESIAN_POINT('Ctrl Pts',(-11.714617680511,5.11915773183778,9.6));
#3098=CARTESIAN_POINT('Ctrl Pts',(-11.8112800065923,5.24203834454526,9.6));
#3099=CARTESIAN_POINT('Ctrl Pts',(-11.9414397983348,5.3433698973397,9.6));
#3100=CARTESIAN_POINT('Ctrl Pts',(-12.0799480452028,5.40786031120351,9.6));
#3101=CARTESIAN_POINT('Ctrl Pts',(-12.2184562920707,5.47235072506733,9.6));
#3102=CARTESIAN_POINT('Ctrl Pts',(-12.3653129940641,5.50000000000053,9.6));
#3103=CARTESIAN_POINT('Ctrl Pts',(-12.5000000000044,5.50000000000053,9.6));
#3104=CARTESIAN_POINT('',(-20.5000000000044,5.50000000000053,9.6));
#3105=CARTESIAN_POINT('',(-21.5000000000044,5.50000000000053,9.6));
#3106=CARTESIAN_POINT('',(-21.5000000000044,4.50000000000053,9.6));
#3107=CARTESIAN_POINT('Ctrl Pts',(-20.5000000000044,5.50000000000053,9.6));
#3108=CARTESIAN_POINT('Ctrl Pts',(-20.7020305089149,5.50000000000053,9.6));
#3109=CARTESIAN_POINT('Ctrl Pts',(-20.9348849889027,5.43029892415355,9.6));
#3110=CARTESIAN_POINT('Ctrl Pts',(-21.1192118355216,5.28529858986893,9.6));
#3111=CARTESIAN_POINT('Ctrl Pts',(-21.2420963999343,5.18863170034585,9.6));
#3112=CARTESIAN_POINT('Ctrl Pts',(-21.3434131272941,5.05849847373937,9.6));
#3113=CARTESIAN_POINT('Ctrl Pts',(-21.4078890273117,4.92001230013811,9.6));
#3114=CARTESIAN_POINT('Ctrl Pts',(-21.4723649273292,4.78152612653686,9.6));
#3115=CARTESIAN_POINT('Ctrl Pts',(-21.5000000000044,4.63468700594083,9.6));
#3116=CARTESIAN_POINT('Ctrl Pts',(-21.5000000000044,4.50000000000053,9.6));
#3117=CARTESIAN_POINT('',(-21.5000000000044,-5.49999999999948,9.6));
#3118=CARTESIAN_POINT('Origin',(-21.5000000000044,-5.49999999999948,1.));
#3119=CARTESIAN_POINT('Ctrl Pts',(-21.5000000000044,4.50000000000053,9.6));
#3120=CARTESIAN_POINT('Ctrl Pts',(-21.5000000000044,4.50000000000053,6.73333333333333));
#3121=CARTESIAN_POINT('Ctrl Pts',(-21.5000000000044,4.50000000000053,3.86666666666667));
#3122=CARTESIAN_POINT('Ctrl Pts',(-21.5000000000044,4.50000000000053,1.));
#3123=CARTESIAN_POINT('Ctrl Pts',(-21.5000000000044,4.50000000000053,1.));
#3124=CARTESIAN_POINT('Ctrl Pts',(-21.5000000000044,4.50000000000053,3.86666666666667));
#3125=CARTESIAN_POINT('Ctrl Pts',(-21.5000000000044,4.50000000000053,6.73333333333333));
#3126=CARTESIAN_POINT('Ctrl Pts',(-21.5000000000044,4.50000000000053,9.6));
#3127=CARTESIAN_POINT('Ctrl Pts',(-21.5000000000044,4.63468700594083,1.));
#3128=CARTESIAN_POINT('Ctrl Pts',(-21.5000000000044,4.63468700594083,3.86666666666668));
#3129=CARTESIAN_POINT('Ctrl Pts',(-21.5000000000044,4.63468700594083,6.73333333333332));
#3130=CARTESIAN_POINT('Ctrl Pts',(-21.5000000000044,4.63468700594083,9.6));
#3131=CARTESIAN_POINT('Ctrl Pts',(-21.444729854654,4.92836524713289,1.));
#3132=CARTESIAN_POINT('Ctrl Pts',(-21.444729854654,4.92836524713289,3.86666666666665));
#3133=CARTESIAN_POINT('Ctrl Pts',(-21.444729854654,4.92836524713289,6.73333333333335));
#3134=CARTESIAN_POINT('Ctrl Pts',(-21.444729854654,4.92836524713289,9.6));
#3135=CARTESIAN_POINT('Ctrl Pts',(-21.0901213088945,5.38383154025557,1.));
#3136=CARTESIAN_POINT('Ctrl Pts',(-21.0901213088945,5.38383154025557,3.86666666666668));
#3137=CARTESIAN_POINT('Ctrl Pts',(-21.0901213088945,5.38383154025557,6.73333333333332));
#3138=CARTESIAN_POINT('Ctrl Pts',(-21.0901213088945,5.38383154025557,9.6));
#3139=CARTESIAN_POINT('Ctrl Pts',(-20.7020305089149,5.50000000000053,1.));
#3140=CARTESIAN_POINT('Ctrl Pts',(-20.7020305089149,5.50000000000053,3.86666666666665));
#3141=CARTESIAN_POINT('Ctrl Pts',(-20.7020305089149,5.50000000000053,6.73333333333335));
#3142=CARTESIAN_POINT('Ctrl Pts',(-20.7020305089149,5.50000000000053,9.6));
#3143=CARTESIAN_POINT('Ctrl Pts',(-20.5000000000044,5.50000000000053,1.));
#3144=CARTESIAN_POINT('Ctrl Pts',(-20.5000000000044,5.50000000000053,3.86666666666667));
#3145=CARTESIAN_POINT('Ctrl Pts',(-20.5000000000044,5.50000000000053,6.73333333333333));
#3146=CARTESIAN_POINT('Ctrl Pts',(-20.5000000000044,5.50000000000053,9.6));
#3147=CARTESIAN_POINT('Ctrl Pts',(-20.5000000000044,5.50000000000053,1.));
#3148=CARTESIAN_POINT('Ctrl Pts',(-20.5000000000044,5.50000000000053,3.86666666666667));
#3149=CARTESIAN_POINT('Ctrl Pts',(-20.5000000000044,5.50000000000053,6.73333333333333));
#3150=CARTESIAN_POINT('Ctrl Pts',(-20.5000000000044,5.50000000000053,9.6));
#3151=CARTESIAN_POINT('Ctrl Pts',(-11.5000000000044,-4.49999999999948,1.));
#3152=CARTESIAN_POINT('Ctrl Pts',(-11.5000000000044,-4.49999999999948,3.86666666666667));
#3153=CARTESIAN_POINT('Ctrl Pts',(-11.5000000000044,-4.49999999999948,6.73333333333333));
#3154=CARTESIAN_POINT('Ctrl Pts',(-11.5000000000044,-4.49999999999948,9.6));
#3155=CARTESIAN_POINT('Ctrl Pts',(-11.5000000000044,-4.63468700593978,1.));
#3156=CARTESIAN_POINT('Ctrl Pts',(-11.5000000000044,-4.63468700593978,3.86666666666668));
#3157=CARTESIAN_POINT('Ctrl Pts',(-11.5000000000044,-4.63468700593978,6.73333333333332));
#3158=CARTESIAN_POINT('Ctrl Pts',(-11.5000000000044,-4.63468700593978,9.6));
#3159=CARTESIAN_POINT('Ctrl Pts',(-11.5552985498708,-4.92840040992662,1.));
#3160=CARTESIAN_POINT('Ctrl Pts',(-11.5552985498708,-4.92840040992662,3.86666666666665));
#3161=CARTESIAN_POINT('Ctrl Pts',(-11.5552985498708,-4.92840040992662,6.73333333333335));
#3162=CARTESIAN_POINT('Ctrl Pts',(-11.5552985498708,-4.92840040992662,9.6));
#3163=CARTESIAN_POINT('Ctrl Pts',(-11.9099589846514,-5.3839596810253,1.));
#3164=CARTESIAN_POINT('Ctrl Pts',(-11.9099589846514,-5.3839596810253,3.86666666666668));
#3165=CARTESIAN_POINT('Ctrl Pts',(-11.9099589846514,-5.3839596810253,6.73333333333332));
#3166=CARTESIAN_POINT('Ctrl Pts',(-11.9099589846514,-5.3839596810253,9.60000000000001));
#3167=CARTESIAN_POINT('Ctrl Pts',(-12.297969491094,-5.49999999999948,1.));
#3168=CARTESIAN_POINT('Ctrl Pts',(-12.297969491094,-5.49999999999948,3.86666666666665));
#3169=CARTESIAN_POINT('Ctrl Pts',(-12.297969491094,-5.49999999999948,6.73333333333335));
#3170=CARTESIAN_POINT('Ctrl Pts',(-12.297969491094,-5.49999999999948,9.6));
#3171=CARTESIAN_POINT('Ctrl Pts',(-12.5000000000044,-5.49999999999948,1.));
#3172=CARTESIAN_POINT('Ctrl Pts',(-12.5000000000044,-5.49999999999948,3.86666666666667));
#3173=CARTESIAN_POINT('Ctrl Pts',(-12.5000000000044,-5.49999999999948,6.73333333333333));
#3174=CARTESIAN_POINT('Ctrl Pts',(-12.5000000000044,-5.49999999999948,9.6));
#3175=CARTESIAN_POINT('Ctrl Pts',(-12.5000000000044,-5.49999999999948,1.));
#3176=CARTESIAN_POINT('Ctrl Pts',(-12.5000000000044,-5.49999999999948,3.86666666666667));
#3177=CARTESIAN_POINT('Ctrl Pts',(-12.5000000000044,-5.49999999999948,6.73333333333333));
#3178=CARTESIAN_POINT('Ctrl Pts',(-12.5000000000044,-5.49999999999948,9.6));
#3179=CARTESIAN_POINT('Ctrl Pts',(-11.5000000000044,-4.49999999999948,9.6));
#3180=CARTESIAN_POINT('Ctrl Pts',(-11.5000000000044,-4.49999999999948,6.73333333333333));
#3181=CARTESIAN_POINT('Ctrl Pts',(-11.5000000000044,-4.49999999999948,3.86666666666667));
#3182=CARTESIAN_POINT('Ctrl Pts',(-11.5000000000044,-4.49999999999948,1.));
#3183=CARTESIAN_POINT('Origin',(-11.5000000000044,5.50000000000053,1.));
#3184=CARTESIAN_POINT('Ctrl Pts',(-11.5000000000044,4.50000000000053,1.));
#3185=CARTESIAN_POINT('Ctrl Pts',(-11.5000000000044,4.50000000000053,3.86666666666667));
#3186=CARTESIAN_POINT('Ctrl Pts',(-11.5000000000044,4.50000000000053,6.73333333333333));
#3187=CARTESIAN_POINT('Ctrl Pts',(-11.5000000000044,4.50000000000053,9.6));
#3188=CARTESIAN_POINT('Ctrl Pts',(-12.5000000000044,5.50000000000053,1.));
#3189=CARTESIAN_POINT('Ctrl Pts',(-12.5000000000044,5.50000000000053,3.86666666666667));
#3190=CARTESIAN_POINT('Ctrl Pts',(-12.5000000000044,5.50000000000053,6.73333333333333));
#3191=CARTESIAN_POINT('Ctrl Pts',(-12.5000000000044,5.50000000000053,9.6));
#3192=CARTESIAN_POINT('Ctrl Pts',(-12.3653129940641,5.50000000000053,1.));
#3193=CARTESIAN_POINT('Ctrl Pts',(-12.3653129940641,5.50000000000053,3.86666666666668));
#3194=CARTESIAN_POINT('Ctrl Pts',(-12.3653129940641,5.50000000000053,6.73333333333332));
#3195=CARTESIAN_POINT('Ctrl Pts',(-12.3653129940641,5.50000000000053,9.6));
#3196=CARTESIAN_POINT('Ctrl Pts',(-12.0715995900773,5.44470145013413,1.));
#3197=CARTESIAN_POINT('Ctrl Pts',(-12.0715995900773,5.44470145013413,3.86666666666665));
#3198=CARTESIAN_POINT('Ctrl Pts',(-12.0715995900773,5.44470145013413,6.73333333333335));
#3199=CARTESIAN_POINT('Ctrl Pts',(-12.0715995900773,5.44470145013413,9.6));
#3200=CARTESIAN_POINT('Ctrl Pts',(-11.6160403189786,5.09004101535361,1.));
#3201=CARTESIAN_POINT('Ctrl Pts',(-11.6160403189786,5.09004101535361,3.86666666666668));
#3202=CARTESIAN_POINT('Ctrl Pts',(-11.6160403189786,5.09004101535361,6.73333333333332));
#3203=CARTESIAN_POINT('Ctrl Pts',(-11.6160403189786,5.09004101535361,9.6));
#3204=CARTESIAN_POINT('Ctrl Pts',(-11.5000000000044,4.70203050891097,1.));
#3205=CARTESIAN_POINT('Ctrl Pts',(-11.5000000000044,4.70203050891097,3.86666666666665));
#3206=CARTESIAN_POINT('Ctrl Pts',(-11.5000000000044,4.70203050891097,6.73333333333334));
#3207=CARTESIAN_POINT('Ctrl Pts',(-11.5000000000044,4.70203050891097,9.6));
#3208=CARTESIAN_POINT('Ctrl Pts',(-11.5000000000044,4.50000000000053,1.));
#3209=CARTESIAN_POINT('Ctrl Pts',(-11.5000000000044,4.50000000000053,3.86666666666667));
#3210=CARTESIAN_POINT('Ctrl Pts',(-11.5000000000044,4.50000000000053,6.73333333333333));
#3211=CARTESIAN_POINT('Ctrl Pts',(-11.5000000000044,4.50000000000053,9.6));
#3212=CARTESIAN_POINT('Ctrl Pts',(-12.5000000000044,5.50000000000053,9.6));
#3213=CARTESIAN_POINT('Ctrl Pts',(-12.5000000000044,5.50000000000053,6.73333333333333));
#3214=CARTESIAN_POINT('Ctrl Pts',(-12.5000000000044,5.50000000000053,3.86666666666667));
#3215=CARTESIAN_POINT('Ctrl Pts',(-12.5000000000044,5.50000000000053,1.));
#3216=CARTESIAN_POINT('Origin',(-18.375,-9.25,5.5));
#3217=CARTESIAN_POINT('',(-14.625,-9.5,5.5));
#3218=CARTESIAN_POINT('',(-14.375,-9.25,5.5));
#3219=CARTESIAN_POINT('Origin',(-18.375,-9.5,5.5));
#3220=CARTESIAN_POINT('Origin',(-18.375,-11.5,5.5));
#3221=CARTESIAN_POINT('',(-14.625,-11.,5.5));
#3222=CARTESIAN_POINT('Origin',(-18.375,-11.,5.5));
#3223=CARTESIAN_POINT('',(-14.625,-11.5,5.5));
#3224=CARTESIAN_POINT('Origin',(-18.375,-11.25,5.5));
#3225=CARTESIAN_POINT('',(-14.125,-11.5,5.5));
#3226=CARTESIAN_POINT('Origin',(-18.375,-11.5,5.5));
#3227=CARTESIAN_POINT('',(-14.375,-11.25,5.5));
#3228=CARTESIAN_POINT('Origin',(30.,-11.5,0.));
#3229=CARTESIAN_POINT('Origin',(-6.75,-8.75,1.));
#3230=CARTESIAN_POINT('Origin',(-7.75,8.75,1.));
#3231=CARTESIAN_POINT('Origin',(-28.875,-1.60999999999955,8.27));
#3232=CARTESIAN_POINT('',(-29.,3.22000000000043,8.14500000000014));
#3233=CARTESIAN_POINT('Origin',(-27.4999999999999,3.22000000000043,9.64500000000014));
#3234=CARTESIAN_POINT('',(-29.,-3.21999999999956,8.14500000000014));
#3235=CARTESIAN_POINT('',(-29.,-3.38999999999979,8.14500000000014));
#3236=CARTESIAN_POINT('Origin',(-27.4999999999999,-3.21999999999956,9.64500000000014));
#3237=CARTESIAN_POINT('Origin',(-22.7000000000047,-3.21999999999954,1.));
#3238=CARTESIAN_POINT('Origin',(-21.5000000000044,5.50000000000053,1.));
#3239=CARTESIAN_POINT('Origin',(-11.5000000000044,-5.49999999999948,1.));
#3240=CARTESIAN_POINT('Origin',(-30.,3.22000000000043,9.64500000000014));
#3241=CARTESIAN_POINT('',(-30.,3.22000000000043,8.14500000000014));
#3242=CARTESIAN_POINT('',(-29.,4.72000000000043,9.64500000000014));
#3243=CARTESIAN_POINT('Origin',(-29.,3.22000000000043,9.64500000000014));
#3244=CARTESIAN_POINT('',(-30.,4.72000000000043,9.64500000000014));
#3245=CARTESIAN_POINT('Origin',(-30.,4.72000000000043,10.3550000000001));
#3246=CARTESIAN_POINT('',(-29.,4.72000000000043,5.17750000000007));
#3247=CARTESIAN_POINT('Origin',(-30.,-4.71999999999956,9.64500000000014));
#3248=CARTESIAN_POINT('',(-30.,-4.71999999999956,9.64500000000014));
#3249=CARTESIAN_POINT('Origin',(-30.,-3.21999999999956,9.64500000000014));
#3250=CARTESIAN_POINT('',(-30.,-3.21999999999956,8.14500000000014));
#3251=CARTESIAN_POINT('Origin',(-30.,3.22000000000043,8.14500000000014));
#3252=CARTESIAN_POINT('Origin',(-29.,-10.,0.));
#3253=CARTESIAN_POINT('Origin',(-30.,9.,0.));
#3254=UNCERTAINTY_MEASURE_WITH_UNIT(LENGTH_MEASURE(0.01),#3258,
'DISTANCE_ACCURACY_VALUE',
'Maximum model space distance between geometric entities at asserted c
onnectivities');
#3255=UNCERTAINTY_MEASURE_WITH_UNIT(LENGTH_MEASURE(0.01),#3258,
'DISTANCE_ACCURACY_VALUE',
'Maximum model space distance between geometric entities at asserted c
onnectivities');
#3256=(
GEOMETRIC_REPRESENTATION_CONTEXT(3)
GLOBAL_UNCERTAINTY_ASSIGNED_CONTEXT((#3254))
GLOBAL_UNIT_ASSIGNED_CONTEXT((#3258,#3260,#3261))
REPRESENTATION_CONTEXT('','3D')
);
#3257=(
GEOMETRIC_REPRESENTATION_CONTEXT(3)
GLOBAL_UNCERTAINTY_ASSIGNED_CONTEXT((#3255))
GLOBAL_UNIT_ASSIGNED_CONTEXT((#3258,#3260,#3261))
REPRESENTATION_CONTEXT('','3D')
);
#3258=(
LENGTH_UNIT()
NAMED_UNIT(*)
SI_UNIT(.MILLI.,.METRE.)
);
#3259=(
LENGTH_UNIT()
NAMED_UNIT(*)
SI_UNIT($,.METRE.)
);
#3260=(
NAMED_UNIT(*)
PLANE_ANGLE_UNIT()
SI_UNIT($,.RADIAN.)
);
#3261=(
NAMED_UNIT(*)
SI_UNIT($,.STERADIAN.)
SOLID_ANGLE_UNIT()
);
#3262=SHAPE_DEFINITION_REPRESENTATION(#3263,#3264);
#3263=PRODUCT_DEFINITION_SHAPE('',$,#3266);
#3264=SHAPE_REPRESENTATION('',(#1565),#3256);
#3265=PRODUCT_DEFINITION_CONTEXT('part definition',#3270,'design');
#3266=PRODUCT_DEFINITION('2026-08-24-18-19-28-915','YouTube Controller',
#3267,#3265);
#3267=PRODUCT_DEFINITION_FORMATION('',$,#3272);
#3268=PRODUCT_RELATED_PRODUCT_CATEGORY('YouTube Controller',
'YouTube Controller',(#3272));
#3269=APPLICATION_PROTOCOL_DEFINITION('international standard',
'automotive_design',2009,#3270);
#3270=APPLICATION_CONTEXT(
'Core Data for Automotive Mechanical Design Process');
#3271=PRODUCT_CONTEXT('part definition',#3270,'mechanical');
#3272=PRODUCT('2026-08-24-18-19-28-915','YouTube Controller',$,(#3271));
#3273=PRESENTATION_STYLE_ASSIGNMENT((#3285));
#3274=PRESENTATION_STYLE_ASSIGNMENT((#3286));
#3275=PRESENTATION_STYLE_ASSIGNMENT((#3287));
#3276=PRESENTATION_STYLE_ASSIGNMENT((#3288));
#3277=PRESENTATION_STYLE_ASSIGNMENT((#3289));
#3278=PRESENTATION_STYLE_ASSIGNMENT((#3290));
#3279=PRESENTATION_STYLE_ASSIGNMENT((#3291));
#3280=PRESENTATION_STYLE_ASSIGNMENT((#3292));
#3281=PRESENTATION_STYLE_ASSIGNMENT((#3293));
#3282=PRESENTATION_STYLE_ASSIGNMENT((#3294));
#3283=PRESENTATION_STYLE_ASSIGNMENT((#3295));
#3284=PRESENTATION_STYLE_ASSIGNMENT((#3296));
#3285=SURFACE_STYLE_USAGE(.BOTH.,#3297);
#3286=SURFACE_STYLE_USAGE(.BOTH.,#3298);
#3287=SURFACE_STYLE_USAGE(.BOTH.,#3299);
#3288=SURFACE_STYLE_USAGE(.BOTH.,#3300);
#3289=SURFACE_STYLE_USAGE(.BOTH.,#3301);
#3290=SURFACE_STYLE_USAGE(.BOTH.,#3302);
#3291=SURFACE_STYLE_USAGE(.BOTH.,#3303);
#3292=SURFACE_STYLE_USAGE(.BOTH.,#3304);
#3293=SURFACE_STYLE_USAGE(.BOTH.,#3305);
#3294=SURFACE_STYLE_USAGE(.BOTH.,#3306);
#3295=SURFACE_STYLE_USAGE(.BOTH.,#3307);
#3296=SURFACE_STYLE_USAGE(.BOTH.,#3308);
#3297=SURFACE_SIDE_STYLE('',(#3309));
#3298=SURFACE_SIDE_STYLE('',(#3310));
#3299=SURFACE_SIDE_STYLE('',(#3311));
#3300=SURFACE_SIDE_STYLE('',(#3312));
#3301=SURFACE_SIDE_STYLE('',(#3313));
#3302=SURFACE_SIDE_STYLE('',(#3314));
#3303=SURFACE_SIDE_STYLE('',(#3315));
#3304=SURFACE_SIDE_STYLE('',(#3316));
#3305=SURFACE_SIDE_STYLE('',(#3317));
#3306=SURFACE_SIDE_STYLE('',(#3318));
#3307=SURFACE_SIDE_STYLE('',(#3319));
#3308=SURFACE_SIDE_STYLE('',(#3320));
#3309=SURFACE_STYLE_FILL_AREA(#3321);
#3310=SURFACE_STYLE_FILL_AREA(#3322);
#3311=SURFACE_STYLE_FILL_AREA(#3323);
#3312=SURFACE_STYLE_FILL_AREA(#3324);
#3313=SURFACE_STYLE_FILL_AREA(#3325);
#3314=SURFACE_STYLE_FILL_AREA(#3326);
#3315=SURFACE_STYLE_FILL_AREA(#3327);
#3316=SURFACE_STYLE_FILL_AREA(#3328);
#3317=SURFACE_STYLE_FILL_AREA(#3329);
#3318=SURFACE_STYLE_FILL_AREA(#3330);
#3319=SURFACE_STYLE_FILL_AREA(#3331);
#3320=SURFACE_STYLE_FILL_AREA(#3332);
#3321=FILL_AREA_STYLE('Steel - Satin',(#3333));
#3322=FILL_AREA_STYLE('Paint - Enamel Glossy (Black)',(#3334));
#3323=FILL_AREA_STYLE('Gold - Polished',(#3335));
#3324=FILL_AREA_STYLE('Paint - Enamel Glossy (White)',(#3336));
#3325=FILL_AREA_STYLE('Opaque(247,224,153)',(#3337));
#3326=FILL_AREA_STYLE('ABS (White)',(#3338));
#3327=FILL_AREA_STYLE('Opaque(219,188,126)',(#3339));
#3328=FILL_AREA_STYLE('Opaque(25,25,25)',(#3340));
#3329=FILL_AREA_STYLE('Opaque(136,60,0)',(#3341));
#3330=FILL_AREA_STYLE('Opaque(255,255,255)',(#3342));
#3331=FILL_AREA_STYLE('ABS (White)',(#3343));
#3332=FILL_AREA_STYLE('ABS (White)',(#3344));
#3333=FILL_AREA_STYLE_COLOUR('Steel - Satin',#3345);
#3334=FILL_AREA_STYLE_COLOUR('Paint - Enamel Glossy (Black)',#3346);
#3335=FILL_AREA_STYLE_COLOUR('Gold - Polished',#3347);
#3336=FILL_AREA_STYLE_COLOUR('Paint - Enamel Glossy (White)',#3348);
#3337=FILL_AREA_STYLE_COLOUR('Opaque(247,224,153)',#3349);
#3338=FILL_AREA_STYLE_COLOUR('ABS (White)',#3350);
#3339=FILL_AREA_STYLE_COLOUR('Opaque(219,188,126)',#3351);
#3340=FILL_AREA_STYLE_COLOUR('Opaque(25,25,25)',#3352);
#3341=FILL_AREA_STYLE_COLOUR('Opaque(136,60,0)',#3353);
#3342=FILL_AREA_STYLE_COLOUR('Opaque(255,255,255)',#3354);
#3343=FILL_AREA_STYLE_COLOUR('ABS (White)',#3355);
#3344=FILL_AREA_STYLE_COLOUR('ABS (White)',#3356);
#3345=COLOUR_RGB('Steel - Satin',0.627450980392157,0.627450980392157,0.627450980392157);
#3346=COLOUR_RGB('Paint - Enamel Glossy (Black)',0.0980392156862745,0.0980392156862745,
0.0980392156862745);
#3347=COLOUR_RGB('Gold - Polished',0.956862745098039,0.898039215686275,
0.654901960784314);
#3348=COLOUR_RGB('Paint - Enamel Glossy (White)',0.964705882352941,0.964705882352941,
0.952941176470588);
#3349=COLOUR_RGB('Opaque(247,224,153)',0.968627450980392,0.87843137254902,
0.6);
#3350=COLOUR_RGB('ABS (White)',0.796078431372549,0.443137254901961,0.172549019607843);
#3351=COLOUR_RGB('Opaque(219,188,126)',0.858823529411765,0.737254901960784,
0.494117647058824);
#3352=COLOUR_RGB('Opaque(25,25,25)',0.0980392156862745,0.0980392156862745,
0.0980392156862745);
#3353=COLOUR_RGB('Opaque(136,60,0)',0.533333333333333,0.235294117647059,
0.);
#3354=COLOUR_RGB('Opaque(255,255,255)',1.,1.,1.);
#3355=COLOUR_RGB('ABS (White)',0.823529411764706,0.823529411764706,0.823529411764706);
#3356=COLOUR_RGB('ABS (White)',0.76078431372549,0.564705882352941,0.2);
ENDSEC;
END-ISO-10303-21;
