ISO-10303-21;
HEADER;
/* Generated by software containing ST-Developer
 * from STEP Tools, Inc. (www.steptools.com) 
 */

FILE_DESCRIPTION(
/* description */ (''),
/* implementation_level */ '2;1');

FILE_NAME(
/* name */ 'YouTube Controller cap.step',
/* time_stamp */ '2026-08-30T22:41:09-07:00',
/* author */ (''),
/* organization */ (''),
/* preprocessor_version */ 'ST-DEVELOPER v20.1',
/* originating_system */ 'Autodesk Translation Framework v15.8.0.0',
/* authorisation */ '');

FILE_SCHEMA (('AUTOMOTIVE_DESIGN { 1 0 10303 214 3 1 1 }'));
ENDSEC;

DATA;
#10=MECHANICAL_DESIGN_GEOMETRIC_PRESENTATION_REPRESENTATION('',(#13),#2658);
#11=SHAPE_REPRESENTATION_RELATIONSHIP('SRR','None',#2665,#12);
#12=ADVANCED_BREP_SHAPE_REPRESENTATION('',(#14),#2657);
#13=STYLED_ITEM('',(#2679),#14);
#14=MANIFOLD_SOLID_BREP('KeyCap (1)',#967);
#15=B_SPLINE_SURFACE_WITH_KNOTS('',3,3,((#1843,#1844,#1845,#1846,#1847,
#1848,#1849,#1850,#1851,#1852),(#1853,#1854,#1855,#1856,#1857,#1858,#1859,
#1860,#1861,#1862),(#1863,#1864,#1865,#1866,#1867,#1868,#1869,#1870,#1871,
#1872),(#1873,#1874,#1875,#1876,#1877,#1878,#1879,#1880,#1881,#1882)),
 .UNSPECIFIED.,.F.,.F.,.F.,(4,4),(4,2,2,2,4),(0.,0.010616896),(0.,0.25,
0.5,0.75,1.),.UNSPECIFIED.);
#16=B_SPLINE_SURFACE_WITH_KNOTS('',3,3,((#1885,#1886,#1887,#1888,#1889,
#1890,#1891,#1892,#1893,#1894),(#1895,#1896,#1897,#1898,#1899,#1900,#1901,
#1902,#1903,#1904),(#1905,#1906,#1907,#1908,#1909,#1910,#1911,#1912,#1913,
#1914),(#1915,#1916,#1917,#1918,#1919,#1920,#1921,#1922,#1923,#1924),(#1925,
#1926,#1927,#1928,#1929,#1930,#1931,#1932,#1933,#1934),(#1935,#1936,#1937,
#1938,#1939,#1940,#1941,#1942,#1943,#1944),(#1945,#1946,#1947,#1948,#1949,
#1950,#1951,#1952,#1953,#1954),(#1955,#1956,#1957,#1958,#1959,#1960,#1961,
#1962,#1963,#1964),(#1965,#1966,#1967,#1968,#1969,#1970,#1971,#1972,#1973,
#1974),(#1975,#1976,#1977,#1978,#1979,#1980,#1981,#1982,#1983,#1984),(#1985,
#1986,#1987,#1988,#1989,#1990,#1991,#1992,#1993,#1994),(#1995,#1996,#1997,
#1998,#1999,#2000,#2001,#2002,#2003,#2004),(#2005,#2006,#2007,#2008,#2009,
#2010,#2011,#2012,#2013,#2014),(#2015,#2016,#2017,#2018,#2019,#2020,#2021,
#2022,#2023,#2024),(#2025,#2026,#2027,#2028,#2029,#2030,#2031,#2032,#2033,
#2034),(#2035,#2036,#2037,#2038,#2039,#2040,#2041,#2042,#2043,#2044)),
 .UNSPECIFIED.,.F.,.F.,.F.,(4,2,2,2,2,2,2,4),(4,2,2,2,4),(0.,0.000116304,
0.000232608,0.000348912,0.000465216,0.00058152,0.000697824,0.000930433),
(0.,0.25,0.5,0.75,1.),.UNSPECIFIED.);
#17=B_SPLINE_SURFACE_WITH_KNOTS('',3,3,((#2046,#2047,#2048,#2049,#2050,
#2051,#2052,#2053,#2054,#2055),(#2056,#2057,#2058,#2059,#2060,#2061,#2062,
#2063,#2064,#2065),(#2066,#2067,#2068,#2069,#2070,#2071,#2072,#2073,#2074,
#2075),(#2076,#2077,#2078,#2079,#2080,#2081,#2082,#2083,#2084,#2085),(#2086,
#2087,#2088,#2089,#2090,#2091,#2092,#2093,#2094,#2095),(#2096,#2097,#2098,
#2099,#2100,#2101,#2102,#2103,#2104,#2105),(#2106,#2107,#2108,#2109,#2110,
#2111,#2112,#2113,#2114,#2115),(#2116,#2117,#2118,#2119,#2120,#2121,#2122,
#2123,#2124,#2125),(#2126,#2127,#2128,#2129,#2130,#2131,#2132,#2133,#2134,
#2135),(#2136,#2137,#2138,#2139,#2140,#2141,#2142,#2143,#2144,#2145),(#2146,
#2147,#2148,#2149,#2150,#2151,#2152,#2153,#2154,#2155),(#2156,#2157,#2158,
#2159,#2160,#2161,#2162,#2163,#2164,#2165),(#2166,#2167,#2168,#2169,#2170,
#2171,#2172,#2173,#2174,#2175),(#2176,#2177,#2178,#2179,#2180,#2181,#2182,
#2183,#2184,#2185),(#2186,#2187,#2188,#2189,#2190,#2191,#2192,#2193,#2194,
#2195),(#2196,#2197,#2198,#2199,#2200,#2201,#2202,#2203,#2204,#2205)),
 .UNSPECIFIED.,.F.,.F.,.F.,(4,2,2,2,2,2,2,4),(4,2,2,2,4),(0.,0.000116304,
0.000232608,0.000348912,0.000465216,0.00058152,0.000697824,0.000930433),
(0.,0.25,0.5,0.75,1.),.UNSPECIFIED.);
#18=B_SPLINE_SURFACE_WITH_KNOTS('',3,3,((#2207,#2208,#2209,#2210,#2211,
#2212,#2213,#2214,#2215,#2216),(#2217,#2218,#2219,#2220,#2221,#2222,#2223,
#2224,#2225,#2226),(#2227,#2228,#2229,#2230,#2231,#2232,#2233,#2234,#2235,
#2236),(#2237,#2238,#2239,#2240,#2241,#2242,#2243,#2244,#2245,#2246)),
 .UNSPECIFIED.,.F.,.F.,.F.,(4,4),(4,2,2,2,4),(0.,0.010616896),(0.,0.25,
0.5,0.75,1.),.UNSPECIFIED.);
#19=B_SPLINE_SURFACE_WITH_KNOTS('',3,3,((#2248,#2249,#2250,#2251,#2252,
#2253,#2254,#2255,#2256,#2257),(#2258,#2259,#2260,#2261,#2262,#2263,#2264,
#2265,#2266,#2267),(#2268,#2269,#2270,#2271,#2272,#2273,#2274,#2275,#2276,
#2277),(#2278,#2279,#2280,#2281,#2282,#2283,#2284,#2285,#2286,#2287)),
 .UNSPECIFIED.,.F.,.F.,.F.,(4,4),(4,2,2,2,4),(0.,0.010616896),(0.,0.25,
0.5,0.75,1.),.UNSPECIFIED.);
#20=B_SPLINE_SURFACE_WITH_KNOTS('',3,3,((#2289,#2290,#2291,#2292,#2293,
#2294,#2295,#2296,#2297,#2298),(#2299,#2300,#2301,#2302,#2303,#2304,#2305,
#2306,#2307,#2308),(#2309,#2310,#2311,#2312,#2313,#2314,#2315,#2316,#2317,
#2318),(#2319,#2320,#2321,#2322,#2323,#2324,#2325,#2326,#2327,#2328),(#2329,
#2330,#2331,#2332,#2333,#2334,#2335,#2336,#2337,#2338),(#2339,#2340,#2341,
#2342,#2343,#2344,#2345,#2346,#2347,#2348),(#2349,#2350,#2351,#2352,#2353,
#2354,#2355,#2356,#2357,#2358),(#2359,#2360,#2361,#2362,#2363,#2364,#2365,
#2366,#2367,#2368),(#2369,#2370,#2371,#2372,#2373,#2374,#2375,#2376,#2377,
#2378),(#2379,#2380,#2381,#2382,#2383,#2384,#2385,#2386,#2387,#2388),(#2389,
#2390,#2391,#2392,#2393,#2394,#2395,#2396,#2397,#2398),(#2399,#2400,#2401,
#2402,#2403,#2404,#2405,#2406,#2407,#2408),(#2409,#2410,#2411,#2412,#2413,
#2414,#2415,#2416,#2417,#2418),(#2419,#2420,#2421,#2422,#2423,#2424,#2425,
#2426,#2427,#2428),(#2429,#2430,#2431,#2432,#2433,#2434,#2435,#2436,#2437,
#2438),(#2439,#2440,#2441,#2442,#2443,#2444,#2445,#2446,#2447,#2448)),
 .UNSPECIFIED.,.F.,.F.,.F.,(4,2,2,2,2,2,2,4),(4,2,2,2,4),(0.,0.000116304,
0.000232608,0.000348912,0.000465216,0.00058152,0.000697824,0.000930433),
(0.,0.25,0.5,0.75,1.),.UNSPECIFIED.);
#21=B_SPLINE_SURFACE_WITH_KNOTS('',3,3,((#2450,#2451,#2452,#2453,#2454,
#2455,#2456,#2457,#2458,#2459),(#2460,#2461,#2462,#2463,#2464,#2465,#2466,
#2467,#2468,#2469),(#2470,#2471,#2472,#2473,#2474,#2475,#2476,#2477,#2478,
#2479),(#2480,#2481,#2482,#2483,#2484,#2485,#2486,#2487,#2488,#2489),(#2490,
#2491,#2492,#2493,#2494,#2495,#2496,#2497,#2498,#2499),(#2500,#2501,#2502,
#2503,#2504,#2505,#2506,#2507,#2508,#2509),(#2510,#2511,#2512,#2513,#2514,
#2515,#2516,#2517,#2518,#2519),(#2520,#2521,#2522,#2523,#2524,#2525,#2526,
#2527,#2528,#2529),(#2530,#2531,#2532,#2533,#2534,#2535,#2536,#2537,#2538,
#2539),(#2540,#2541,#2542,#2543,#2544,#2545,#2546,#2547,#2548,#2549),(#2550,
#2551,#2552,#2553,#2554,#2555,#2556,#2557,#2558,#2559),(#2560,#2561,#2562,
#2563,#2564,#2565,#2566,#2567,#2568,#2569),(#2570,#2571,#2572,#2573,#2574,
#2575,#2576,#2577,#2578,#2579),(#2580,#2581,#2582,#2583,#2584,#2585,#2586,
#2587,#2588,#2589),(#2590,#2591,#2592,#2593,#2594,#2595,#2596,#2597,#2598,
#2599),(#2600,#2601,#2602,#2603,#2604,#2605,#2606,#2607,#2608,#2609)),
 .UNSPECIFIED.,.F.,.F.,.F.,(4,2,2,2,2,2,2,4),(4,2,2,2,4),(0.,0.000116304,
0.000232608,0.000348912,0.000465216,0.00058152,0.000697824,0.000930433),
(0.,0.25,0.5,0.75,1.),.UNSPECIFIED.);
#22=B_SPLINE_SURFACE_WITH_KNOTS('',3,3,((#2611,#2612,#2613,#2614,#2615,
#2616,#2617,#2618,#2619,#2620),(#2621,#2622,#2623,#2624,#2625,#2626,#2627,
#2628,#2629,#2630),(#2631,#2632,#2633,#2634,#2635,#2636,#2637,#2638,#2639,
#2640),(#2641,#2642,#2643,#2644,#2645,#2646,#2647,#2648,#2649,#2650)),
 .UNSPECIFIED.,.F.,.F.,.F.,(4,4),(4,2,2,2,4),(0.,0.010616896),(0.,0.25,
0.5,0.75,1.),.UNSPECIFIED.);
#23=(
BOUNDED_SURFACE()
B_SPLINE_SURFACE(2,3,((#1608,#1609,#1610,#1611,#1612,#1613,#1614),(#1615,
#1616,#1617,#1618,#1619,#1620,#1621),(#1622,#1623,#1624,#1625,#1626,#1627,
#1628)),.UNSPECIFIED.,.F.,.T.,.F.)
B_SPLINE_SURFACE_WITH_KNOTS((3,3),(4,3,4),(0.,0.780820969),(0.,0.5,1.),
 .UNSPECIFIED.)
GEOMETRIC_REPRESENTATION_ITEM()
RATIONAL_B_SPLINE_SURFACE(((1.,0.333333333,0.333333333,1.,0.333333333,0.333333333,
1.),(1.,0.333333333,0.333333333,1.,0.333333333,0.333333333,1.),(1.,0.333333333,
0.333333333,1.,0.333333333,0.333333333,1.)))
REPRESENTATION_ITEM('')
SURFACE()
);
#24=SPHERICAL_SURFACE('',#1037,0.3);
#25=SPHERICAL_SURFACE('',#1044,0.3);
#26=SPHERICAL_SURFACE('',#1046,0.3);
#27=SPHERICAL_SURFACE('',#1052,0.3);
#28=SPHERICAL_SURFACE('',#1053,0.3);
#29=SPHERICAL_SURFACE('',#1060,0.3);
#30=SPHERICAL_SURFACE('',#1062,0.3);
#31=SPHERICAL_SURFACE('',#1068,0.3);
#32=CYLINDRICAL_SURFACE('',#1021,0.3);
#33=CYLINDRICAL_SURFACE('',#1023,0.3);
#34=CYLINDRICAL_SURFACE('',#1025,0.3);
#35=CYLINDRICAL_SURFACE('',#1027,0.3);
#36=CYLINDRICAL_SURFACE('',#1029,0.3);
#37=CYLINDRICAL_SURFACE('',#1031,0.3);
#38=CYLINDRICAL_SURFACE('',#1033,0.3);
#39=CYLINDRICAL_SURFACE('',#1035,0.3);
#40=CYLINDRICAL_SURFACE('',#1040,0.3);
#41=CYLINDRICAL_SURFACE('',#1042,0.3);
#42=CYLINDRICAL_SURFACE('',#1048,0.3);
#43=CYLINDRICAL_SURFACE('',#1050,0.3);
#44=CYLINDRICAL_SURFACE('',#1056,0.3);
#45=CYLINDRICAL_SURFACE('',#1058,0.3);
#46=CYLINDRICAL_SURFACE('',#1064,0.3);
#47=CYLINDRICAL_SURFACE('',#1066,0.3);
#48=CYLINDRICAL_SURFACE('',#1069,1.25);
#49=CYLINDRICAL_SURFACE('',#1070,1.25);
#50=CYLINDRICAL_SURFACE('',#1071,1.25);
#51=CYLINDRICAL_SURFACE('',#1072,1.25);
#52=CYLINDRICAL_SURFACE('',#1081,0.75);
#53=CYLINDRICAL_SURFACE('',#1082,0.75);
#54=CYLINDRICAL_SURFACE('',#1083,0.75);
#55=CYLINDRICAL_SURFACE('',#1084,0.75);
#56=CIRCLE('',#999,0.3);
#57=CIRCLE('',#1000,0.3);
#58=CIRCLE('',#1001,0.3);
#59=CIRCLE('',#1002,0.3);
#60=CIRCLE('',#1003,0.3);
#61=CIRCLE('',#1004,0.3);
#62=CIRCLE('',#1005,0.3);
#63=CIRCLE('',#1006,0.3);
#64=CIRCLE('',#1022,0.3);
#65=CIRCLE('',#1024,0.3);
#66=CIRCLE('',#1026,0.3);
#67=CIRCLE('',#1028,0.3);
#68=CIRCLE('',#1030,0.3);
#69=CIRCLE('',#1032,0.3);
#70=CIRCLE('',#1034,0.3);
#71=CIRCLE('',#1036,0.3);
#72=CIRCLE('',#1038,0.3);
#73=CIRCLE('',#1039,0.3);
#74=CIRCLE('',#1041,0.3);
#75=CIRCLE('',#1043,0.3);
#76=CIRCLE('',#1045,0.3);
#77=CIRCLE('',#1047,0.3);
#78=CIRCLE('',#1049,0.3);
#79=CIRCLE('',#1051,0.3);
#80=CIRCLE('',#1054,0.3);
#81=CIRCLE('',#1055,0.3);
#82=CIRCLE('',#1057,0.3);
#83=CIRCLE('',#1059,0.3);
#84=CIRCLE('',#1061,0.3);
#85=CIRCLE('',#1063,0.3);
#86=CIRCLE('',#1065,0.3);
#87=CIRCLE('',#1067,0.3);
#88=CIRCLE('',#1073,0.625);
#89=CIRCLE('',#1074,0.625);
#90=CIRCLE('',#1075,0.625);
#91=CIRCLE('',#1076,0.625);
#92=CIRCLE('',#1077,0.625);
#93=CIRCLE('',#1078,0.625);
#94=CIRCLE('',#1079,0.625);
#95=CIRCLE('',#1080,0.625);
#96=B_SPLINE_CURVE_WITH_KNOTS('',3,(#1401,#1402,#1403,#1404),
 .UNSPECIFIED.,.F.,.F.,(4,4),(0.,0.010616896),.UNSPECIFIED.);
#97=B_SPLINE_CURVE_WITH_KNOTS('',3,(#1410,#1411,#1412,#1413),
 .UNSPECIFIED.,.F.,.F.,(4,4),(0.,0.010616896),.UNSPECIFIED.);
#98=B_SPLINE_CURVE_WITH_KNOTS('',3,(#1419,#1420,#1421,#1422),
 .UNSPECIFIED.,.F.,.F.,(4,4),(0.,0.010616896),.UNSPECIFIED.);
#99=B_SPLINE_CURVE_WITH_KNOTS('',3,(#1428,#1429,#1430,#1431),
 .UNSPECIFIED.,.F.,.F.,(4,4),(0.,0.010616896),.UNSPECIFIED.);
#100=B_SPLINE_CURVE_WITH_KNOTS('',3,(#1631,#1632,#1633,#1634),
 .UNSPECIFIED.,.F.,.F.,(4,4),(0.219179733,1.),.UNSPECIFIED.);
#101=B_SPLINE_CURVE_WITH_KNOTS('',3,(#1636,#1637,#1638,#1639,#1640,#1641,
#1642,#1643,#1644,#1645,#1646,#1647,#1648,#1649,#1650,#1651),
 .UNSPECIFIED.,.F.,.F.,(4,3,3,3,3,4),(0.000464969795229402,0.000465216,
0.000581520020725131,0.000697824,0.000814128520944372,0.000930433),
 .UNSPECIFIED.);
#102=B_SPLINE_CURVE_WITH_KNOTS('',3,(#1653,#1654,#1655,#1656),
 .UNSPECIFIED.,.F.,.F.,(4,4),(0.,0.010616896),.UNSPECIFIED.);
#103=B_SPLINE_CURVE_WITH_KNOTS('',3,(#1658,#1659,#1660,#1661,#1662,#1663,
#1664,#1665,#1666,#1667,#1668,#1669,#1670,#1671,#1672,#1673,#1674,#1675,
#1676,#1677,#1678,#1679),.UNSPECIFIED.,.F.,.F.,(4,3,3,3,3,3,3,4),(0.,0.000116303999944902,
0.000232608,0.000348911999849039,0.000465216,0.000581520048304017,0.000697824,
0.000930433),.UNSPECIFIED.);
#104=B_SPLINE_CURVE_WITH_KNOTS('',3,(#1681,#1682,#1683,#1684),
 .UNSPECIFIED.,.F.,.F.,(4,4),(0.,0.010616896),.UNSPECIFIED.);
#105=B_SPLINE_CURVE_WITH_KNOTS('',3,(#1686,#1687,#1688,#1689,#1690,#1691,
#1692,#1693,#1694,#1695,#1696,#1697,#1698,#1699,#1700,#1701,#1702,#1703,
#1704,#1705,#1706,#1707),.UNSPECIFIED.,.F.,.F.,(4,3,3,3,3,3,3,4),(0.,0.000116303999909385,
0.000232608,0.000348912000218076,0.000465216,0.000581520048099325,0.000697824,
0.000930433),.UNSPECIFIED.);
#106=B_SPLINE_CURVE_WITH_KNOTS('',3,(#1709,#1710,#1711,#1712),
 .UNSPECIFIED.,.F.,.F.,(4,4),(0.,0.010616896),.UNSPECIFIED.);
#107=B_SPLINE_CURVE_WITH_KNOTS('',3,(#1714,#1715,#1716,#1717,#1718,#1719,
#1720,#1721,#1722,#1723,#1724,#1725,#1726,#1727,#1728,#1729,#1730,#1731,
#1732,#1733,#1734,#1735),.UNSPECIFIED.,.F.,.F.,(4,3,3,3,3,3,3,4),(0.,0.000116303999944894,
0.000232608,0.000348911999849045,0.000465216,0.000581520048304029,0.000697824,
0.000930433),.UNSPECIFIED.);
#108=B_SPLINE_CURVE_WITH_KNOTS('',3,(#1737,#1738,#1739,#1740),
 .UNSPECIFIED.,.F.,.F.,(4,4),(0.,0.010616896),.UNSPECIFIED.);
#109=B_SPLINE_CURVE_WITH_KNOTS('',3,(#1741,#1742,#1743,#1744,#1745,#1746,
#1747,#1748,#1749,#1750),.UNSPECIFIED.,.F.,.F.,(4,3,3,4),(0.,0.000232608,
0.000348911972692146,0.000464969795229402),.UNSPECIFIED.);
#110=B_SPLINE_CURVE_WITH_KNOTS('',3,(#1752,#1753,#1754,#1755,#1756,#1757,
#1758,#1759,#1760,#1761,#1762,#1763,#1764,#1765,#1766,#1767,#1768,#1769,
#1770,#1771,#1772,#1773),.UNSPECIFIED.,.F.,.F.,(4,3,3,3,3,3,3,4),(0.,0.000232608,
0.000348912,0.000465216,0.00058152,0.000697824166666665,0.000814128833333341,
0.000930433),.UNSPECIFIED.);
#111=B_SPLINE_CURVE_WITH_KNOTS('',3,(#1775,#1776,#1777,#1778,#1779,#1780,
#1781,#1782,#1783,#1784,#1785,#1786,#1787,#1788,#1789,#1790,#1791,#1792,
#1793,#1794,#1795,#1796),.UNSPECIFIED.,.F.,.F.,(4,3,3,3,3,3,3,4),(0.,0.000116304,
0.000232608,0.000348912,0.000465216,0.00058152,0.000697824,0.000930433),
 .UNSPECIFIED.);
#112=B_SPLINE_CURVE_WITH_KNOTS('',3,(#1798,#1799,#1800,#1801,#1802,#1803,
#1804,#1805,#1806,#1807,#1808,#1809,#1810,#1811,#1812,#1813,#1814,#1815,
#1816,#1817,#1818,#1819),.UNSPECIFIED.,.F.,.F.,(4,3,3,3,3,3,3,4),(0.,0.000232608,
0.000348912,0.000465216,0.00058152,0.000697824166666662,0.000814128833333356,
0.000930433),.UNSPECIFIED.);
#113=B_SPLINE_CURVE_WITH_KNOTS('',3,(#1821,#1822,#1823,#1824,#1825,#1826,
#1827,#1828,#1829,#1830,#1831,#1832,#1833,#1834,#1835,#1836,#1837,#1838,
#1839,#1840,#1841,#1842),.UNSPECIFIED.,.F.,.F.,(4,3,3,3,3,3,3,4),(0.,0.000232608,
0.000348912,0.000465216,0.00058152,0.000697824166666667,0.000814128833333335,
0.000930433),.UNSPECIFIED.);
#114=FACE_BOUND('',#179,.T.);
#115=FACE_BOUND('',#185,.T.);
#116=FACE_BOUND('',#186,.T.);
#117=FACE_OUTER_BOUND('',#178,.T.);
#118=FACE_OUTER_BOUND('',#180,.T.);
#119=FACE_OUTER_BOUND('',#181,.T.);
#120=FACE_OUTER_BOUND('',#182,.T.);
#121=FACE_OUTER_BOUND('',#183,.T.);
#122=FACE_OUTER_BOUND('',#184,.T.);
#123=FACE_OUTER_BOUND('',#187,.T.);
#124=FACE_OUTER_BOUND('',#188,.T.);
#125=FACE_OUTER_BOUND('',#189,.T.);
#126=FACE_OUTER_BOUND('',#190,.T.);
#127=FACE_OUTER_BOUND('',#191,.T.);
#128=FACE_OUTER_BOUND('',#192,.T.);
#129=FACE_OUTER_BOUND('',#193,.T.);
#130=FACE_OUTER_BOUND('',#194,.T.);
#131=FACE_OUTER_BOUND('',#195,.T.);
#132=FACE_OUTER_BOUND('',#196,.T.);
#133=FACE_OUTER_BOUND('',#197,.T.);
#134=FACE_OUTER_BOUND('',#198,.T.);
#135=FACE_OUTER_BOUND('',#199,.T.);
#136=FACE_OUTER_BOUND('',#200,.T.);
#137=FACE_OUTER_BOUND('',#201,.T.);
#138=FACE_OUTER_BOUND('',#202,.T.);
#139=FACE_OUTER_BOUND('',#203,.T.);
#140=FACE_OUTER_BOUND('',#204,.T.);
#141=FACE_OUTER_BOUND('',#205,.T.);
#142=FACE_OUTER_BOUND('',#206,.T.);
#143=FACE_OUTER_BOUND('',#207,.T.);
#144=FACE_OUTER_BOUND('',#208,.T.);
#145=FACE_OUTER_BOUND('',#209,.T.);
#146=FACE_OUTER_BOUND('',#210,.T.);
#147=FACE_OUTER_BOUND('',#211,.T.);
#148=FACE_OUTER_BOUND('',#212,.T.);
#149=FACE_OUTER_BOUND('',#213,.T.);
#150=FACE_OUTER_BOUND('',#214,.T.);
#151=FACE_OUTER_BOUND('',#215,.T.);
#152=FACE_OUTER_BOUND('',#216,.T.);
#153=FACE_OUTER_BOUND('',#217,.T.);
#154=FACE_OUTER_BOUND('',#218,.T.);
#155=FACE_OUTER_BOUND('',#219,.T.);
#156=FACE_OUTER_BOUND('',#220,.T.);
#157=FACE_OUTER_BOUND('',#221,.T.);
#158=FACE_OUTER_BOUND('',#222,.T.);
#159=FACE_OUTER_BOUND('',#223,.T.);
#160=FACE_OUTER_BOUND('',#224,.T.);
#161=FACE_OUTER_BOUND('',#225,.T.);
#162=FACE_OUTER_BOUND('',#226,.T.);
#163=FACE_OUTER_BOUND('',#227,.T.);
#164=FACE_OUTER_BOUND('',#228,.T.);
#165=FACE_OUTER_BOUND('',#229,.T.);
#166=FACE_OUTER_BOUND('',#230,.T.);
#167=FACE_OUTER_BOUND('',#231,.T.);
#168=FACE_OUTER_BOUND('',#232,.T.);
#169=FACE_OUTER_BOUND('',#233,.T.);
#170=FACE_OUTER_BOUND('',#234,.T.);
#171=FACE_OUTER_BOUND('',#235,.T.);
#172=FACE_OUTER_BOUND('',#236,.T.);
#173=FACE_OUTER_BOUND('',#237,.T.);
#174=FACE_OUTER_BOUND('',#238,.T.);
#175=FACE_OUTER_BOUND('',#239,.T.);
#176=FACE_OUTER_BOUND('',#240,.T.);
#177=FACE_OUTER_BOUND('',#241,.T.);
#178=EDGE_LOOP('',(#610,#611,#612,#613,#614,#615,#616,#617));
#179=EDGE_LOOP('',(#618,#619,#620,#621,#622,#623,#624,#625));
#180=EDGE_LOOP('',(#626,#627,#628,#629));
#181=EDGE_LOOP('',(#630,#631,#632,#633));
#182=EDGE_LOOP('',(#634,#635,#636,#637));
#183=EDGE_LOOP('',(#638,#639,#640,#641));
#184=EDGE_LOOP('',(#642,#643,#644,#645,#646,#647,#648,#649));
#185=EDGE_LOOP('',(#650,#651,#652,#653,#654,#655,#656,#657));
#186=EDGE_LOOP('',(#658,#659,#660,#661,#662,#663,#664,#665));
#187=EDGE_LOOP('',(#666,#667,#668,#669));
#188=EDGE_LOOP('',(#670,#671,#672,#673));
#189=EDGE_LOOP('',(#674,#675,#676,#677));
#190=EDGE_LOOP('',(#678,#679,#680,#681));
#191=EDGE_LOOP('',(#682,#683,#684,#685));
#192=EDGE_LOOP('',(#686,#687,#688,#689));
#193=EDGE_LOOP('',(#690,#691,#692,#693));
#194=EDGE_LOOP('',(#694,#695,#696,#697));
#195=EDGE_LOOP('',(#698,#699,#700,#701));
#196=EDGE_LOOP('',(#702,#703,#704,#705));
#197=EDGE_LOOP('',(#706,#707,#708,#709));
#198=EDGE_LOOP('',(#710,#711,#712,#713));
#199=EDGE_LOOP('',(#714,#715,#716,#717));
#200=EDGE_LOOP('',(#718,#719,#720,#721));
#201=EDGE_LOOP('',(#722,#723,#724,#725));
#202=EDGE_LOOP('',(#726,#727,#728,#729));
#203=EDGE_LOOP('',(#730,#731,#732,#733));
#204=EDGE_LOOP('',(#734,#735,#736,#737));
#205=EDGE_LOOP('',(#738,#739,#740,#741));
#206=EDGE_LOOP('',(#742,#743,#744,#745));
#207=EDGE_LOOP('',(#746,#747,#748,#749));
#208=EDGE_LOOP('',(#750,#751,#752,#753));
#209=EDGE_LOOP('',(#754,#755,#756));
#210=EDGE_LOOP('',(#757,#758,#759,#760));
#211=EDGE_LOOP('',(#761,#762,#763,#764));
#212=EDGE_LOOP('',(#765,#766,#767));
#213=EDGE_LOOP('',(#768,#769,#770));
#214=EDGE_LOOP('',(#771,#772,#773,#774));
#215=EDGE_LOOP('',(#775,#776,#777,#778));
#216=EDGE_LOOP('',(#779,#780,#781));
#217=EDGE_LOOP('',(#782,#783,#784));
#218=EDGE_LOOP('',(#785,#786,#787,#788));
#219=EDGE_LOOP('',(#789,#790,#791,#792));
#220=EDGE_LOOP('',(#793,#794,#795));
#221=EDGE_LOOP('',(#796,#797,#798));
#222=EDGE_LOOP('',(#799,#800,#801,#802));
#223=EDGE_LOOP('',(#803,#804,#805,#806));
#224=EDGE_LOOP('',(#807,#808,#809));
#225=EDGE_LOOP('',(#810,#811,#812,#813,#814,#815,#816,#817,#818,#819,#820));
#226=EDGE_LOOP('',(#821,#822,#823,#824));
#227=EDGE_LOOP('',(#825,#826,#827,#828));
#228=EDGE_LOOP('',(#829,#830,#831,#832));
#229=EDGE_LOOP('',(#833,#834,#835,#836));
#230=EDGE_LOOP('',(#837,#838,#839,#840));
#231=EDGE_LOOP('',(#841,#842,#843,#844));
#232=EDGE_LOOP('',(#845,#846,#847,#848,#849));
#233=EDGE_LOOP('',(#850,#851,#852,#853));
#234=EDGE_LOOP('',(#854,#855,#856,#857));
#235=EDGE_LOOP('',(#858,#859,#860,#861));
#236=EDGE_LOOP('',(#862,#863,#864,#865));
#237=EDGE_LOOP('',(#866,#867,#868,#869));
#238=EDGE_LOOP('',(#870,#871,#872,#873));
#239=EDGE_LOOP('',(#874,#875,#876,#877));
#240=EDGE_LOOP('',(#878,#879,#880,#881));
#241=EDGE_LOOP('',(#882,#883,#884,#885));
#242=ELLIPSE('',#982,1.357847561,1.25);
#243=ELLIPSE('',#983,1.357847561,1.25);
#244=ELLIPSE('',#984,1.357847561,1.25);
#245=ELLIPSE('',#985,1.357847561,1.25);
#246=ELLIPSE('',#986,0.848942357,0.75);
#247=ELLIPSE('',#987,0.848942357,0.75);
#248=ELLIPSE('',#988,0.848942357,0.75);
#249=ELLIPSE('',#989,0.848942357,0.75);
#250=ELLIPSE('',#995,0.848942357,0.75);
#251=ELLIPSE('',#996,0.848942357,0.75);
#252=ELLIPSE('',#997,0.848942357,0.75);
#253=ELLIPSE('',#998,0.848942357,0.75);
#254=LINE('',#1367,#322);
#255=LINE('',#1371,#323);
#256=LINE('',#1375,#324);
#257=LINE('',#1379,#325);
#258=LINE('',#1383,#326);
#259=LINE('',#1387,#327);
#260=LINE('',#1391,#328);
#261=LINE('',#1395,#329);
#262=LINE('',#1399,#330);
#263=LINE('',#1405,#331);
#264=LINE('',#1408,#332);
#265=LINE('',#1414,#333);
#266=LINE('',#1417,#334);
#267=LINE('',#1423,#335);
#268=LINE('',#1426,#336);
#269=LINE('',#1432,#337);
#270=LINE('',#1436,#338);
#271=LINE('',#1440,#339);
#272=LINE('',#1444,#340);
#273=LINE('',#1448,#341);
#274=LINE('',#1452,#342);
#275=LINE('',#1456,#343);
#276=LINE('',#1460,#344);
#277=LINE('',#1464,#345);
#278=LINE('',#1468,#346);
#279=LINE('',#1472,#347);
#280=LINE('',#1476,#348);
#281=LINE('',#1480,#349);
#282=LINE('',#1483,#350);
#283=LINE('',#1484,#351);
#284=LINE('',#1486,#352);
#285=LINE('',#1487,#353);
#286=LINE('',#1489,#354);
#287=LINE('',#1490,#355);
#288=LINE('',#1492,#356);
#289=LINE('',#1493,#357);
#290=LINE('',#1496,#358);
#291=LINE('',#1498,#359);
#292=LINE('',#1499,#360);
#293=LINE('',#1502,#361);
#294=LINE('',#1504,#362);
#295=LINE('',#1505,#363);
#296=LINE('',#1508,#364);
#297=LINE('',#1510,#365);
#298=LINE('',#1511,#366);
#299=LINE('',#1514,#367);
#300=LINE('',#1516,#368);
#301=LINE('',#1517,#369);
#302=LINE('',#1521,#370);
#303=LINE('',#1523,#371);
#304=LINE('',#1525,#372);
#305=LINE('',#1526,#373);
#306=LINE('',#1529,#374);
#307=LINE('',#1531,#375);
#308=LINE('',#1532,#376);
#309=LINE('',#1535,#377);
#310=LINE('',#1537,#378);
#311=LINE('',#1538,#379);
#312=LINE('',#1541,#380);
#313=LINE('',#1543,#381);
#314=LINE('',#1544,#382);
#315=LINE('',#1547,#383);
#316=LINE('',#1549,#384);
#317=LINE('',#1550,#385);
#318=LINE('',#1554,#386);
#319=LINE('',#1556,#387);
#320=LINE('',#1558,#388);
#321=LINE('',#1559,#389);
#322=VECTOR('',#1089,13.105434287);
#323=VECTOR('',#1092,13.105434287);
#324=VECTOR('',#1095,13.105434287);
#325=VECTOR('',#1098,13.105434287);
#326=VECTOR('',#1101,13.063506702);
#327=VECTOR('',#1104,13.063506702);
#328=VECTOR('',#1107,13.063506702);
#329=VECTOR('',#1110,13.063506702);
#330=VECTOR('',#1115,4.5054083095022);
#331=VECTOR('',#1116,4.5054083095022);
#332=VECTOR('',#1119,4.5054083095022);
#333=VECTOR('',#1120,4.5054083095022);
#334=VECTOR('',#1123,4.5054083095022);
#335=VECTOR('',#1124,4.5054083095022);
#336=VECTOR('',#1127,4.5054083095022);
#337=VECTOR('',#1128,4.5054083095022);
#338=VECTOR('',#1131,11.563506702);
#339=VECTOR('',#1134,11.563506702);
#340=VECTOR('',#1137,11.563506702);
#341=VECTOR('',#1140,11.563506702);
#342=VECTOR('',#1143,2.3);
#343=VECTOR('',#1146,0.5);
#344=VECTOR('',#1149,2.3);
#345=VECTOR('',#1152,0.5);
#346=VECTOR('',#1155,2.3);
#347=VECTOR('',#1158,0.5);
#348=VECTOR('',#1161,2.3);
#349=VECTOR('',#1164,0.5);
#350=VECTOR('',#1169,2.26384628546565);
#351=VECTOR('',#1170,2.26384628546565);
#352=VECTOR('',#1173,2.26384628546565);
#353=VECTOR('',#1174,2.26384628546565);
#354=VECTOR('',#1177,2.26384628546565);
#355=VECTOR('',#1178,2.26384628546565);
#356=VECTOR('',#1181,2.26384628546565);
#357=VECTOR('',#1182,2.26384628546565);
#358=VECTOR('',#1185,3.2);
#359=VECTOR('',#1186,2.3);
#360=VECTOR('',#1187,3.2);
#361=VECTOR('',#1190,3.2);
#362=VECTOR('',#1191,0.5);
#363=VECTOR('',#1192,3.2);
#364=VECTOR('',#1195,3.2);
#365=VECTOR('',#1196,2.3);
#366=VECTOR('',#1197,3.2);
#367=VECTOR('',#1200,3.2);
#368=VECTOR('',#1201,0.5);
#369=VECTOR('',#1202,3.2);
#370=VECTOR('',#1205,2.3);
#371=VECTOR('',#1206,0.5);
#372=VECTOR('',#1207,2.3);
#373=VECTOR('',#1208,0.5);
#374=VECTOR('',#1211,3.2);
#375=VECTOR('',#1212,3.2);
#376=VECTOR('',#1213,2.3);
#377=VECTOR('',#1216,3.2);
#378=VECTOR('',#1217,3.2);
#379=VECTOR('',#1218,0.5);
#380=VECTOR('',#1221,3.2);
#381=VECTOR('',#1222,3.2);
#382=VECTOR('',#1223,2.3);
#383=VECTOR('',#1226,3.2);
#384=VECTOR('',#1227,0.5);
#385=VECTOR('',#1228,3.2);
#386=VECTOR('',#1231,2.3);
#387=VECTOR('',#1232,0.5);
#388=VECTOR('',#1233,2.3);
#389=VECTOR('',#1234,0.5);
#390=VERTEX_POINT('',#1365);
#391=VERTEX_POINT('',#1366);
#392=VERTEX_POINT('',#1368);
#393=VERTEX_POINT('',#1370);
#394=VERTEX_POINT('',#1372);
#395=VERTEX_POINT('',#1374);
#396=VERTEX_POINT('',#1376);
#397=VERTEX_POINT('',#1378);
#398=VERTEX_POINT('',#1381);
#399=VERTEX_POINT('',#1382);
#400=VERTEX_POINT('',#1384);
#401=VERTEX_POINT('',#1386);
#402=VERTEX_POINT('',#1388);
#403=VERTEX_POINT('',#1390);
#404=VERTEX_POINT('',#1392);
#405=VERTEX_POINT('',#1394);
#406=VERTEX_POINT('',#1398);
#407=VERTEX_POINT('',#1400);
#408=VERTEX_POINT('',#1407);
#409=VERTEX_POINT('',#1409);
#410=VERTEX_POINT('',#1416);
#411=VERTEX_POINT('',#1418);
#412=VERTEX_POINT('',#1425);
#413=VERTEX_POINT('',#1427);
#414=VERTEX_POINT('',#1434);
#415=VERTEX_POINT('',#1435);
#416=VERTEX_POINT('',#1437);
#417=VERTEX_POINT('',#1439);
#418=VERTEX_POINT('',#1441);
#419=VERTEX_POINT('',#1443);
#420=VERTEX_POINT('',#1445);
#421=VERTEX_POINT('',#1447);
#422=VERTEX_POINT('',#1450);
#423=VERTEX_POINT('',#1451);
#424=VERTEX_POINT('',#1453);
#425=VERTEX_POINT('',#1455);
#426=VERTEX_POINT('',#1457);
#427=VERTEX_POINT('',#1459);
#428=VERTEX_POINT('',#1461);
#429=VERTEX_POINT('',#1463);
#430=VERTEX_POINT('',#1466);
#431=VERTEX_POINT('',#1467);
#432=VERTEX_POINT('',#1469);
#433=VERTEX_POINT('',#1471);
#434=VERTEX_POINT('',#1473);
#435=VERTEX_POINT('',#1475);
#436=VERTEX_POINT('',#1477);
#437=VERTEX_POINT('',#1479);
#438=VERTEX_POINT('',#1495);
#439=VERTEX_POINT('',#1497);
#440=VERTEX_POINT('',#1501);
#441=VERTEX_POINT('',#1503);
#442=VERTEX_POINT('',#1507);
#443=VERTEX_POINT('',#1509);
#444=VERTEX_POINT('',#1513);
#445=VERTEX_POINT('',#1515);
#446=VERTEX_POINT('',#1519);
#447=VERTEX_POINT('',#1520);
#448=VERTEX_POINT('',#1522);
#449=VERTEX_POINT('',#1524);
#450=VERTEX_POINT('',#1528);
#451=VERTEX_POINT('',#1530);
#452=VERTEX_POINT('',#1534);
#453=VERTEX_POINT('',#1536);
#454=VERTEX_POINT('',#1540);
#455=VERTEX_POINT('',#1542);
#456=VERTEX_POINT('',#1546);
#457=VERTEX_POINT('',#1548);
#458=VERTEX_POINT('',#1552);
#459=VERTEX_POINT('',#1553);
#460=VERTEX_POINT('',#1555);
#461=VERTEX_POINT('',#1557);
#462=VERTEX_POINT('',#1629);
#463=VERTEX_POINT('',#1630);
#464=VERTEX_POINT('',#1635);
#465=VERTEX_POINT('',#1652);
#466=VERTEX_POINT('',#1657);
#467=VERTEX_POINT('',#1680);
#468=VERTEX_POINT('',#1685);
#469=VERTEX_POINT('',#1708);
#470=VERTEX_POINT('',#1713);
#471=VERTEX_POINT('',#1736);
#472=EDGE_CURVE('',#390,#391,#254,.T.);
#473=EDGE_CURVE('',#390,#392,#242,.T.);
#474=EDGE_CURVE('',#393,#392,#255,.T.);
#475=EDGE_CURVE('',#393,#394,#243,.T.);
#476=EDGE_CURVE('',#395,#394,#256,.T.);
#477=EDGE_CURVE('',#395,#396,#244,.T.);
#478=EDGE_CURVE('',#397,#396,#257,.T.);
#479=EDGE_CURVE('',#397,#391,#245,.T.);
#480=EDGE_CURVE('',#398,#399,#258,.T.);
#481=EDGE_CURVE('',#399,#400,#246,.T.);
#482=EDGE_CURVE('',#400,#401,#259,.T.);
#483=EDGE_CURVE('',#401,#402,#247,.T.);
#484=EDGE_CURVE('',#402,#403,#260,.T.);
#485=EDGE_CURVE('',#403,#404,#248,.T.);
#486=EDGE_CURVE('',#404,#405,#261,.T.);
#487=EDGE_CURVE('',#405,#398,#249,.T.);
#488=EDGE_CURVE('',#394,#406,#262,.T.);
#489=EDGE_CURVE('',#406,#407,#96,.T.);
#490=EDGE_CURVE('',#407,#395,#263,.T.);
#491=EDGE_CURVE('',#392,#408,#264,.T.);
#492=EDGE_CURVE('',#408,#409,#97,.T.);
#493=EDGE_CURVE('',#409,#393,#265,.T.);
#494=EDGE_CURVE('',#391,#410,#266,.T.);
#495=EDGE_CURVE('',#410,#411,#98,.T.);
#496=EDGE_CURVE('',#411,#390,#267,.T.);
#497=EDGE_CURVE('',#396,#412,#268,.T.);
#498=EDGE_CURVE('',#412,#413,#99,.T.);
#499=EDGE_CURVE('',#413,#397,#269,.T.);
#500=EDGE_CURVE('',#414,#415,#270,.T.);
#501=EDGE_CURVE('',#414,#416,#250,.T.);
#502=EDGE_CURVE('',#417,#416,#271,.T.);
#503=EDGE_CURVE('',#417,#418,#251,.T.);
#504=EDGE_CURVE('',#419,#418,#272,.T.);
#505=EDGE_CURVE('',#419,#420,#252,.T.);
#506=EDGE_CURVE('',#421,#420,#273,.T.);
#507=EDGE_CURVE('',#421,#415,#253,.T.);
#508=EDGE_CURVE('',#422,#423,#274,.T.);
#509=EDGE_CURVE('',#423,#424,#56,.T.);
#510=EDGE_CURVE('',#425,#424,#275,.T.);
#511=EDGE_CURVE('',#426,#425,#57,.T.);
#512=EDGE_CURVE('',#426,#427,#276,.T.);
#513=EDGE_CURVE('',#427,#428,#58,.T.);
#514=EDGE_CURVE('',#429,#428,#277,.T.);
#515=EDGE_CURVE('',#422,#429,#59,.T.);
#516=EDGE_CURVE('',#430,#431,#278,.T.);
#517=EDGE_CURVE('',#431,#432,#60,.T.);
#518=EDGE_CURVE('',#432,#433,#279,.T.);
#519=EDGE_CURVE('',#433,#434,#61,.T.);
#520=EDGE_CURVE('',#434,#435,#280,.T.);
#521=EDGE_CURVE('',#435,#436,#62,.T.);
#522=EDGE_CURVE('',#436,#437,#281,.T.);
#523=EDGE_CURVE('',#437,#430,#63,.T.);
#524=EDGE_CURVE('',#402,#414,#282,.T.);
#525=EDGE_CURVE('',#415,#403,#283,.T.);
#526=EDGE_CURVE('',#420,#405,#284,.T.);
#527=EDGE_CURVE('',#404,#421,#285,.T.);
#528=EDGE_CURVE('',#418,#399,#286,.T.);
#529=EDGE_CURVE('',#398,#419,#287,.T.);
#530=EDGE_CURVE('',#416,#401,#288,.T.);
#531=EDGE_CURVE('',#400,#417,#289,.T.);
#532=EDGE_CURVE('',#434,#438,#290,.T.);
#533=EDGE_CURVE('',#438,#439,#291,.T.);
#534=EDGE_CURVE('',#439,#435,#292,.T.);
#535=EDGE_CURVE('',#432,#440,#293,.T.);
#536=EDGE_CURVE('',#440,#441,#294,.T.);
#537=EDGE_CURVE('',#441,#433,#295,.T.);
#538=EDGE_CURVE('',#430,#442,#296,.T.);
#539=EDGE_CURVE('',#442,#443,#297,.T.);
#540=EDGE_CURVE('',#443,#431,#298,.T.);
#541=EDGE_CURVE('',#436,#444,#299,.T.);
#542=EDGE_CURVE('',#444,#445,#300,.T.);
#543=EDGE_CURVE('',#445,#437,#301,.T.);
#544=EDGE_CURVE('',#446,#447,#302,.T.);
#545=EDGE_CURVE('',#447,#448,#303,.T.);
#546=EDGE_CURVE('',#448,#449,#304,.T.);
#547=EDGE_CURVE('',#449,#446,#305,.T.);
#548=EDGE_CURVE('',#450,#427,#306,.T.);
#549=EDGE_CURVE('',#426,#451,#307,.T.);
#550=EDGE_CURVE('',#451,#450,#308,.T.);
#551=EDGE_CURVE('',#452,#425,#309,.T.);
#552=EDGE_CURVE('',#424,#453,#310,.T.);
#553=EDGE_CURVE('',#453,#452,#311,.T.);
#554=EDGE_CURVE('',#454,#423,#312,.T.);
#555=EDGE_CURVE('',#422,#455,#313,.T.);
#556=EDGE_CURVE('',#455,#454,#314,.T.);
#557=EDGE_CURVE('',#428,#456,#315,.T.);
#558=EDGE_CURVE('',#456,#457,#316,.T.);
#559=EDGE_CURVE('',#457,#429,#317,.T.);
#560=EDGE_CURVE('',#458,#459,#318,.T.);
#561=EDGE_CURVE('',#459,#460,#319,.T.);
#562=EDGE_CURVE('',#460,#461,#320,.T.);
#563=EDGE_CURVE('',#461,#458,#321,.T.);
#564=EDGE_CURVE('',#452,#451,#64,.T.);
#565=EDGE_CURVE('',#454,#453,#65,.T.);
#566=EDGE_CURVE('',#457,#455,#66,.T.);
#567=EDGE_CURVE('',#450,#456,#67,.T.);
#568=EDGE_CURVE('',#441,#438,#68,.T.);
#569=EDGE_CURVE('',#443,#440,#69,.T.);
#570=EDGE_CURVE('',#445,#442,#70,.T.);
#571=EDGE_CURVE('',#439,#444,#71,.T.);
#572=EDGE_CURVE('',#442,#447,#72,.T.);
#573=EDGE_CURVE('',#447,#445,#73,.T.);
#574=EDGE_CURVE('',#448,#444,#74,.T.);
#575=EDGE_CURVE('',#443,#446,#75,.T.);
#576=EDGE_CURVE('',#448,#439,#76,.T.);
#577=EDGE_CURVE('',#440,#446,#77,.T.);
#578=EDGE_CURVE('',#449,#438,#78,.T.);
#579=EDGE_CURVE('',#441,#449,#79,.T.);
#580=EDGE_CURVE('',#455,#459,#80,.T.);
#581=EDGE_CURVE('',#459,#457,#81,.T.);
#582=EDGE_CURVE('',#460,#456,#82,.T.);
#583=EDGE_CURVE('',#454,#458,#83,.T.);
#584=EDGE_CURVE('',#460,#450,#84,.T.);
#585=EDGE_CURVE('',#453,#458,#85,.T.);
#586=EDGE_CURVE('',#461,#451,#86,.T.);
#587=EDGE_CURVE('',#452,#461,#87,.T.);
#588=EDGE_CURVE('',#462,#463,#100,.T.);
#589=EDGE_CURVE('',#462,#464,#101,.T.);
#590=EDGE_CURVE('',#464,#465,#102,.T.);
#591=EDGE_CURVE('',#465,#466,#103,.T.);
#592=EDGE_CURVE('',#466,#467,#104,.T.);
#593=EDGE_CURVE('',#467,#468,#105,.T.);
#594=EDGE_CURVE('',#468,#469,#106,.T.);
#595=EDGE_CURVE('',#469,#470,#107,.T.);
#596=EDGE_CURVE('',#470,#471,#108,.T.);
#597=EDGE_CURVE('',#471,#462,#109,.T.);
#598=EDGE_CURVE('',#411,#408,#110,.T.);
#599=EDGE_CURVE('',#413,#410,#111,.T.);
#600=EDGE_CURVE('',#407,#412,#112,.T.);
#601=EDGE_CURVE('',#409,#406,#113,.T.);
#602=EDGE_CURVE('',#413,#464,#88,.T.);
#603=EDGE_CURVE('',#465,#412,#89,.T.);
#604=EDGE_CURVE('',#466,#407,#90,.T.);
#605=EDGE_CURVE('',#410,#471,#91,.T.);
#606=EDGE_CURVE('',#467,#406,#92,.T.);
#607=EDGE_CURVE('',#411,#470,#93,.T.);
#608=EDGE_CURVE('',#468,#409,#94,.T.);
#609=EDGE_CURVE('',#408,#469,#95,.T.);
#610=ORIENTED_EDGE('',*,*,#472,.F.);
#611=ORIENTED_EDGE('',*,*,#473,.T.);
#612=ORIENTED_EDGE('',*,*,#474,.F.);
#613=ORIENTED_EDGE('',*,*,#475,.T.);
#614=ORIENTED_EDGE('',*,*,#476,.F.);
#615=ORIENTED_EDGE('',*,*,#477,.T.);
#616=ORIENTED_EDGE('',*,*,#478,.F.);
#617=ORIENTED_EDGE('',*,*,#479,.T.);
#618=ORIENTED_EDGE('',*,*,#480,.T.);
#619=ORIENTED_EDGE('',*,*,#481,.T.);
#620=ORIENTED_EDGE('',*,*,#482,.T.);
#621=ORIENTED_EDGE('',*,*,#483,.T.);
#622=ORIENTED_EDGE('',*,*,#484,.T.);
#623=ORIENTED_EDGE('',*,*,#485,.T.);
#624=ORIENTED_EDGE('',*,*,#486,.T.);
#625=ORIENTED_EDGE('',*,*,#487,.T.);
#626=ORIENTED_EDGE('',*,*,#488,.T.);
#627=ORIENTED_EDGE('',*,*,#489,.T.);
#628=ORIENTED_EDGE('',*,*,#490,.T.);
#629=ORIENTED_EDGE('',*,*,#476,.T.);
#630=ORIENTED_EDGE('',*,*,#491,.T.);
#631=ORIENTED_EDGE('',*,*,#492,.T.);
#632=ORIENTED_EDGE('',*,*,#493,.T.);
#633=ORIENTED_EDGE('',*,*,#474,.T.);
#634=ORIENTED_EDGE('',*,*,#494,.T.);
#635=ORIENTED_EDGE('',*,*,#495,.T.);
#636=ORIENTED_EDGE('',*,*,#496,.T.);
#637=ORIENTED_EDGE('',*,*,#472,.T.);
#638=ORIENTED_EDGE('',*,*,#497,.T.);
#639=ORIENTED_EDGE('',*,*,#498,.T.);
#640=ORIENTED_EDGE('',*,*,#499,.T.);
#641=ORIENTED_EDGE('',*,*,#478,.T.);
#642=ORIENTED_EDGE('',*,*,#500,.F.);
#643=ORIENTED_EDGE('',*,*,#501,.T.);
#644=ORIENTED_EDGE('',*,*,#502,.F.);
#645=ORIENTED_EDGE('',*,*,#503,.T.);
#646=ORIENTED_EDGE('',*,*,#504,.F.);
#647=ORIENTED_EDGE('',*,*,#505,.T.);
#648=ORIENTED_EDGE('',*,*,#506,.F.);
#649=ORIENTED_EDGE('',*,*,#507,.T.);
#650=ORIENTED_EDGE('',*,*,#508,.T.);
#651=ORIENTED_EDGE('',*,*,#509,.T.);
#652=ORIENTED_EDGE('',*,*,#510,.F.);
#653=ORIENTED_EDGE('',*,*,#511,.F.);
#654=ORIENTED_EDGE('',*,*,#512,.T.);
#655=ORIENTED_EDGE('',*,*,#513,.T.);
#656=ORIENTED_EDGE('',*,*,#514,.F.);
#657=ORIENTED_EDGE('',*,*,#515,.F.);
#658=ORIENTED_EDGE('',*,*,#516,.T.);
#659=ORIENTED_EDGE('',*,*,#517,.T.);
#660=ORIENTED_EDGE('',*,*,#518,.T.);
#661=ORIENTED_EDGE('',*,*,#519,.T.);
#662=ORIENTED_EDGE('',*,*,#520,.T.);
#663=ORIENTED_EDGE('',*,*,#521,.T.);
#664=ORIENTED_EDGE('',*,*,#522,.T.);
#665=ORIENTED_EDGE('',*,*,#523,.T.);
#666=ORIENTED_EDGE('',*,*,#484,.F.);
#667=ORIENTED_EDGE('',*,*,#524,.T.);
#668=ORIENTED_EDGE('',*,*,#500,.T.);
#669=ORIENTED_EDGE('',*,*,#525,.T.);
#670=ORIENTED_EDGE('',*,*,#506,.T.);
#671=ORIENTED_EDGE('',*,*,#526,.T.);
#672=ORIENTED_EDGE('',*,*,#486,.F.);
#673=ORIENTED_EDGE('',*,*,#527,.T.);
#674=ORIENTED_EDGE('',*,*,#504,.T.);
#675=ORIENTED_EDGE('',*,*,#528,.T.);
#676=ORIENTED_EDGE('',*,*,#480,.F.);
#677=ORIENTED_EDGE('',*,*,#529,.T.);
#678=ORIENTED_EDGE('',*,*,#502,.T.);
#679=ORIENTED_EDGE('',*,*,#530,.T.);
#680=ORIENTED_EDGE('',*,*,#482,.F.);
#681=ORIENTED_EDGE('',*,*,#531,.T.);
#682=ORIENTED_EDGE('',*,*,#532,.T.);
#683=ORIENTED_EDGE('',*,*,#533,.T.);
#684=ORIENTED_EDGE('',*,*,#534,.T.);
#685=ORIENTED_EDGE('',*,*,#520,.F.);
#686=ORIENTED_EDGE('',*,*,#535,.T.);
#687=ORIENTED_EDGE('',*,*,#536,.T.);
#688=ORIENTED_EDGE('',*,*,#537,.T.);
#689=ORIENTED_EDGE('',*,*,#518,.F.);
#690=ORIENTED_EDGE('',*,*,#538,.T.);
#691=ORIENTED_EDGE('',*,*,#539,.T.);
#692=ORIENTED_EDGE('',*,*,#540,.T.);
#693=ORIENTED_EDGE('',*,*,#516,.F.);
#694=ORIENTED_EDGE('',*,*,#541,.T.);
#695=ORIENTED_EDGE('',*,*,#542,.T.);
#696=ORIENTED_EDGE('',*,*,#543,.T.);
#697=ORIENTED_EDGE('',*,*,#522,.F.);
#698=ORIENTED_EDGE('',*,*,#544,.T.);
#699=ORIENTED_EDGE('',*,*,#545,.T.);
#700=ORIENTED_EDGE('',*,*,#546,.T.);
#701=ORIENTED_EDGE('',*,*,#547,.T.);
#702=ORIENTED_EDGE('',*,*,#548,.T.);
#703=ORIENTED_EDGE('',*,*,#512,.F.);
#704=ORIENTED_EDGE('',*,*,#549,.T.);
#705=ORIENTED_EDGE('',*,*,#550,.T.);
#706=ORIENTED_EDGE('',*,*,#551,.T.);
#707=ORIENTED_EDGE('',*,*,#510,.T.);
#708=ORIENTED_EDGE('',*,*,#552,.T.);
#709=ORIENTED_EDGE('',*,*,#553,.T.);
#710=ORIENTED_EDGE('',*,*,#554,.T.);
#711=ORIENTED_EDGE('',*,*,#508,.F.);
#712=ORIENTED_EDGE('',*,*,#555,.T.);
#713=ORIENTED_EDGE('',*,*,#556,.T.);
#714=ORIENTED_EDGE('',*,*,#514,.T.);
#715=ORIENTED_EDGE('',*,*,#557,.T.);
#716=ORIENTED_EDGE('',*,*,#558,.T.);
#717=ORIENTED_EDGE('',*,*,#559,.T.);
#718=ORIENTED_EDGE('',*,*,#560,.T.);
#719=ORIENTED_EDGE('',*,*,#561,.T.);
#720=ORIENTED_EDGE('',*,*,#562,.T.);
#721=ORIENTED_EDGE('',*,*,#563,.T.);
#722=ORIENTED_EDGE('',*,*,#549,.F.);
#723=ORIENTED_EDGE('',*,*,#511,.T.);
#724=ORIENTED_EDGE('',*,*,#551,.F.);
#725=ORIENTED_EDGE('',*,*,#564,.T.);
#726=ORIENTED_EDGE('',*,*,#552,.F.);
#727=ORIENTED_EDGE('',*,*,#509,.F.);
#728=ORIENTED_EDGE('',*,*,#554,.F.);
#729=ORIENTED_EDGE('',*,*,#565,.T.);
#730=ORIENTED_EDGE('',*,*,#555,.F.);
#731=ORIENTED_EDGE('',*,*,#515,.T.);
#732=ORIENTED_EDGE('',*,*,#559,.F.);
#733=ORIENTED_EDGE('',*,*,#566,.T.);
#734=ORIENTED_EDGE('',*,*,#557,.F.);
#735=ORIENTED_EDGE('',*,*,#513,.F.);
#736=ORIENTED_EDGE('',*,*,#548,.F.);
#737=ORIENTED_EDGE('',*,*,#567,.T.);
#738=ORIENTED_EDGE('',*,*,#537,.F.);
#739=ORIENTED_EDGE('',*,*,#568,.T.);
#740=ORIENTED_EDGE('',*,*,#532,.F.);
#741=ORIENTED_EDGE('',*,*,#519,.F.);
#742=ORIENTED_EDGE('',*,*,#540,.F.);
#743=ORIENTED_EDGE('',*,*,#569,.T.);
#744=ORIENTED_EDGE('',*,*,#535,.F.);
#745=ORIENTED_EDGE('',*,*,#517,.F.);
#746=ORIENTED_EDGE('',*,*,#543,.F.);
#747=ORIENTED_EDGE('',*,*,#570,.T.);
#748=ORIENTED_EDGE('',*,*,#538,.F.);
#749=ORIENTED_EDGE('',*,*,#523,.F.);
#750=ORIENTED_EDGE('',*,*,#534,.F.);
#751=ORIENTED_EDGE('',*,*,#571,.T.);
#752=ORIENTED_EDGE('',*,*,#541,.F.);
#753=ORIENTED_EDGE('',*,*,#521,.F.);
#754=ORIENTED_EDGE('',*,*,#572,.F.);
#755=ORIENTED_EDGE('',*,*,#570,.F.);
#756=ORIENTED_EDGE('',*,*,#573,.F.);
#757=ORIENTED_EDGE('',*,*,#573,.T.);
#758=ORIENTED_EDGE('',*,*,#542,.F.);
#759=ORIENTED_EDGE('',*,*,#574,.F.);
#760=ORIENTED_EDGE('',*,*,#545,.F.);
#761=ORIENTED_EDGE('',*,*,#572,.T.);
#762=ORIENTED_EDGE('',*,*,#544,.F.);
#763=ORIENTED_EDGE('',*,*,#575,.F.);
#764=ORIENTED_EDGE('',*,*,#539,.F.);
#765=ORIENTED_EDGE('',*,*,#574,.T.);
#766=ORIENTED_EDGE('',*,*,#571,.F.);
#767=ORIENTED_EDGE('',*,*,#576,.F.);
#768=ORIENTED_EDGE('',*,*,#569,.F.);
#769=ORIENTED_EDGE('',*,*,#575,.T.);
#770=ORIENTED_EDGE('',*,*,#577,.F.);
#771=ORIENTED_EDGE('',*,*,#576,.T.);
#772=ORIENTED_EDGE('',*,*,#533,.F.);
#773=ORIENTED_EDGE('',*,*,#578,.F.);
#774=ORIENTED_EDGE('',*,*,#546,.F.);
#775=ORIENTED_EDGE('',*,*,#577,.T.);
#776=ORIENTED_EDGE('',*,*,#547,.F.);
#777=ORIENTED_EDGE('',*,*,#579,.F.);
#778=ORIENTED_EDGE('',*,*,#536,.F.);
#779=ORIENTED_EDGE('',*,*,#578,.T.);
#780=ORIENTED_EDGE('',*,*,#568,.F.);
#781=ORIENTED_EDGE('',*,*,#579,.T.);
#782=ORIENTED_EDGE('',*,*,#580,.F.);
#783=ORIENTED_EDGE('',*,*,#566,.F.);
#784=ORIENTED_EDGE('',*,*,#581,.F.);
#785=ORIENTED_EDGE('',*,*,#581,.T.);
#786=ORIENTED_EDGE('',*,*,#558,.F.);
#787=ORIENTED_EDGE('',*,*,#582,.F.);
#788=ORIENTED_EDGE('',*,*,#561,.F.);
#789=ORIENTED_EDGE('',*,*,#580,.T.);
#790=ORIENTED_EDGE('',*,*,#560,.F.);
#791=ORIENTED_EDGE('',*,*,#583,.F.);
#792=ORIENTED_EDGE('',*,*,#556,.F.);
#793=ORIENTED_EDGE('',*,*,#582,.T.);
#794=ORIENTED_EDGE('',*,*,#567,.F.);
#795=ORIENTED_EDGE('',*,*,#584,.F.);
#796=ORIENTED_EDGE('',*,*,#565,.F.);
#797=ORIENTED_EDGE('',*,*,#583,.T.);
#798=ORIENTED_EDGE('',*,*,#585,.F.);
#799=ORIENTED_EDGE('',*,*,#584,.T.);
#800=ORIENTED_EDGE('',*,*,#550,.F.);
#801=ORIENTED_EDGE('',*,*,#586,.F.);
#802=ORIENTED_EDGE('',*,*,#562,.F.);
#803=ORIENTED_EDGE('',*,*,#585,.T.);
#804=ORIENTED_EDGE('',*,*,#563,.F.);
#805=ORIENTED_EDGE('',*,*,#587,.F.);
#806=ORIENTED_EDGE('',*,*,#553,.F.);
#807=ORIENTED_EDGE('',*,*,#586,.T.);
#808=ORIENTED_EDGE('',*,*,#564,.F.);
#809=ORIENTED_EDGE('',*,*,#587,.T.);
#810=ORIENTED_EDGE('',*,*,#588,.T.);
#811=ORIENTED_EDGE('',*,*,#588,.F.);
#812=ORIENTED_EDGE('',*,*,#589,.T.);
#813=ORIENTED_EDGE('',*,*,#590,.T.);
#814=ORIENTED_EDGE('',*,*,#591,.T.);
#815=ORIENTED_EDGE('',*,*,#592,.T.);
#816=ORIENTED_EDGE('',*,*,#593,.T.);
#817=ORIENTED_EDGE('',*,*,#594,.T.);
#818=ORIENTED_EDGE('',*,*,#595,.T.);
#819=ORIENTED_EDGE('',*,*,#596,.T.);
#820=ORIENTED_EDGE('',*,*,#597,.T.);
#821=ORIENTED_EDGE('',*,*,#496,.F.);
#822=ORIENTED_EDGE('',*,*,#598,.T.);
#823=ORIENTED_EDGE('',*,*,#491,.F.);
#824=ORIENTED_EDGE('',*,*,#473,.F.);
#825=ORIENTED_EDGE('',*,*,#499,.F.);
#826=ORIENTED_EDGE('',*,*,#599,.T.);
#827=ORIENTED_EDGE('',*,*,#494,.F.);
#828=ORIENTED_EDGE('',*,*,#479,.F.);
#829=ORIENTED_EDGE('',*,*,#490,.F.);
#830=ORIENTED_EDGE('',*,*,#600,.T.);
#831=ORIENTED_EDGE('',*,*,#497,.F.);
#832=ORIENTED_EDGE('',*,*,#477,.F.);
#833=ORIENTED_EDGE('',*,*,#493,.F.);
#834=ORIENTED_EDGE('',*,*,#601,.T.);
#835=ORIENTED_EDGE('',*,*,#488,.F.);
#836=ORIENTED_EDGE('',*,*,#475,.F.);
#837=ORIENTED_EDGE('',*,*,#602,.F.);
#838=ORIENTED_EDGE('',*,*,#498,.F.);
#839=ORIENTED_EDGE('',*,*,#603,.F.);
#840=ORIENTED_EDGE('',*,*,#590,.F.);
#841=ORIENTED_EDGE('',*,*,#603,.T.);
#842=ORIENTED_EDGE('',*,*,#600,.F.);
#843=ORIENTED_EDGE('',*,*,#604,.F.);
#844=ORIENTED_EDGE('',*,*,#591,.F.);
#845=ORIENTED_EDGE('',*,*,#602,.T.);
#846=ORIENTED_EDGE('',*,*,#589,.F.);
#847=ORIENTED_EDGE('',*,*,#597,.F.);
#848=ORIENTED_EDGE('',*,*,#605,.F.);
#849=ORIENTED_EDGE('',*,*,#599,.F.);
#850=ORIENTED_EDGE('',*,*,#604,.T.);
#851=ORIENTED_EDGE('',*,*,#489,.F.);
#852=ORIENTED_EDGE('',*,*,#606,.F.);
#853=ORIENTED_EDGE('',*,*,#592,.F.);
#854=ORIENTED_EDGE('',*,*,#605,.T.);
#855=ORIENTED_EDGE('',*,*,#596,.F.);
#856=ORIENTED_EDGE('',*,*,#607,.F.);
#857=ORIENTED_EDGE('',*,*,#495,.F.);
#858=ORIENTED_EDGE('',*,*,#606,.T.);
#859=ORIENTED_EDGE('',*,*,#601,.F.);
#860=ORIENTED_EDGE('',*,*,#608,.F.);
#861=ORIENTED_EDGE('',*,*,#593,.F.);
#862=ORIENTED_EDGE('',*,*,#607,.T.);
#863=ORIENTED_EDGE('',*,*,#595,.F.);
#864=ORIENTED_EDGE('',*,*,#609,.F.);
#865=ORIENTED_EDGE('',*,*,#598,.F.);
#866=ORIENTED_EDGE('',*,*,#608,.T.);
#867=ORIENTED_EDGE('',*,*,#492,.F.);
#868=ORIENTED_EDGE('',*,*,#609,.T.);
#869=ORIENTED_EDGE('',*,*,#594,.F.);
#870=ORIENTED_EDGE('',*,*,#483,.F.);
#871=ORIENTED_EDGE('',*,*,#530,.F.);
#872=ORIENTED_EDGE('',*,*,#501,.F.);
#873=ORIENTED_EDGE('',*,*,#524,.F.);
#874=ORIENTED_EDGE('',*,*,#481,.F.);
#875=ORIENTED_EDGE('',*,*,#528,.F.);
#876=ORIENTED_EDGE('',*,*,#503,.F.);
#877=ORIENTED_EDGE('',*,*,#531,.F.);
#878=ORIENTED_EDGE('',*,*,#487,.F.);
#879=ORIENTED_EDGE('',*,*,#526,.F.);
#880=ORIENTED_EDGE('',*,*,#505,.F.);
#881=ORIENTED_EDGE('',*,*,#529,.F.);
#882=ORIENTED_EDGE('',*,*,#485,.F.);
#883=ORIENTED_EDGE('',*,*,#525,.F.);
#884=ORIENTED_EDGE('',*,*,#507,.F.);
#885=ORIENTED_EDGE('',*,*,#527,.F.);
#886=PLANE('',#981);
#887=PLANE('',#990);
#888=PLANE('',#991);
#889=PLANE('',#992);
#890=PLANE('',#993);
#891=PLANE('',#994);
#892=PLANE('',#1007);
#893=PLANE('',#1008);
#894=PLANE('',#1009);
#895=PLANE('',#1010);
#896=PLANE('',#1011);
#897=PLANE('',#1012);
#898=PLANE('',#1013);
#899=PLANE('',#1014);
#900=PLANE('',#1015);
#901=PLANE('',#1016);
#902=PLANE('',#1017);
#903=PLANE('',#1018);
#904=PLANE('',#1019);
#905=PLANE('',#1020);
#906=ADVANCED_FACE('',(#117,#114),#886,.F.);
#907=ADVANCED_FACE('',(#118),#887,.T.);
#908=ADVANCED_FACE('',(#119),#888,.T.);
#909=ADVANCED_FACE('',(#120),#889,.T.);
#910=ADVANCED_FACE('',(#121),#890,.T.);
#911=ADVANCED_FACE('',(#122,#115,#116),#891,.F.);
#912=ADVANCED_FACE('',(#123),#892,.T.);
#913=ADVANCED_FACE('',(#124),#893,.T.);
#914=ADVANCED_FACE('',(#125),#894,.T.);
#915=ADVANCED_FACE('',(#126),#895,.T.);
#916=ADVANCED_FACE('',(#127),#896,.T.);
#917=ADVANCED_FACE('',(#128),#897,.T.);
#918=ADVANCED_FACE('',(#129),#898,.T.);
#919=ADVANCED_FACE('',(#130),#899,.T.);
#920=ADVANCED_FACE('',(#131),#900,.T.);
#921=ADVANCED_FACE('',(#132),#901,.T.);
#922=ADVANCED_FACE('',(#133),#902,.T.);
#923=ADVANCED_FACE('',(#134),#903,.T.);
#924=ADVANCED_FACE('',(#135),#904,.T.);
#925=ADVANCED_FACE('',(#136),#905,.T.);
#926=ADVANCED_FACE('',(#137),#32,.T.);
#927=ADVANCED_FACE('',(#138),#33,.T.);
#928=ADVANCED_FACE('',(#139),#34,.T.);
#929=ADVANCED_FACE('',(#140),#35,.T.);
#930=ADVANCED_FACE('',(#141),#36,.T.);
#931=ADVANCED_FACE('',(#142),#37,.T.);
#932=ADVANCED_FACE('',(#143),#38,.T.);
#933=ADVANCED_FACE('',(#144),#39,.T.);
#934=ADVANCED_FACE('',(#145),#24,.T.);
#935=ADVANCED_FACE('',(#146),#40,.T.);
#936=ADVANCED_FACE('',(#147),#41,.T.);
#937=ADVANCED_FACE('',(#148),#25,.T.);
#938=ADVANCED_FACE('',(#149),#26,.T.);
#939=ADVANCED_FACE('',(#150),#42,.T.);
#940=ADVANCED_FACE('',(#151),#43,.T.);
#941=ADVANCED_FACE('',(#152),#27,.T.);
#942=ADVANCED_FACE('',(#153),#28,.T.);
#943=ADVANCED_FACE('',(#154),#44,.T.);
#944=ADVANCED_FACE('',(#155),#45,.T.);
#945=ADVANCED_FACE('',(#156),#29,.T.);
#946=ADVANCED_FACE('',(#157),#30,.T.);
#947=ADVANCED_FACE('',(#158),#46,.T.);
#948=ADVANCED_FACE('',(#159),#47,.T.);
#949=ADVANCED_FACE('',(#160),#31,.T.);
#950=ADVANCED_FACE('',(#161),#23,.T.);
#951=ADVANCED_FACE('',(#162),#48,.T.);
#952=ADVANCED_FACE('',(#163),#49,.T.);
#953=ADVANCED_FACE('',(#164),#50,.T.);
#954=ADVANCED_FACE('',(#165),#51,.T.);
#955=ADVANCED_FACE('',(#166),#15,.T.);
#956=ADVANCED_FACE('',(#167),#16,.T.);
#957=ADVANCED_FACE('',(#168),#17,.T.);
#958=ADVANCED_FACE('',(#169),#18,.T.);
#959=ADVANCED_FACE('',(#170),#19,.T.);
#960=ADVANCED_FACE('',(#171),#20,.T.);
#961=ADVANCED_FACE('',(#172),#21,.T.);
#962=ADVANCED_FACE('',(#173),#22,.T.);
#963=ADVANCED_FACE('',(#174),#52,.F.);
#964=ADVANCED_FACE('',(#175),#53,.F.);
#965=ADVANCED_FACE('',(#176),#54,.F.);
#966=ADVANCED_FACE('',(#177),#55,.F.);
#967=CLOSED_SHELL('',(#906,#907,#908,#909,#910,#911,#912,#913,#914,#915,
#916,#917,#918,#919,#920,#921,#922,#923,#924,#925,#926,#927,#928,#929,#930,
#931,#932,#933,#934,#935,#936,#937,#938,#939,#940,#941,#942,#943,#944,#945,
#946,#947,#948,#949,#950,#951,#952,#953,#954,#955,#956,#957,#958,#959,#960,
#961,#962,#963,#964,#965,#966));
#968=DERIVED_UNIT_ELEMENT(#970,1.);
#969=DERIVED_UNIT_ELEMENT(#2660,-3.);
#970=(
MASS_UNIT()
NAMED_UNIT(*)
SI_UNIT(.KILO.,.GRAM.)
);
#971=DERIVED_UNIT((#968,#969));
#972=MEASURE_REPRESENTATION_ITEM('density measure',
POSITIVE_RATIO_MEASURE(7850.),#971);
#973=PROPERTY_DEFINITION_REPRESENTATION(#978,#975);
#974=PROPERTY_DEFINITION_REPRESENTATION(#979,#976);
#975=REPRESENTATION('material name',(#977),#2657);
#976=REPRESENTATION('density',(#972),#2657);
#977=DESCRIPTIVE_REPRESENTATION_ITEM('Steel','Steel');
#978=PROPERTY_DEFINITION('material property','material name',#2667);
#979=PROPERTY_DEFINITION('material property','density of part',#2667);
#980=AXIS2_PLACEMENT_3D('',#1363,#1085,#1086);
#981=AXIS2_PLACEMENT_3D('',#1364,#1087,#1088);
#982=AXIS2_PLACEMENT_3D('',#1369,#1090,#1091);
#983=AXIS2_PLACEMENT_3D('',#1373,#1093,#1094);
#984=AXIS2_PLACEMENT_3D('',#1377,#1096,#1097);
#985=AXIS2_PLACEMENT_3D('',#1380,#1099,#1100);
#986=AXIS2_PLACEMENT_3D('',#1385,#1102,#1103);
#987=AXIS2_PLACEMENT_3D('',#1389,#1105,#1106);
#988=AXIS2_PLACEMENT_3D('',#1393,#1108,#1109);
#989=AXIS2_PLACEMENT_3D('',#1396,#1111,#1112);
#990=AXIS2_PLACEMENT_3D('',#1397,#1113,#1114);
#991=AXIS2_PLACEMENT_3D('',#1406,#1117,#1118);
#992=AXIS2_PLACEMENT_3D('',#1415,#1121,#1122);
#993=AXIS2_PLACEMENT_3D('',#1424,#1125,#1126);
#994=AXIS2_PLACEMENT_3D('',#1433,#1129,#1130);
#995=AXIS2_PLACEMENT_3D('',#1438,#1132,#1133);
#996=AXIS2_PLACEMENT_3D('',#1442,#1135,#1136);
#997=AXIS2_PLACEMENT_3D('',#1446,#1138,#1139);
#998=AXIS2_PLACEMENT_3D('',#1449,#1141,#1142);
#999=AXIS2_PLACEMENT_3D('',#1454,#1144,#1145);
#1000=AXIS2_PLACEMENT_3D('',#1458,#1147,#1148);
#1001=AXIS2_PLACEMENT_3D('',#1462,#1150,#1151);
#1002=AXIS2_PLACEMENT_3D('',#1465,#1153,#1154);
#1003=AXIS2_PLACEMENT_3D('',#1470,#1156,#1157);
#1004=AXIS2_PLACEMENT_3D('',#1474,#1159,#1160);
#1005=AXIS2_PLACEMENT_3D('',#1478,#1162,#1163);
#1006=AXIS2_PLACEMENT_3D('',#1481,#1165,#1166);
#1007=AXIS2_PLACEMENT_3D('',#1482,#1167,#1168);
#1008=AXIS2_PLACEMENT_3D('',#1485,#1171,#1172);
#1009=AXIS2_PLACEMENT_3D('',#1488,#1175,#1176);
#1010=AXIS2_PLACEMENT_3D('',#1491,#1179,#1180);
#1011=AXIS2_PLACEMENT_3D('',#1494,#1183,#1184);
#1012=AXIS2_PLACEMENT_3D('',#1500,#1188,#1189);
#1013=AXIS2_PLACEMENT_3D('',#1506,#1193,#1194);
#1014=AXIS2_PLACEMENT_3D('',#1512,#1198,#1199);
#1015=AXIS2_PLACEMENT_3D('',#1518,#1203,#1204);
#1016=AXIS2_PLACEMENT_3D('',#1527,#1209,#1210);
#1017=AXIS2_PLACEMENT_3D('',#1533,#1214,#1215);
#1018=AXIS2_PLACEMENT_3D('',#1539,#1219,#1220);
#1019=AXIS2_PLACEMENT_3D('',#1545,#1224,#1225);
#1020=AXIS2_PLACEMENT_3D('',#1551,#1229,#1230);
#1021=AXIS2_PLACEMENT_3D('',#1560,#1235,#1236);
#1022=AXIS2_PLACEMENT_3D('',#1561,#1237,#1238);
#1023=AXIS2_PLACEMENT_3D('',#1562,#1239,#1240);
#1024=AXIS2_PLACEMENT_3D('',#1563,#1241,#1242);
#1025=AXIS2_PLACEMENT_3D('',#1564,#1243,#1244);
#1026=AXIS2_PLACEMENT_3D('',#1565,#1245,#1246);
#1027=AXIS2_PLACEMENT_3D('',#1566,#1247,#1248);
#1028=AXIS2_PLACEMENT_3D('',#1567,#1249,#1250);
#1029=AXIS2_PLACEMENT_3D('',#1568,#1251,#1252);
#1030=AXIS2_PLACEMENT_3D('',#1569,#1253,#1254);
#1031=AXIS2_PLACEMENT_3D('',#1570,#1255,#1256);
#1032=AXIS2_PLACEMENT_3D('',#1571,#1257,#1258);
#1033=AXIS2_PLACEMENT_3D('',#1572,#1259,#1260);
#1034=AXIS2_PLACEMENT_3D('',#1573,#1261,#1262);
#1035=AXIS2_PLACEMENT_3D('',#1574,#1263,#1264);
#1036=AXIS2_PLACEMENT_3D('',#1575,#1265,#1266);
#1037=AXIS2_PLACEMENT_3D('',#1576,#1267,#1268);
#1038=AXIS2_PLACEMENT_3D('',#1577,#1269,#1270);
#1039=AXIS2_PLACEMENT_3D('',#1578,#1271,#1272);
#1040=AXIS2_PLACEMENT_3D('',#1579,#1273,#1274);
#1041=AXIS2_PLACEMENT_3D('',#1580,#1275,#1276);
#1042=AXIS2_PLACEMENT_3D('',#1581,#1277,#1278);
#1043=AXIS2_PLACEMENT_3D('',#1582,#1279,#1280);
#1044=AXIS2_PLACEMENT_3D('',#1583,#1281,#1282);
#1045=AXIS2_PLACEMENT_3D('',#1584,#1283,#1284);
#1046=AXIS2_PLACEMENT_3D('',#1585,#1285,#1286);
#1047=AXIS2_PLACEMENT_3D('',#1586,#1287,#1288);
#1048=AXIS2_PLACEMENT_3D('',#1587,#1289,#1290);
#1049=AXIS2_PLACEMENT_3D('',#1588,#1291,#1292);
#1050=AXIS2_PLACEMENT_3D('',#1589,#1293,#1294);
#1051=AXIS2_PLACEMENT_3D('',#1590,#1295,#1296);
#1052=AXIS2_PLACEMENT_3D('',#1591,#1297,#1298);
#1053=AXIS2_PLACEMENT_3D('',#1592,#1299,#1300);
#1054=AXIS2_PLACEMENT_3D('',#1593,#1301,#1302);
#1055=AXIS2_PLACEMENT_3D('',#1594,#1303,#1304);
#1056=AXIS2_PLACEMENT_3D('',#1595,#1305,#1306);
#1057=AXIS2_PLACEMENT_3D('',#1596,#1307,#1308);
#1058=AXIS2_PLACEMENT_3D('',#1597,#1309,#1310);
#1059=AXIS2_PLACEMENT_3D('',#1598,#1311,#1312);
#1060=AXIS2_PLACEMENT_3D('',#1599,#1313,#1314);
#1061=AXIS2_PLACEMENT_3D('',#1600,#1315,#1316);
#1062=AXIS2_PLACEMENT_3D('',#1601,#1317,#1318);
#1063=AXIS2_PLACEMENT_3D('',#1602,#1319,#1320);
#1064=AXIS2_PLACEMENT_3D('',#1603,#1321,#1322);
#1065=AXIS2_PLACEMENT_3D('',#1604,#1323,#1324);
#1066=AXIS2_PLACEMENT_3D('',#1605,#1325,#1326);
#1067=AXIS2_PLACEMENT_3D('',#1606,#1327,#1328);
#1068=AXIS2_PLACEMENT_3D('',#1607,#1329,#1330);
#1069=AXIS2_PLACEMENT_3D('',#1751,#1331,#1332);
#1070=AXIS2_PLACEMENT_3D('',#1774,#1333,#1334);
#1071=AXIS2_PLACEMENT_3D('',#1797,#1335,#1336);
#1072=AXIS2_PLACEMENT_3D('',#1820,#1337,#1338);
#1073=AXIS2_PLACEMENT_3D('',#1883,#1339,#1340);
#1074=AXIS2_PLACEMENT_3D('',#1884,#1341,#1342);
#1075=AXIS2_PLACEMENT_3D('',#2045,#1343,#1344);
#1076=AXIS2_PLACEMENT_3D('',#2206,#1345,#1346);
#1077=AXIS2_PLACEMENT_3D('',#2247,#1347,#1348);
#1078=AXIS2_PLACEMENT_3D('',#2288,#1349,#1350);
#1079=AXIS2_PLACEMENT_3D('',#2449,#1351,#1352);
#1080=AXIS2_PLACEMENT_3D('',#2610,#1353,#1354);
#1081=AXIS2_PLACEMENT_3D('',#2651,#1355,#1356);
#1082=AXIS2_PLACEMENT_3D('',#2652,#1357,#1358);
#1083=AXIS2_PLACEMENT_3D('',#2653,#1359,#1360);
#1084=AXIS2_PLACEMENT_3D('',#2654,#1361,#1362);
#1085=DIRECTION('axis',(0.,0.,1.));
#1086=DIRECTION('refdir',(1.,0.,0.));
#1087=DIRECTION('center_axis',(0.,0.,1.));
#1088=DIRECTION('ref_axis',(1.,0.,0.));
#1089=DIRECTION('',(1.,0.,0.));
#1090=DIRECTION('center_axis',(0.,0.,-1.));
#1091=DIRECTION('ref_axis',(0.707106781186547,0.707106781186547,0.));
#1092=DIRECTION('',(0.,-1.,0.));
#1093=DIRECTION('center_axis',(0.,0.,-1.));
#1094=DIRECTION('ref_axis',(0.707106781186547,-0.707106781186547,0.));
#1095=DIRECTION('',(-1.,0.,0.));
#1096=DIRECTION('center_axis',(0.,0.,-1.));
#1097=DIRECTION('ref_axis',(-0.707106781186547,-0.707106781186547,0.));
#1098=DIRECTION('',(0.,1.,0.));
#1099=DIRECTION('center_axis',(0.,0.,-1.));
#1100=DIRECTION('ref_axis',(-0.707106781186547,0.707106781186547,0.));
#1101=DIRECTION('',(0.,1.,0.));
#1102=DIRECTION('center_axis',(0.,0.,1.));
#1103=DIRECTION('ref_axis',(0.707106781186547,0.707106781186547,0.));
#1104=DIRECTION('',(-1.,0.,0.));
#1105=DIRECTION('center_axis',(0.,0.,1.));
#1106=DIRECTION('ref_axis',(-0.707106781186547,0.707106781186547,0.));
#1107=DIRECTION('',(0.,-1.,0.));
#1108=DIRECTION('center_axis',(0.,0.,1.));
#1109=DIRECTION('ref_axis',(-0.707106781186547,-0.707106781186547,0.));
#1110=DIRECTION('',(1.,0.,0.));
#1111=DIRECTION('center_axis',(0.,0.,1.));
#1112=DIRECTION('ref_axis',(0.707106781186547,-0.707106781186547,0.));
#1113=DIRECTION('center_axis',(0.,0.957826285083537,0.287347886025061));
#1114=DIRECTION('ref_axis',(0.,-0.287347886025061,0.957826285083537));
#1115=DIRECTION('',(0.276172385030514,-0.276172385030514,0.920574618101713));
#1116=DIRECTION('',(0.276172385030514,0.276172385030514,-0.920574618101713));
#1117=DIRECTION('center_axis',(-0.957826285083537,0.,0.287347886025061));
#1118=DIRECTION('ref_axis',(0.287347886025061,0.,0.957826285083537));
#1119=DIRECTION('',(0.276172385030514,0.276172385030514,0.920574618101713));
#1120=DIRECTION('',(-0.276172385030514,0.276172385030514,-0.920574618101713));
#1121=DIRECTION('center_axis',(0.,-0.957826285083537,0.287347886025061));
#1122=DIRECTION('ref_axis',(0.,-0.287347886025061,-0.957826285083537));
#1123=DIRECTION('',(-0.276172385030514,0.276172385030514,0.920574618101713));
#1124=DIRECTION('',(-0.276172385030514,-0.276172385030514,-0.920574618101713));
#1125=DIRECTION('center_axis',(0.957826285083537,0.,0.287347886025061));
#1126=DIRECTION('ref_axis',(0.287347886025061,0.,-0.957826285083537));
#1127=DIRECTION('',(-0.276172385030514,-0.276172385030514,0.920574618101713));
#1128=DIRECTION('',(0.276172385030514,-0.276172385030514,-0.920574618101713));
#1129=DIRECTION('center_axis',(0.,0.,1.));
#1130=DIRECTION('ref_axis',(1.,0.,0.));
#1131=DIRECTION('',(0.,-1.,0.));
#1132=DIRECTION('center_axis',(0.,0.,-1.));
#1133=DIRECTION('ref_axis',(-0.707106781186547,0.707106781186547,0.));
#1134=DIRECTION('',(-1.,0.,0.));
#1135=DIRECTION('center_axis',(0.,0.,-1.));
#1136=DIRECTION('ref_axis',(0.707106781186547,0.707106781186547,0.));
#1137=DIRECTION('',(0.,1.,0.));
#1138=DIRECTION('center_axis',(0.,0.,-1.));
#1139=DIRECTION('ref_axis',(0.707106781186547,-0.707106781186547,0.));
#1140=DIRECTION('',(1.,0.,0.));
#1141=DIRECTION('center_axis',(0.,0.,-1.));
#1142=DIRECTION('ref_axis',(-0.707106781186547,-0.707106781186547,0.));
#1143=DIRECTION('',(0.,-1.,0.));
#1144=DIRECTION('center_axis',(0.,0.,1.));
#1145=DIRECTION('ref_axis',(1.,0.,0.));
#1146=DIRECTION('',(-1.,0.,0.));
#1147=DIRECTION('center_axis',(0.,0.,-1.));
#1148=DIRECTION('ref_axis',(1.,0.,0.));
#1149=DIRECTION('',(0.,1.,0.));
#1150=DIRECTION('center_axis',(0.,0.,1.));
#1151=DIRECTION('ref_axis',(1.,0.,0.));
#1152=DIRECTION('',(1.,0.,0.));
#1153=DIRECTION('center_axis',(0.,0.,-1.));
#1154=DIRECTION('ref_axis',(1.,0.,0.));
#1155=DIRECTION('',(0.,1.,0.));
#1156=DIRECTION('center_axis',(0.,0.,1.));
#1157=DIRECTION('ref_axis',(1.,0.,0.));
#1158=DIRECTION('',(-1.,0.,0.));
#1159=DIRECTION('center_axis',(0.,0.,1.));
#1160=DIRECTION('ref_axis',(1.,0.,0.));
#1161=DIRECTION('',(0.,-1.,0.));
#1162=DIRECTION('center_axis',(0.,0.,1.));
#1163=DIRECTION('ref_axis',(1.,0.,0.));
#1164=DIRECTION('',(1.,0.,0.));
#1165=DIRECTION('center_axis',(0.,0.,1.));
#1166=DIRECTION('ref_axis',(1.,0.,0.));
#1167=DIRECTION('center_axis',(0.936329177486853,0.,-0.35112344180757));
#1168=DIRECTION('ref_axis',(-0.35112344180757,0.,-0.936329177486853));
#1169=DIRECTION('',(0.331294577931857,-0.331294577931857,0.883452208818285));
#1170=DIRECTION('',(-0.331294577931857,-0.331294577931857,-0.883452208818285));
#1171=DIRECTION('center_axis',(0.,0.936329177486853,-0.35112344180757));
#1172=DIRECTION('ref_axis',(0.,0.35112344180757,0.936329177486853));
#1173=DIRECTION('',(0.331294577931857,-0.331294577931857,-0.883452208818285));
#1174=DIRECTION('',(0.331294577931857,0.331294577931857,0.883452208818285));
#1175=DIRECTION('center_axis',(-0.936329177486853,0.,-0.35112344180757));
#1176=DIRECTION('ref_axis',(-0.35112344180757,0.,0.936329177486853));
#1177=DIRECTION('',(0.331294577931857,0.331294577931857,-0.883452208818285));
#1178=DIRECTION('',(-0.331294577931857,0.331294577931857,0.883452208818285));
#1179=DIRECTION('center_axis',(0.,-0.936329177486853,-0.35112344180757));
#1180=DIRECTION('ref_axis',(0.,0.35112344180757,-0.936329177486853));
#1181=DIRECTION('',(-0.331294577931857,0.331294577931857,-0.883452208818285));
#1182=DIRECTION('',(-0.331294577931857,-0.331294577931857,0.883452208818285));
#1183=DIRECTION('center_axis',(-1.,0.,0.));
#1184=DIRECTION('ref_axis',(0.,0.,1.));
#1185=DIRECTION('',(0.,0.,-1.));
#1186=DIRECTION('',(0.,-1.,0.));
#1187=DIRECTION('',(0.,0.,1.));
#1188=DIRECTION('center_axis',(0.,1.,0.));
#1189=DIRECTION('ref_axis',(0.,0.,1.));
#1190=DIRECTION('',(0.,0.,-1.));
#1191=DIRECTION('',(-1.,0.,0.));
#1192=DIRECTION('',(0.,0.,1.));
#1193=DIRECTION('center_axis',(1.,0.,0.));
#1194=DIRECTION('ref_axis',(0.,1.,0.));
#1195=DIRECTION('',(0.,0.,-1.));
#1196=DIRECTION('',(0.,1.,0.));
#1197=DIRECTION('',(0.,0.,1.));
#1198=DIRECTION('center_axis',(0.,-1.,0.));
#1199=DIRECTION('ref_axis',(1.,0.,0.));
#1200=DIRECTION('',(0.,0.,-1.));
#1201=DIRECTION('',(1.,0.,0.));
#1202=DIRECTION('',(0.,0.,1.));
#1203=DIRECTION('center_axis',(0.,0.,-1.));
#1204=DIRECTION('ref_axis',(-1.,0.,0.));
#1205=DIRECTION('',(0.,-1.,0.));
#1206=DIRECTION('',(-1.,0.,0.));
#1207=DIRECTION('',(0.,1.,0.));
#1208=DIRECTION('',(1.,0.,0.));
#1209=DIRECTION('center_axis',(1.,0.,0.));
#1210=DIRECTION('ref_axis',(0.,0.,-1.));
#1211=DIRECTION('',(0.,0.,1.));
#1212=DIRECTION('',(0.,0.,-1.));
#1213=DIRECTION('',(0.,1.,0.));
#1214=DIRECTION('center_axis',(0.,-1.,0.));
#1215=DIRECTION('ref_axis',(0.,0.,-1.));
#1216=DIRECTION('',(0.,0.,1.));
#1217=DIRECTION('',(0.,0.,-1.));
#1218=DIRECTION('',(1.,0.,0.));
#1219=DIRECTION('center_axis',(-1.,0.,0.));
#1220=DIRECTION('ref_axis',(0.,0.,1.));
#1221=DIRECTION('',(0.,0.,1.));
#1222=DIRECTION('',(0.,0.,-1.));
#1223=DIRECTION('',(0.,-1.,0.));
#1224=DIRECTION('center_axis',(0.,1.,0.));
#1225=DIRECTION('ref_axis',(0.,0.,1.));
#1226=DIRECTION('',(0.,0.,-1.));
#1227=DIRECTION('',(-1.,0.,0.));
#1228=DIRECTION('',(0.,0.,1.));
#1229=DIRECTION('center_axis',(0.,0.,-1.));
#1230=DIRECTION('ref_axis',(-1.,0.,0.));
#1231=DIRECTION('',(0.,1.,0.));
#1232=DIRECTION('',(1.,0.,0.));
#1233=DIRECTION('',(0.,-1.,0.));
#1234=DIRECTION('',(-1.,0.,0.));
#1235=DIRECTION('center_axis',(0.,0.,1.));
#1236=DIRECTION('ref_axis',(1.,0.,0.));
#1237=DIRECTION('center_axis',(0.,0.,1.));
#1238=DIRECTION('ref_axis',(1.,0.,0.));
#1239=DIRECTION('center_axis',(0.,0.,1.));
#1240=DIRECTION('ref_axis',(1.,0.,0.));
#1241=DIRECTION('center_axis',(0.,0.,1.));
#1242=DIRECTION('ref_axis',(1.,0.,0.));
#1243=DIRECTION('center_axis',(0.,0.,1.));
#1244=DIRECTION('ref_axis',(1.,0.,0.));
#1245=DIRECTION('center_axis',(0.,0.,1.));
#1246=DIRECTION('ref_axis',(1.,0.,0.));
#1247=DIRECTION('center_axis',(0.,0.,1.));
#1248=DIRECTION('ref_axis',(1.,0.,0.));
#1249=DIRECTION('center_axis',(0.,0.,1.));
#1250=DIRECTION('ref_axis',(1.,0.,0.));
#1251=DIRECTION('center_axis',(0.,0.,1.));
#1252=DIRECTION('ref_axis',(1.,0.,0.));
#1253=DIRECTION('center_axis',(0.,0.,1.));
#1254=DIRECTION('ref_axis',(1.,0.,0.));
#1255=DIRECTION('center_axis',(0.,0.,1.));
#1256=DIRECTION('ref_axis',(1.,0.,0.));
#1257=DIRECTION('center_axis',(0.,0.,1.));
#1258=DIRECTION('ref_axis',(1.,0.,0.));
#1259=DIRECTION('center_axis',(0.,0.,1.));
#1260=DIRECTION('ref_axis',(1.,0.,0.));
#1261=DIRECTION('center_axis',(0.,0.,1.));
#1262=DIRECTION('ref_axis',(1.,0.,0.));
#1263=DIRECTION('center_axis',(0.,0.,1.));
#1264=DIRECTION('ref_axis',(1.,0.,0.));
#1265=DIRECTION('center_axis',(0.,0.,1.));
#1266=DIRECTION('ref_axis',(1.,0.,0.));
#1267=DIRECTION('center_axis',(0.,0.,1.));
#1268=DIRECTION('ref_axis',(1.,0.,0.));
#1269=DIRECTION('center_axis',(0.,1.,0.));
#1270=DIRECTION('ref_axis',(-1.,0.,0.));
#1271=DIRECTION('center_axis',(-1.,0.,0.));
#1272=DIRECTION('ref_axis',(0.,1.,0.));
#1273=DIRECTION('center_axis',(1.,0.,0.));
#1274=DIRECTION('ref_axis',(0.,1.,0.));
#1275=DIRECTION('center_axis',(-1.,0.,0.));
#1276=DIRECTION('ref_axis',(0.,1.,0.));
#1277=DIRECTION('center_axis',(0.,1.,0.));
#1278=DIRECTION('ref_axis',(-1.,0.,0.));
#1279=DIRECTION('center_axis',(0.,1.,0.));
#1280=DIRECTION('ref_axis',(-1.,0.,0.));
#1281=DIRECTION('center_axis',(0.,0.,1.));
#1282=DIRECTION('ref_axis',(1.,0.,0.));
#1283=DIRECTION('center_axis',(0.,1.,0.));
#1284=DIRECTION('ref_axis',(0.,0.,-1.));
#1285=DIRECTION('center_axis',(0.,0.,1.));
#1286=DIRECTION('ref_axis',(1.,0.,0.));
#1287=DIRECTION('center_axis',(-1.,0.,0.));
#1288=DIRECTION('ref_axis',(0.,0.,1.));
#1289=DIRECTION('center_axis',(0.,-1.,0.));
#1290=DIRECTION('ref_axis',(0.,0.,-1.));
#1291=DIRECTION('center_axis',(0.,1.,0.));
#1292=DIRECTION('ref_axis',(0.,0.,-1.));
#1293=DIRECTION('center_axis',(-1.,0.,0.));
#1294=DIRECTION('ref_axis',(0.,0.,1.));
#1295=DIRECTION('center_axis',(-1.,0.,0.));
#1296=DIRECTION('ref_axis',(0.,0.,1.));
#1297=DIRECTION('center_axis',(0.,0.,1.));
#1298=DIRECTION('ref_axis',(1.,0.,0.));
#1299=DIRECTION('center_axis',(0.,0.,1.));
#1300=DIRECTION('ref_axis',(1.,0.,0.));
#1301=DIRECTION('center_axis',(0.,-1.,0.));
#1302=DIRECTION('ref_axis',(0.,0.,-1.));
#1303=DIRECTION('center_axis',(1.,0.,0.));
#1304=DIRECTION('ref_axis',(0.,0.,1.));
#1305=DIRECTION('center_axis',(-1.,0.,0.));
#1306=DIRECTION('ref_axis',(0.,0.,1.));
#1307=DIRECTION('center_axis',(1.,0.,0.));
#1308=DIRECTION('ref_axis',(0.,0.,1.));
#1309=DIRECTION('center_axis',(0.,-1.,0.));
#1310=DIRECTION('ref_axis',(0.,0.,-1.));
#1311=DIRECTION('center_axis',(0.,-1.,0.));
#1312=DIRECTION('ref_axis',(0.,0.,-1.));
#1313=DIRECTION('center_axis',(0.,0.,1.));
#1314=DIRECTION('ref_axis',(1.,0.,0.));
#1315=DIRECTION('center_axis',(0.,-1.,0.));
#1316=DIRECTION('ref_axis',(0.,0.,1.));
#1317=DIRECTION('center_axis',(0.,0.,1.));
#1318=DIRECTION('ref_axis',(1.,0.,0.));
#1319=DIRECTION('center_axis',(1.,0.,0.));
#1320=DIRECTION('ref_axis',(0.,0.,-1.));
#1321=DIRECTION('center_axis',(0.,1.,0.));
#1322=DIRECTION('ref_axis',(0.,0.,1.));
#1323=DIRECTION('center_axis',(0.,-1.,0.));
#1324=DIRECTION('ref_axis',(0.,0.,1.));
#1325=DIRECTION('center_axis',(1.,0.,0.));
#1326=DIRECTION('ref_axis',(0.,0.,-1.));
#1327=DIRECTION('center_axis',(1.,0.,0.));
#1328=DIRECTION('ref_axis',(0.,0.,-1.));
#1329=DIRECTION('center_axis',(0.,0.,1.));
#1330=DIRECTION('ref_axis',(1.,0.,0.));
#1331=DIRECTION('center_axis',(0.276172385030514,0.276172385030514,0.920574618101713));
#1332=DIRECTION('ref_axis',(-2.32928692407729E-10,-0.957826285316465,0.287347885248632));
#1333=DIRECTION('center_axis',(-0.276172385030514,0.276172385030514,0.920574618101713));
#1334=DIRECTION('ref_axis',(0.957826285316465,-2.32928687189682E-10,0.287347885248632));
#1335=DIRECTION('center_axis',(-0.276172385030514,-0.276172385030514,0.920574618101713));
#1336=DIRECTION('ref_axis',(0.957826285316465,2.32928687189682E-10,0.287347885248632));
#1337=DIRECTION('center_axis',(0.276172385030514,-0.276172385030514,0.920574618101713));
#1338=DIRECTION('ref_axis',(-0.650944555138766,0.65094455495711,0.390566732463077));
#1339=DIRECTION('center_axis',(-0.0288337850140351,-0.994952751484302,0.0961126170467836));
#1340=DIRECTION('ref_axis',(-1.06660909687735E-11,-0.0961525953740849,-0.995366605026926));
#1341=DIRECTION('center_axis',(-0.0288337850140351,0.994952751484302,0.0961126170467836));
#1342=DIRECTION('ref_axis',(1.06660909687735E-11,-0.0961525953740849,0.995366605026926));
#1343=DIRECTION('center_axis',(-0.994952751484302,0.0288337850140351,-0.0961126170467836));
#1344=DIRECTION('ref_axis',(-0.0961525953740849,1.06660908108787E-11,0.995366605026926));
#1345=DIRECTION('center_axis',(-0.994952751484302,-0.0288337850140351,-0.0961126170467836));
#1346=DIRECTION('ref_axis',(-0.0961525953740849,-1.06660908108787E-11,0.995366605026926));
#1347=DIRECTION('center_axis',(-0.994952751484302,-0.0288337850140351,0.0961126170467836));
#1348=DIRECTION('ref_axis',(0.0961525953740849,1.06660908108787E-11,0.995366605026926));
#1349=DIRECTION('center_axis',(-0.994952751484302,0.0288337850140351,0.0961126170467836));
#1350=DIRECTION('ref_axis',(0.0961525953740849,-1.06660908108787E-11,0.995366605026926));
#1351=DIRECTION('center_axis',(-0.0288337850140351,-0.994952751484302,-0.0961126170467836));
#1352=DIRECTION('ref_axis',(1.06660909687735E-11,0.0961525953740849,-0.995366605026926));
#1353=DIRECTION('center_axis',(-0.0288337850140351,0.994952751484302,-0.0961126170467836));
#1354=DIRECTION('ref_axis',(-1.06660909687735E-11,0.0961525953740849,0.995366605026926));
#1355=DIRECTION('center_axis',(-0.331294577931857,0.331294577931857,-0.883452208818285));
#1356=DIRECTION('ref_axis',(-1.89496012188584E-10,0.936329177676349,0.351123441302247));
#1357=DIRECTION('center_axis',(0.331294577931857,0.331294577931857,-0.883452208818285));
#1358=DIRECTION('ref_axis',(1.89496012188584E-10,0.936329177676349,0.351123441302247));
#1359=DIRECTION('center_axis',(0.331294577931857,-0.331294577931857,-0.883452208818285));
#1360=DIRECTION('ref_axis',(-1.89496012188584E-10,0.936329177676349,-0.351123441302247));
#1361=DIRECTION('center_axis',(-0.331294577931857,-0.331294577931857,-0.883452208818285));
#1362=DIRECTION('ref_axis',(-0.936329177676349,-1.89496019583171E-10,0.351123441302247));
#1363=CARTESIAN_POINT('',(0.,0.,0.));
#1364=CARTESIAN_POINT('Origin',(-0.450000000058124,6.41975361759251E-11,
29.6));
#1365=CARTESIAN_POINT('',(-7.00271714258918,-7.74999999928514,29.5999999997284));
#1366=CARTESIAN_POINT('',(6.10271714294188,-7.74999999967694,29.5999999999223));
#1367=CARTESIAN_POINT('',(-7.00271714305812,-7.74999999993582,29.6));
#1368=CARTESIAN_POINT('',(-8.20000000007953,-6.5527171429358,29.6000000000064));
#1369=CARTESIAN_POINT('Origin',(-6.89496168605813,-6.4449616859358,29.6));
#1370=CARTESIAN_POINT('',(-8.19999999940744,6.55271714259523,29.5999999997284));
#1371=CARTESIAN_POINT('',(-8.20000000005812,6.55271714306419,29.6));
#1372=CARTESIAN_POINT('',(-7.00271714305812,7.74999999980526,29.5999999999223));
#1373=CARTESIAN_POINT('Origin',(-6.89496168605813,6.4449616860642,29.6));
#1374=CARTESIAN_POINT('',(6.10271714247293,7.74999999941354,29.5999999997284));
#1375=CARTESIAN_POINT('',(6.10271714294188,7.75000000006418,29.6));
#1376=CARTESIAN_POINT('',(7.29999999996329,6.55271714306419,29.6000000000064));
#1377=CARTESIAN_POINT('Origin',(5.99496168594188,6.4449616860642,29.6));
#1378=CARTESIAN_POINT('',(7.29999999929119,-6.55271714246684,29.5999999997284));
#1379=CARTESIAN_POINT('',(7.29999999994188,-6.5527171429358,29.6));
#1380=CARTESIAN_POINT('Origin',(5.99496168594188,-6.4449616859358,29.6));
#1381=CARTESIAN_POINT('',(6.78400023349788,-6.53175335093579,29.5999999998335));
#1382=CARTESIAN_POINT('',(6.78400023351604,6.53175335106418,29.5999999998403));
#1383=CARTESIAN_POINT('',(6.78400023394188,-6.53175335093579,29.6));
#1384=CARTESIAN_POINT('',(6.08175335095347,7.23400023415831,29.6));
#1385=CARTESIAN_POINT('Origin',(5.98299988294188,6.43299988306421,29.6));
#1386=CARTESIAN_POINT('',(-6.98175335084886,7.23400023393744,29.5999999998344));
#1387=CARTESIAN_POINT('',(6.08175335094188,7.2340002340642,29.6));
#1388=CARTESIAN_POINT('',(-7.68400023385153,6.53175335106418,29.5999999999225));
#1389=CARTESIAN_POINT('Origin',(-6.88299988305813,6.43299988306421,29.6));
#1390=CARTESIAN_POINT('',(-7.68400023397927,-6.53175335093579,29.5999999999704));
#1391=CARTESIAN_POINT('',(-7.68400023405813,6.53175335106418,29.6));
#1392=CARTESIAN_POINT('',(-6.98175335105812,-7.2340002339358,29.6));
#1393=CARTESIAN_POINT('Origin',(-6.88299988305813,-6.43299988293581,29.6));
#1394=CARTESIAN_POINT('',(6.08175335073261,-7.23400023380904,29.5999999998344));
#1395=CARTESIAN_POINT('',(-6.98175335105812,-7.2340002339358,29.6));
#1396=CARTESIAN_POINT('Origin',(5.98299988294188,-6.43299988293581,29.6));
#1397=CARTESIAN_POINT('Origin',(-0.450000000058124,7.0688073390642,31.870642202));
#1398=CARTESIAN_POINT('',(-5.75844778336833,6.50573064042902,33.7475645342082));
#1399=CARTESIAN_POINT('',(-7.00271714305812,7.75000000006418,29.6));
#1400=CARTESIAN_POINT('',(4.85844778294187,6.50573063972825,33.7475645338992));
#1401=CARTESIAN_POINT('Ctrl Pts',(-5.75844778305812,6.50573064006419,33.747564534));
#1402=CARTESIAN_POINT('Ctrl Pts',(-2.21948259405812,6.6082900440642,33.405699852));
#1403=CARTESIAN_POINT('Ctrl Pts',(1.31948259394188,6.60829004506418,33.405699852));
#1404=CARTESIAN_POINT('Ctrl Pts',(4.85844778294187,6.50573064006419,33.747564534));
#1405=CARTESIAN_POINT('',(4.85844778294187,6.50573064006419,33.747564534));
#1406=CARTESIAN_POINT('Origin',(-7.47752293605812,6.41975361759251E-11,
32.008256881));
#1407=CARTESIAN_POINT('',(-6.95573064042293,-5.30844778324603,33.7475645342082));
#1408=CARTESIAN_POINT('',(-8.20000000005812,-6.5527171429358,29.6));
#1409=CARTESIAN_POINT('',(-6.95573064005812,5.3084477830642,33.747564534));
#1410=CARTESIAN_POINT('Ctrl Pts',(-6.95573064005812,-5.30844778293581,33.747564534));
#1411=CARTESIAN_POINT('Ctrl Pts',(-7.05829004505813,-1.76948259393583,33.405699852));
#1412=CARTESIAN_POINT('Ctrl Pts',(-7.05829004505813,1.76948259406419,33.405699852));
#1413=CARTESIAN_POINT('Ctrl Pts',(-6.95573064005812,5.3084477830642,33.747564534));
#1414=CARTESIAN_POINT('',(-6.95573064005812,5.3084477830642,33.747564534));
#1415=CARTESIAN_POINT('Origin',(-0.450000000058124,-7.06880733893581,31.870642202));
#1416=CARTESIAN_POINT('',(4.85844778325208,-6.50573064030059,33.7475645342082));
#1417=CARTESIAN_POINT('',(6.10271714294188,-7.74999999993582,29.6));
#1418=CARTESIAN_POINT('',(-5.75844778305812,-6.50573063959985,33.7475645338992));
#1419=CARTESIAN_POINT('Ctrl Pts',(4.85844778294187,-6.5057306399358,33.747564534));
#1420=CARTESIAN_POINT('Ctrl Pts',(1.31948259394188,-6.60829004493579,33.405699852));
#1421=CARTESIAN_POINT('Ctrl Pts',(-2.21948259405812,-6.60829004493579,33.405699852));
#1422=CARTESIAN_POINT('Ctrl Pts',(-5.75844778305812,-6.5057306399358,33.747564534));
#1423=CARTESIAN_POINT('',(-5.75844778305812,-6.5057306399358,33.747564534));
#1424=CARTESIAN_POINT('Origin',(6.57752293594188,6.41975361759251E-11,32.008256881));
#1425=CARTESIAN_POINT('',(6.05573064030669,5.30844778337439,33.7475645342082));
#1426=CARTESIAN_POINT('',(7.29999999994188,6.55271714306419,29.6));
#1427=CARTESIAN_POINT('',(6.05573063994188,-5.30844778293581,33.747564534));
#1428=CARTESIAN_POINT('Ctrl Pts',(6.05573063994188,5.3084477830642,33.747564534));
#1429=CARTESIAN_POINT('Ctrl Pts',(6.15829004494188,1.76948259406419,33.405699852));
#1430=CARTESIAN_POINT('Ctrl Pts',(6.15829004394188,-1.76948259393583,33.405699852));
#1431=CARTESIAN_POINT('Ctrl Pts',(6.05573063994188,-5.30844778293581,33.747564534));
#1432=CARTESIAN_POINT('',(6.05573063994188,-5.30844778293581,33.747564534));
#1433=CARTESIAN_POINT('Origin',(-18.4500000000581,6.41975361759251E-11,
31.6));
#1434=CARTESIAN_POINT('',(-6.93400023437309,5.78175335129668,31.6000000001656));
#1435=CARTESIAN_POINT('',(-6.93400023407131,-5.78175335093579,31.6000000000049));
#1436=CARTESIAN_POINT('',(-6.93400023405812,5.78175335106419,31.6));
#1437=CARTESIAN_POINT('',(-6.23175335105813,6.48400023450819,31.6000000001665));
#1438=CARTESIAN_POINT('Origin',(-6.13299988305812,5.68299988306421,31.6));
#1439=CARTESIAN_POINT('',(5.33175335117434,6.48400023437915,31.6000000001656));
#1440=CARTESIAN_POINT('',(5.33175335094187,6.4840002340642,31.6));
#1441=CARTESIAN_POINT('',(6.03400023360807,5.78175335106419,31.5999999998748));
#1442=CARTESIAN_POINT('Origin',(5.23299988294188,5.68299988306421,31.6));
#1443=CARTESIAN_POINT('',(6.03400023425684,-5.78175335116825,31.6000000001656));
#1444=CARTESIAN_POINT('',(6.03400023394188,-5.78175335093579,31.6));
#1445=CARTESIAN_POINT('',(5.33175335095347,-6.48400023402989,31.6));
#1446=CARTESIAN_POINT('Origin',(5.23299988294188,-5.68299988293582,31.6));
#1447=CARTESIAN_POINT('',(-6.23175335105813,-6.48400023450751,31.6000000002144));
#1448=CARTESIAN_POINT('',(-6.23175335105813,-6.48400023393581,31.6));
#1449=CARTESIAN_POINT('Origin',(-6.13299988305812,-5.68299988293582,31.6));
#1450=CARTESIAN_POINT('',(-3.85000000005812,1.15000000006418,31.6));
#1451=CARTESIAN_POINT('',(-3.85000000005812,-1.14999999993582,31.6));
#1452=CARTESIAN_POINT('',(-3.85000000005812,1.15000000006418,31.6));
#1453=CARTESIAN_POINT('',(-3.55000000005812,-1.4499999999358,31.6));
#1454=CARTESIAN_POINT('Origin',(-3.55000000005812,-1.14999999993582,31.6));
#1455=CARTESIAN_POINT('',(-3.05000000005812,-1.4499999999358,31.6));
#1456=CARTESIAN_POINT('',(-3.05000000005812,-1.4499999999358,31.6));
#1457=CARTESIAN_POINT('',(-2.75000000005812,-1.14999999993582,31.6));
#1458=CARTESIAN_POINT('Origin',(-3.05000000005812,-1.14999999993582,31.6));
#1459=CARTESIAN_POINT('',(-2.75000000005812,1.15000000006418,31.6));
#1460=CARTESIAN_POINT('',(-2.75000000005812,-1.14999999993582,31.6));
#1461=CARTESIAN_POINT('',(-3.05000000005812,1.45000000006419,31.6));
#1462=CARTESIAN_POINT('Origin',(-3.05000000005812,1.15000000006418,31.6));
#1463=CARTESIAN_POINT('',(-3.55000000005812,1.45000000006419,31.6));
#1464=CARTESIAN_POINT('',(-3.55000000005812,1.45000000006419,31.6));
#1465=CARTESIAN_POINT('Origin',(-3.55000000005812,1.15000000006418,31.6));
#1466=CARTESIAN_POINT('',(2.94999999994188,-1.14999999993582,31.6));
#1467=CARTESIAN_POINT('',(2.94999999994188,1.15000000006418,31.6));
#1468=CARTESIAN_POINT('',(2.94999999994188,-1.14999999993582,31.6));
#1469=CARTESIAN_POINT('',(2.64999999994188,1.45000000006419,31.6));
#1470=CARTESIAN_POINT('Origin',(2.64999999994188,1.15000000006418,31.6));
#1471=CARTESIAN_POINT('',(2.14999999994188,1.45000000006419,31.6));
#1472=CARTESIAN_POINT('',(2.64999999994188,1.45000000006419,31.6));
#1473=CARTESIAN_POINT('',(1.84999999994188,1.15000000006418,31.6));
#1474=CARTESIAN_POINT('Origin',(2.14999999994188,1.15000000006418,31.6));
#1475=CARTESIAN_POINT('',(1.84999999994188,-1.14999999993582,31.6));
#1476=CARTESIAN_POINT('',(1.84999999994188,1.15000000006418,31.6));
#1477=CARTESIAN_POINT('',(2.14999999994188,-1.4499999999358,31.6));
#1478=CARTESIAN_POINT('Origin',(2.14999999994188,-1.14999999993582,31.6));
#1479=CARTESIAN_POINT('',(2.64999999994188,-1.4499999999358,31.6));
#1480=CARTESIAN_POINT('',(2.14999999994188,-1.4499999999358,31.6));
#1481=CARTESIAN_POINT('Origin',(2.64999999994188,-1.14999999993582,31.6));
#1482=CARTESIAN_POINT('Origin',(-8.88802760205813,6.41975361759251E-11,
26.389260351));
#1483=CARTESIAN_POINT('',(-7.68400023405813,6.53175335106418,29.6));
#1484=CARTESIAN_POINT('',(-6.93400023405812,-5.78175335093579,31.6));
#1485=CARTESIAN_POINT('Origin',(-18.4500000000581,-6.2804933559358,32.142685008));
#1486=CARTESIAN_POINT('',(5.33175335094187,-6.48400023393581,31.6));
#1487=CARTESIAN_POINT('',(-6.98175335105812,-7.2340002339358,29.6));
#1488=CARTESIAN_POINT('Origin',(3.54967143794187,6.41975361759251E-11,38.224876789));
#1489=CARTESIAN_POINT('',(6.03400023394188,5.78175335106419,31.6));
#1490=CARTESIAN_POINT('',(6.78400023394188,-6.53175335093579,29.6));
#1491=CARTESIAN_POINT('Origin',(-18.4500000000581,6.2804933560642,32.142685008));
#1492=CARTESIAN_POINT('',(-6.23175335105813,6.4840002340642,31.6));
#1493=CARTESIAN_POINT('',(6.08175335094188,7.2340002340642,29.6));
#1494=CARTESIAN_POINT('Origin',(1.84999999994188,6.41975361759251E-11,28.6));
#1495=CARTESIAN_POINT('',(1.84999999994188,1.15000000006418,28.4));
#1496=CARTESIAN_POINT('',(1.84999999994188,1.15000000006418,31.6));
#1497=CARTESIAN_POINT('',(1.84999999994188,-1.14999999993582,28.4));
#1498=CARTESIAN_POINT('',(1.84999999994188,1.15000000006418,28.4));
#1499=CARTESIAN_POINT('',(1.84999999994188,-1.14999999993582,28.4));
#1500=CARTESIAN_POINT('Origin',(2.39999999994188,1.45000000006419,28.6));
#1501=CARTESIAN_POINT('',(2.64999999994188,1.45000000006419,28.4));
#1502=CARTESIAN_POINT('',(2.64999999994188,1.45000000006419,31.6));
#1503=CARTESIAN_POINT('',(2.14999999994188,1.45000000006419,28.4));
#1504=CARTESIAN_POINT('',(2.64999999994188,1.45000000006419,28.4));
#1505=CARTESIAN_POINT('',(2.14999999994188,1.45000000006419,28.4));
#1506=CARTESIAN_POINT('Origin',(2.94999999994188,6.41975361759251E-11,28.6));
#1507=CARTESIAN_POINT('',(2.94999999994188,-1.14999999993582,28.4));
#1508=CARTESIAN_POINT('',(2.94999999994188,-1.14999999993582,31.6));
#1509=CARTESIAN_POINT('',(2.94999999994188,1.15000000006418,28.4));
#1510=CARTESIAN_POINT('',(2.94999999994188,-1.14999999993582,28.4));
#1511=CARTESIAN_POINT('',(2.94999999994188,1.15000000006418,28.4));
#1512=CARTESIAN_POINT('Origin',(2.39999999994188,-1.4499999999358,28.6));
#1513=CARTESIAN_POINT('',(2.14999999994188,-1.4499999999358,28.4));
#1514=CARTESIAN_POINT('',(2.14999999994188,-1.4499999999358,31.6));
#1515=CARTESIAN_POINT('',(2.64999999994188,-1.4499999999358,28.4));
#1516=CARTESIAN_POINT('',(2.14999999994188,-1.4499999999358,28.4));
#1517=CARTESIAN_POINT('',(2.64999999994188,-1.4499999999358,28.4));
#1518=CARTESIAN_POINT('Origin',(-0.450000000058124,6.41975361759251E-11,
28.1));
#1519=CARTESIAN_POINT('',(2.64999999994188,1.15000000006418,28.1));
#1520=CARTESIAN_POINT('',(2.64999999994188,-1.14999999993582,28.1));
#1521=CARTESIAN_POINT('',(2.64999999994188,1.15000000006418,28.1));
#1522=CARTESIAN_POINT('',(2.14999999994188,-1.14999999993582,28.1));
#1523=CARTESIAN_POINT('',(2.64999999994188,-1.14999999993582,28.1));
#1524=CARTESIAN_POINT('',(2.14999999994188,1.15000000006418,28.1));
#1525=CARTESIAN_POINT('',(2.14999999994188,-1.14999999993582,28.1));
#1526=CARTESIAN_POINT('',(2.14999999994188,1.15000000006418,28.1));
#1527=CARTESIAN_POINT('Origin',(-2.75000000005812,6.41975361759251E-11,
28.6));
#1528=CARTESIAN_POINT('',(-2.75000000005812,1.15000000006418,28.4));
#1529=CARTESIAN_POINT('',(-2.75000000005812,1.15000000006418,28.4));
#1530=CARTESIAN_POINT('',(-2.75000000005812,-1.14999999993582,28.4));
#1531=CARTESIAN_POINT('',(-2.75000000005812,-1.14999999993582,31.6));
#1532=CARTESIAN_POINT('',(-2.75000000005812,-1.14999999993582,28.4));
#1533=CARTESIAN_POINT('Origin',(-3.30000000005812,-1.4499999999358,28.6));
#1534=CARTESIAN_POINT('',(-3.05000000005812,-1.4499999999358,28.4));
#1535=CARTESIAN_POINT('',(-3.05000000005812,-1.4499999999358,28.4));
#1536=CARTESIAN_POINT('',(-3.55000000005812,-1.4499999999358,28.4));
#1537=CARTESIAN_POINT('',(-3.55000000005812,-1.4499999999358,31.6));
#1538=CARTESIAN_POINT('',(-3.55000000005812,-1.4499999999358,28.4));
#1539=CARTESIAN_POINT('Origin',(-3.85000000005812,6.41975361759251E-11,
28.6));
#1540=CARTESIAN_POINT('',(-3.85000000005812,-1.14999999993582,28.4));
#1541=CARTESIAN_POINT('',(-3.85000000005812,-1.14999999993582,28.4));
#1542=CARTESIAN_POINT('',(-3.85000000005812,1.15000000006418,28.4));
#1543=CARTESIAN_POINT('',(-3.85000000005812,1.15000000006418,31.6));
#1544=CARTESIAN_POINT('',(-3.85000000005812,1.15000000006418,28.4));
#1545=CARTESIAN_POINT('Origin',(-3.30000000005812,1.45000000006419,28.6));
#1546=CARTESIAN_POINT('',(-3.05000000005812,1.45000000006419,28.4));
#1547=CARTESIAN_POINT('',(-3.05000000005812,1.45000000006419,31.6));
#1548=CARTESIAN_POINT('',(-3.55000000005812,1.45000000006419,28.4));
#1549=CARTESIAN_POINT('',(-3.05000000005812,1.45000000006419,28.4));
#1550=CARTESIAN_POINT('',(-3.55000000005812,1.45000000006419,28.4));
#1551=CARTESIAN_POINT('Origin',(-0.450000000058124,6.41975361759251E-11,
28.1));
#1552=CARTESIAN_POINT('',(-3.55000000005812,-1.14999999993582,28.1));
#1553=CARTESIAN_POINT('',(-3.55000000005812,1.15000000006418,28.1));
#1554=CARTESIAN_POINT('',(-3.55000000005812,-1.14999999993582,28.1));
#1555=CARTESIAN_POINT('',(-3.05000000005812,1.15000000006418,28.1));
#1556=CARTESIAN_POINT('',(-3.55000000005812,1.15000000006418,28.1));
#1557=CARTESIAN_POINT('',(-3.05000000005812,-1.14999999993582,28.1));
#1558=CARTESIAN_POINT('',(-3.05000000005812,1.15000000006418,28.1));
#1559=CARTESIAN_POINT('',(-3.05000000005812,-1.14999999993582,28.1));
#1560=CARTESIAN_POINT('Origin',(-3.05000000005812,-1.14999999993582,28.6));
#1561=CARTESIAN_POINT('Origin',(-3.05000000005812,-1.14999999993582,28.4));
#1562=CARTESIAN_POINT('Origin',(-3.55000000005812,-1.14999999993582,28.6));
#1563=CARTESIAN_POINT('Origin',(-3.55000000005812,-1.14999999993582,28.4));
#1564=CARTESIAN_POINT('Origin',(-3.55000000005812,1.15000000006418,28.6));
#1565=CARTESIAN_POINT('Origin',(-3.55000000005812,1.15000000006418,28.4));
#1566=CARTESIAN_POINT('Origin',(-3.05000000005812,1.15000000006418,28.6));
#1567=CARTESIAN_POINT('Origin',(-3.05000000005812,1.15000000006418,28.4));
#1568=CARTESIAN_POINT('Origin',(2.14999999994188,1.15000000006418,28.6));
#1569=CARTESIAN_POINT('Origin',(2.14999999994188,1.15000000006418,28.4));
#1570=CARTESIAN_POINT('Origin',(2.64999999994188,1.15000000006418,28.6));
#1571=CARTESIAN_POINT('Origin',(2.64999999994188,1.15000000006418,28.4));
#1572=CARTESIAN_POINT('Origin',(2.64999999994188,-1.14999999993582,28.6));
#1573=CARTESIAN_POINT('Origin',(2.64999999994188,-1.14999999993582,28.4));
#1574=CARTESIAN_POINT('Origin',(2.14999999994188,-1.14999999993582,28.6));
#1575=CARTESIAN_POINT('Origin',(2.14999999994188,-1.14999999993582,28.4));
#1576=CARTESIAN_POINT('Origin',(2.64999999994188,-1.14999999993582,28.4));
#1577=CARTESIAN_POINT('Origin',(2.64999999994188,-1.14999999993582,28.4));
#1578=CARTESIAN_POINT('Origin',(2.64999999994188,-1.14999999993582,28.4));
#1579=CARTESIAN_POINT('Origin',(2.39999999994188,-1.14999999993582,28.4));
#1580=CARTESIAN_POINT('Origin',(2.14999999994188,-1.14999999993582,28.4));
#1581=CARTESIAN_POINT('Origin',(2.64999999994188,6.41975361759251E-11,28.4));
#1582=CARTESIAN_POINT('Origin',(2.64999999994188,1.15000000006418,28.4));
#1583=CARTESIAN_POINT('Origin',(2.14999999994188,-1.14999999993582,28.4));
#1584=CARTESIAN_POINT('Origin',(2.14999999994188,-1.14999999993582,28.4));
#1585=CARTESIAN_POINT('Origin',(2.64999999994188,1.15000000006418,28.4));
#1586=CARTESIAN_POINT('Origin',(2.64999999994188,1.15000000006418,28.4));
#1587=CARTESIAN_POINT('Origin',(2.14999999994188,6.41975361759251E-11,28.4));
#1588=CARTESIAN_POINT('Origin',(2.14999999994188,1.15000000006418,28.4));
#1589=CARTESIAN_POINT('Origin',(2.39999999994188,1.15000000006418,28.4));
#1590=CARTESIAN_POINT('Origin',(2.14999999994188,1.15000000006418,28.4));
#1591=CARTESIAN_POINT('Origin',(2.14999999994188,1.15000000006418,28.4));
#1592=CARTESIAN_POINT('Origin',(-3.55000000005812,1.15000000006418,28.4));
#1593=CARTESIAN_POINT('Origin',(-3.55000000005812,1.15000000006418,28.4));
#1594=CARTESIAN_POINT('Origin',(-3.55000000005812,1.15000000006418,28.4));
#1595=CARTESIAN_POINT('Origin',(-3.30000000005812,1.15000000006418,28.4));
#1596=CARTESIAN_POINT('Origin',(-3.05000000005812,1.15000000006418,28.4));
#1597=CARTESIAN_POINT('Origin',(-3.55000000005812,6.41975361759251E-11,
28.4));
#1598=CARTESIAN_POINT('Origin',(-3.55000000005812,-1.14999999993582,28.4));
#1599=CARTESIAN_POINT('Origin',(-3.05000000005812,1.15000000006418,28.4));
#1600=CARTESIAN_POINT('Origin',(-3.05000000005812,1.15000000006418,28.4));
#1601=CARTESIAN_POINT('Origin',(-3.55000000005812,-1.14999999993582,28.4));
#1602=CARTESIAN_POINT('Origin',(-3.55000000005812,-1.14999999993582,28.4));
#1603=CARTESIAN_POINT('Origin',(-3.05000000005812,6.41975361759251E-11,
28.4));
#1604=CARTESIAN_POINT('Origin',(-3.05000000005812,-1.14999999993582,28.4));
#1605=CARTESIAN_POINT('Origin',(-3.30000000005812,-1.14999999993582,28.4));
#1606=CARTESIAN_POINT('Origin',(-3.05000000005812,-1.14999999993582,28.4));
#1607=CARTESIAN_POINT('Origin',(-3.05000000005812,-1.14999999993582,28.4));
#1608=CARTESIAN_POINT('Ctrl Pts',(-0.450000000058119,6.41975361759251E-11,
33.6));
#1609=CARTESIAN_POINT('Ctrl Pts',(-0.450000000058119,6.41975361759251E-11,
33.6));
#1610=CARTESIAN_POINT('Ctrl Pts',(-0.450000000058119,6.41975361759251E-11,
33.6));
#1611=CARTESIAN_POINT('Ctrl Pts',(-0.450000000058119,6.41975361759251E-11,
33.6));
#1612=CARTESIAN_POINT('Ctrl Pts',(-0.450000000058119,6.41975361759251E-11,
33.6));
#1613=CARTESIAN_POINT('Ctrl Pts',(-0.450000000058119,6.41975361759251E-11,
33.6));
#1614=CARTESIAN_POINT('Ctrl Pts',(-0.450000000058119,6.41975361759251E-11,
33.6));
#1615=CARTESIAN_POINT('Ctrl Pts',(2.38047601094188,-2.83047601093582,33.6));
#1616=CARTESIAN_POINT('Ctrl Pts',(8.04142803294188,2.83047601106418,33.6));
#1617=CARTESIAN_POINT('Ctrl Pts',(2.38047601094188,8.49142803306421,33.6));
#1618=CARTESIAN_POINT('Ctrl Pts',(-3.28047601105812,2.83047601106418,33.6));
#1619=CARTESIAN_POINT('Ctrl Pts',(-8.94142803305813,-2.83047601093582,33.6));
#1620=CARTESIAN_POINT('Ctrl Pts',(-3.28047601105812,-8.49142803293581,33.6));
#1621=CARTESIAN_POINT('Ctrl Pts',(2.38047601094188,-2.83047601093582,33.6));
#1622=CARTESIAN_POINT('Ctrl Pts',(5.21095202194187,-5.6609520219358,34.209681385));
#1623=CARTESIAN_POINT('Ctrl Pts',(16.5328560659419,5.66095202206419,34.209681385));
#1624=CARTESIAN_POINT('Ctrl Pts',(5.21095202194187,16.9828560660642,34.209681385));
#1625=CARTESIAN_POINT('Ctrl Pts',(-6.11095202205812,5.66095202206419,34.209681385));
#1626=CARTESIAN_POINT('Ctrl Pts',(-17.4328560660581,-5.6609520219358,34.209681385));
#1627=CARTESIAN_POINT('Ctrl Pts',(-6.11095202205812,-16.9828560659358,34.209681385));
#1628=CARTESIAN_POINT('Ctrl Pts',(5.21095202194187,-5.6609520219358,34.209681385));
#1629=CARTESIAN_POINT('',(5.21094693556184,-5.66094693555577,34.2096802891299));
#1630=CARTESIAN_POINT('',(-0.450000000058124,6.41975361759251E-11,33.6));
#1631=CARTESIAN_POINT('Ctrl Pts',(5.21094693491385,-5.66094693490779,34.2096802892603));
#1632=CARTESIAN_POINT('Ctrl Pts',(3.32396462325655,-3.77396462325045,33.8032267630868));
#1633=CARTESIAN_POINT('Ctrl Pts',(1.43698231159922,-1.88698231159311,33.6));
#1634=CARTESIAN_POINT('Ctrl Pts',(-0.450000000058119,6.41975361759251E-11,
33.6));
#1635=CARTESIAN_POINT('',(5.38842817801001,-5.2467450435088,34.1861172615688));
#1636=CARTESIAN_POINT('Ctrl Pts',(5.21094693588583,-5.66094693587978,34.2096802890646));
#1637=CARTESIAN_POINT('Ctrl Pts',(5.21100450362253,-5.66088936765122,34.2096802890142));
#1638=CARTESIAN_POINT('Ctrl Pts',(5.21106206080792,-5.66083178683647,34.2096802866593));
#1639=CARTESIAN_POINT('Ctrl Pts',(5.21111960744206,-5.66077419343561,34.209680282));
#1640=CARTESIAN_POINT('Ctrl Pts',(5.23830390981812,-5.63356779905558,34.2096780809996));
#1641=CARTESIAN_POINT('Ctrl Pts',(5.26319405874232,-5.60332368661122,34.2091448406507));
#1642=CARTESIAN_POINT('Ctrl Pts',(5.28462764964716,-5.57151588557296,34.2081117105369));
#1643=CARTESIAN_POINT('Ctrl Pts',(5.30606123291315,-5.53970809587081,34.2070785807914));
#1644=CARTESIAN_POINT('Ctrl Pts',(5.32435851146115,-5.5060738526868,34.2055512726213));
#1645=CARTESIAN_POINT('Ctrl Pts',(5.33949186763546,-5.4705933286035,34.2035253977512));
#1646=CARTESIAN_POINT('Ctrl Pts',(5.35462529429126,-5.4351126392746,34.2014995134459));
#1647=CARTESIAN_POINT('Ctrl Pts',(5.36638350117,-5.39808116777476,34.1989834610977));
#1648=CARTESIAN_POINT('Ctrl Pts',(5.37451711297744,-5.36073975294322,34.1960763880047));
#1649=CARTESIAN_POINT('Ctrl Pts',(5.38265072185545,-5.32339835156069,34.1931693159588));
#1650=CARTESIAN_POINT('Ctrl Pts',(5.38731255514237,-5.28540797498767,34.1898526443287));
#1651=CARTESIAN_POINT('Ctrl Pts',(5.38842816794188,-5.24674504793581,34.186117261));
#1652=CARTESIAN_POINT('',(5.38842816794188,5.2467450480642,34.186117261));
#1653=CARTESIAN_POINT('Ctrl Pts',(5.38842818894187,-5.24674503493582,34.186117262));
#1654=CARTESIAN_POINT('Ctrl Pts',(5.48936865394188,-1.74853142093582,33.848140545));
#1655=CARTESIAN_POINT('Ctrl Pts',(5.48936863394188,1.7485314340642,33.848140542));
#1656=CARTESIAN_POINT('Ctrl Pts',(5.38842816794188,5.2467450480642,34.186117261));
#1657=CARTESIAN_POINT('',(4.79674504794188,5.8384281680642,34.186117261));
#1658=CARTESIAN_POINT('Ctrl Pts',(5.38842816794188,5.2467450480642,34.186117261));
#1659=CARTESIAN_POINT('Ctrl Pts',(5.38731255494199,5.28540798206024,34.1898526449996));
#1660=CARTESIAN_POINT('Ctrl Pts',(5.38264982797966,5.32339967405878,34.1931693470036));
#1661=CARTESIAN_POINT('Ctrl Pts',(5.37451622250249,5.36074106207678,34.196076423008));
#1662=CARTESIAN_POINT('Ctrl Pts',(5.36638261701762,5.39808245013013,34.1989834990151));
#1663=CARTESIAN_POINT('Ctrl Pts',(5.35462521801001,5.43511270420289,34.2014995110218));
#1664=CARTESIAN_POINT('Ctrl Pts',(5.33949183592922,5.47059331627096,34.2035253930201));
#1665=CARTESIAN_POINT('Ctrl Pts',(5.32435845387595,5.50607392827516,34.2055512750148));
#1666=CARTESIAN_POINT('Ctrl Pts',(5.30606081204306,5.53970869024845,34.2070785950306));
#1667=CARTESIAN_POINT('Ctrl Pts',(5.28462721369491,5.57151650323327,34.2081117280455));
#1668=CARTESIAN_POINT('Ctrl Pts',(5.26319361529112,5.60332431630059,34.2091448610632));
#1669=CARTESIAN_POINT('Ctrl Pts',(5.23830401235116,5.63356771936895,34.2096780840769));
#1670=CARTESIAN_POINT('Ctrl Pts',(5.21111971468001,5.66077410880215,34.2096802845513));
#1671=CARTESIAN_POINT('Ctrl Pts',(5.18393540575381,5.68798050949951,34.2096824850265));
#1672=CARTESIAN_POINT('Ctrl Pts',(5.15439665423714,5.71237826167067,34.2091704538916));
#1673=CARTESIAN_POINT('Ctrl Pts',(5.12249954844516,5.73396314531426,34.2081434921352));
#1674=CARTESIAN_POINT('Ctrl Pts',(5.09060246914853,5.7555480110284,34.2071165312318));
#1675=CARTESIAN_POINT('Ctrl Pts',(5.05629252048384,5.77423011468415,34.2055602675408));
#1676=CARTESIAN_POINT('Ctrl Pts',(5.02106770359422,5.78928979980802,34.2035525156115));
#1677=CARTESIAN_POINT('Ctrl Pts',(4.95061773884306,5.81940931149919,34.1995369928823));
#1678=CARTESIAN_POINT('Ctrl Pts',(4.87408113694188,5.8361966460642,34.193589017));
#1679=CARTESIAN_POINT('Ctrl Pts',(4.79674504794188,5.8384281680642,34.186117261));
#1680=CARTESIAN_POINT('',(-5.69674504363111,5.83842817813235,34.1861172615688));
#1681=CARTESIAN_POINT('Ctrl Pts',(4.79674504794188,5.8384281680642,34.186117261));
#1682=CARTESIAN_POINT('Ctrl Pts',(1.29853143394188,5.93936863406419,33.848140542));
#1683=CARTESIAN_POINT('Ctrl Pts',(-2.19853142105813,5.9393686540642,33.848140544));
#1684=CARTESIAN_POINT('Ctrl Pts',(-5.69674503505813,5.83842818906422,34.186117262));
#1685=CARTESIAN_POINT('',(-6.28842816805812,5.2467450480642,34.186117261));
#1686=CARTESIAN_POINT('Ctrl Pts',(-5.69674504805812,5.8384281680642,34.186117261));
#1687=CARTESIAN_POINT('Ctrl Pts',(-5.73540798204234,5.83731255506468,34.1898526449985));
#1688=CARTESIAN_POINT('Ctrl Pts',(-5.77339836506579,5.8326507180627,34.1931693130006));
#1689=CARTESIAN_POINT('Ctrl Pts',(-5.81073975306275,5.8245171130865,34.1960763880029));
#1690=CARTESIAN_POINT('Ctrl Pts',(-5.8480811411179,5.81638350809765,34.1989834630098));
#1691=CARTESIAN_POINT('Ctrl Pts',(-5.88511256414338,5.80462531512417,34.2014995080155));
#1692=CARTESIAN_POINT('Ctrl Pts',(-5.92059317610303,5.78949193273957,34.203525389524));
#1693=CARTESIAN_POINT('Ctrl Pts',(-5.95607378810169,5.77435855033823,34.2055512710347));
#1694=CARTESIAN_POINT('Ctrl Pts',(-5.98970807311378,5.7560612483622,34.2070785780384));
#1695=CARTESIAN_POINT('Ctrl Pts',(-6.02151588621008,5.73462764979165,34.2081117105409));
#1696=CARTESIAN_POINT('Ctrl Pts',(-6.05332369918709,5.71319405130144,34.2091448430396));
#1697=CARTESIAN_POINT('Ctrl Pts',(-6.08356780426925,5.68830390523658,34.209678082041));
#1698=CARTESIAN_POINT('Ctrl Pts',(-6.11077419349983,5.6611196075059,34.2096802825413));
#1699=CARTESIAN_POINT('Ctrl Pts',(-6.13798059403445,5.63393529848138,34.2096824830426));
#1700=CARTESIAN_POINT('Ctrl Pts',(-6.16237840498313,5.6043964801426,34.2091704509033));
#1701=CARTESIAN_POINT('Ctrl Pts',(-6.18396328840125,5.57249937412994,34.208143489152));
#1702=CARTESIAN_POINT('Ctrl Pts',(-6.20554815396586,5.5406022945003,34.20711652825));
#1703=CARTESIAN_POINT('Ctrl Pts',(-6.22423069645867,5.50629165607891,34.2055602415661));
#1704=CARTESIAN_POINT('Ctrl Pts',(-6.23929038135436,5.47106683900509,34.2035524899623));
#1705=CARTESIAN_POINT('Ctrl Pts',(-6.26940989253249,5.40061687401707,34.1995369678916));
#1706=CARTESIAN_POINT('Ctrl Pts',(-6.28619664605812,5.3240811370642,34.193589017));
#1707=CARTESIAN_POINT('Ctrl Pts',(-6.28842816805812,5.2467450480642,34.186117261));
#1708=CARTESIAN_POINT('',(-6.28842816805812,-5.2467450479358,34.186117261));
#1709=CARTESIAN_POINT('Ctrl Pts',(-6.28842816805812,5.2467450480642,34.186117261));
#1710=CARTESIAN_POINT('Ctrl Pts',(-6.38936863405812,1.7485314340642,33.848140542));
#1711=CARTESIAN_POINT('Ctrl Pts',(-6.38936863405812,-1.7485314339358,33.848140542));
#1712=CARTESIAN_POINT('Ctrl Pts',(-6.28842816805812,-5.2467450479358,34.186117261));
#1713=CARTESIAN_POINT('',(-5.69674504805812,-5.83842816793581,34.186117261));
#1714=CARTESIAN_POINT('Ctrl Pts',(-6.28842816805812,-5.2467450479358,34.186117261));
#1715=CARTESIAN_POINT('Ctrl Pts',(-6.28731255505824,-5.28540798193184,34.1898526449996));
#1716=CARTESIAN_POINT('Ctrl Pts',(-6.2826498280959,-5.32339967393042,34.1931693470036));
#1717=CARTESIAN_POINT('Ctrl Pts',(-6.27451622261874,-5.36074106194839,34.196076423008));
#1718=CARTESIAN_POINT('Ctrl Pts',(-6.26638261713387,-5.39808245000174,34.1989834990151));
#1719=CARTESIAN_POINT('Ctrl Pts',(-6.25462521812626,-5.4351127040745,34.2014995110218));
#1720=CARTESIAN_POINT('Ctrl Pts',(-6.23949183604547,-5.47059331614257,34.2035253930201));
#1721=CARTESIAN_POINT('Ctrl Pts',(-6.2243584539922,-5.5060739281468,34.2055512750148));
#1722=CARTESIAN_POINT('Ctrl Pts',(-6.2060608121593,-5.53970869012005,34.2070785950306));
#1723=CARTESIAN_POINT('Ctrl Pts',(-6.18462721381115,-5.5715165031048,34.2081117280455));
#1724=CARTESIAN_POINT('Ctrl Pts',(-6.16319361540736,-5.60332431617219,34.2091448610632));
#1725=CARTESIAN_POINT('Ctrl Pts',(-6.1383040124674,-5.63356771924056,34.2096780840769));
#1726=CARTESIAN_POINT('Ctrl Pts',(-6.11111971479625,-5.66077410867376,34.2096802845513));
#1727=CARTESIAN_POINT('Ctrl Pts',(-6.08393540587005,-5.68798050937112,34.2096824850265));
#1728=CARTESIAN_POINT('Ctrl Pts',(-6.05439665435339,-5.71237826154228,34.2091704538916));
#1729=CARTESIAN_POINT('Ctrl Pts',(-6.02249954856141,-5.73396314518586,34.2081434921352));
#1730=CARTESIAN_POINT('Ctrl Pts',(-5.99060246926479,-5.75554801089996,34.2071165312318));
#1731=CARTESIAN_POINT('Ctrl Pts',(-5.9562925206001,-5.77423011455579,34.2055602675408));
#1732=CARTESIAN_POINT('Ctrl Pts',(-5.92106770371048,-5.78928979967966,34.2035525156115));
#1733=CARTESIAN_POINT('Ctrl Pts',(-5.85061773895931,-5.8194093113708,34.1995369928823));
#1734=CARTESIAN_POINT('Ctrl Pts',(-5.77408113705812,-5.83619664593581,34.193589017));
#1735=CARTESIAN_POINT('Ctrl Pts',(-5.69674504805812,-5.83842816793581,34.186117261));
#1736=CARTESIAN_POINT('',(4.79674504794188,-5.83842816793581,34.186117261));
#1737=CARTESIAN_POINT('Ctrl Pts',(-5.69674504805812,-5.83842816793581,34.186117261));
#1738=CARTESIAN_POINT('Ctrl Pts',(-2.19853143405813,-5.9393686339358,33.848140542));
#1739=CARTESIAN_POINT('Ctrl Pts',(1.29853143394188,-5.9393686339358,33.848140542));
#1740=CARTESIAN_POINT('Ctrl Pts',(4.79674504794188,-5.83842816793581,34.186117261));
#1741=CARTESIAN_POINT('Ctrl Pts',(4.79674504794188,-5.83842816793581,34.186117261));
#1742=CARTESIAN_POINT('Ctrl Pts',(4.87408113694188,-5.83619664593581,34.193589017));
#1743=CARTESIAN_POINT('Ctrl Pts',(4.95061686515435,-5.81940987524835,34.1995369701148));
#1744=CARTESIAN_POINT('Ctrl Pts',(5.02106668704245,-5.78929044614696,34.2035524809741));
#1745=CARTESIAN_POINT('Ctrl Pts',(5.05629158971579,-5.77423073513224,34.2055602359324));
#1746=CARTESIAN_POINT('Ctrl Pts',(5.09060227121645,-5.7555481694202,34.2071165274937));
#1747=CARTESIAN_POINT('Ctrl Pts',(5.12249937392211,-5.73396328815154,34.208143488629));
#1748=CARTESIAN_POINT('Ctrl Pts',(5.15432896838545,-5.71242408994725,34.2091682762646));
#1749=CARTESIAN_POINT('Ctrl Pts',(5.18381023114346,-5.68808387251219,34.2096803128419));
#1750=CARTESIAN_POINT('Ctrl Pts',(5.21094693588583,-5.66094693587978,34.2096802890646));
#1751=CARTESIAN_POINT('Origin',(-5.75928956505812,-5.30928956493582,33.385573739));
#1752=CARTESIAN_POINT('Ctrl Pts',(-5.75844778305812,-6.5057306399358,33.747564534));
#1753=CARTESIAN_POINT('Ctrl Pts',(-5.91104893105812,-6.49732316793582,33.775589439));
#1754=CARTESIAN_POINT('Ctrl Pts',(-6.06283143685022,-6.46025571086739,33.7978885191544));
#1755=CARTESIAN_POINT('Ctrl Pts',(-6.20329912017569,-6.39721968824016,33.8129412877338));
#1756=CARTESIAN_POINT('Ctrl Pts',(-6.27353296183843,-6.36570167692657,33.8204676720236));
#1757=CARTESIAN_POINT('Ctrl Pts',(-6.34214694604528,-6.32709117194469,33.8263009589992));
#1758=CARTESIAN_POINT('Ctrl Pts',(-6.40615710355764,-6.2828798639352,33.8301501020019));
#1759=CARTESIAN_POINT('Ctrl Pts',(-6.47016726107001,-6.23866855592567,33.8339992450045));
#1760=CARTESIAN_POINT('Ctrl Pts',(-6.52967317905813,-6.18903297393583,33.835918112));
#1761=CARTESIAN_POINT('Ctrl Pts',(-6.58468202405813,-6.13398171493582,33.835909866));
#1762=CARTESIAN_POINT('Ctrl Pts',(-6.63969086905813,-6.07893045593581,33.83590162));
#1763=CARTESIAN_POINT('Ctrl Pts',(-6.69033017005955,-6.01801246092965,33.8339030800053));
#1764=CARTESIAN_POINT('Ctrl Pts',(-6.73423855755722,-5.95418620643514,33.8300308005028));
#1765=CARTESIAN_POINT('Ctrl Pts',(-6.77814700797674,-5.89035986047591,33.8261585154512));
#1766=CARTESIAN_POINT('Ctrl Pts',(-6.8159683648396,-5.82309205119333,33.8204342222393));
#1767=CARTESIAN_POINT('Ctrl Pts',(-6.84764479305741,-5.75235042643538,33.8128399230021));
#1768=CARTESIAN_POINT('Ctrl Pts',(-6.87932135745448,-5.68160849755408,33.8052455911164));
#1769=CARTESIAN_POINT('Ctrl Pts',(-6.90441869630363,-5.60799165505156,33.7958131636207));
#1770=CARTESIAN_POINT('Ctrl Pts',(-6.92239038405789,-5.53394324693571,33.7849128855007));
#1771=CARTESIAN_POINT('Ctrl Pts',(-6.9403619945509,-5.45989515715792,33.7740126542416));
#1772=CARTESIAN_POINT('Ctrl Pts',(-6.95152745403486,-5.38473838126205,33.7615751550776));
#1773=CARTESIAN_POINT('Ctrl Pts',(-6.95573064005812,-5.30844778293581,33.747564534));
#1774=CARTESIAN_POINT('Origin',(4.89742515794187,-5.34742515793582,33.258455095));
#1775=CARTESIAN_POINT('Ctrl Pts',(6.05573063994188,-5.30844778293581,33.747564534));
#1776=CARTESIAN_POINT('Ctrl Pts',(6.05152745994188,-5.38473827193581,33.761575135));
#1777=CARTESIAN_POINT('Ctrl Pts',(6.04036206294188,-5.45989494593581,33.774012589));
#1778=CARTESIAN_POINT('Ctrl Pts',(6.02239039694188,-5.53394324693581,33.784912849));
#1779=CARTESIAN_POINT('Ctrl Pts',(6.00441873094188,-5.60799154793582,33.795813109));
#1780=CARTESIAN_POINT('Ctrl Pts',(5.97932131393552,-5.68160859894597,33.8052455980054));
#1781=CARTESIAN_POINT('Ctrl Pts',(5.94764479494116,-5.75235042643538,33.8128399190021));
#1782=CARTESIAN_POINT('Ctrl Pts',(5.9159682759468,-5.82309225392478,33.8204342399988));
#1783=CARTESIAN_POINT('Ctrl Pts',(5.8781469529433,-5.89035995593012,33.8261585040047));
#1784=CARTESIAN_POINT('Ctrl Pts',(5.83423856444105,-5.95418620943516,33.8300307820025));
#1785=CARTESIAN_POINT('Ctrl Pts',(5.7903301759388,-6.01801246294023,33.8339030600003));
#1786=CARTESIAN_POINT('Ctrl Pts',(5.73969086891992,-6.07893045695782,33.835901617));
#1787=CARTESIAN_POINT('Ctrl Pts',(5.68468202444146,-6.13398171593541,33.8359098635014));
#1788=CARTESIAN_POINT('Ctrl Pts',(5.629673179963,-6.189032974913,33.8359181100028));
#1789=CARTESIAN_POINT('Ctrl Pts',(5.57016726194535,-6.23866855693343,33.8339992420002));
#1790=CARTESIAN_POINT('Ctrl Pts',(5.50615710394183,-6.28287986493575,33.8301500995002));
#1791=CARTESIAN_POINT('Ctrl Pts',(5.4421469459383,-6.32709117293807,33.8263009570002));
#1792=CARTESIAN_POINT('Ctrl Pts',(5.37353295836081,-6.36570167249939,33.8204676405744));
#1793=CARTESIAN_POINT('Ctrl Pts',(5.30329932435172,-6.3972196082398,33.8129412829764));
#1794=CARTESIAN_POINT('Ctrl Pts',(5.16283145245376,-6.46025575071675,33.7978885030676));
#1795=CARTESIAN_POINT('Ctrl Pts',(5.01104893094188,-6.49732316793582,33.775589439));
#1796=CARTESIAN_POINT('Ctrl Pts',(4.85844778294187,-6.5057306399358,33.747564534));
#1797=CARTESIAN_POINT('Origin',(4.85928956494188,5.30928956506418,33.385573739));
#1798=CARTESIAN_POINT('Ctrl Pts',(4.85844778294187,6.50573064006419,33.747564534));
#1799=CARTESIAN_POINT('Ctrl Pts',(5.01104893094188,6.49732316806421,33.775589439));
#1800=CARTESIAN_POINT('Ctrl Pts',(5.16283143673399,6.46025571099575,33.7978885191544));
#1801=CARTESIAN_POINT('Ctrl Pts',(5.30329912005946,6.39721968836852,33.8129412877338));
#1802=CARTESIAN_POINT('Ctrl Pts',(5.3735329617222,6.36570167705493,33.8204676720236));
#1803=CARTESIAN_POINT('Ctrl Pts',(5.44214694592903,6.32709117207309,33.8263009589992));
#1804=CARTESIAN_POINT('Ctrl Pts',(5.5061571034414,6.2828798640636,33.8301501020019));
#1805=CARTESIAN_POINT('Ctrl Pts',(5.57016726095376,6.23866855605407,33.8339992450045));
#1806=CARTESIAN_POINT('Ctrl Pts',(5.62967317894188,6.18903297406423,33.835918112));
#1807=CARTESIAN_POINT('Ctrl Pts',(5.68468202394188,6.13398171506422,33.835909866));
#1808=CARTESIAN_POINT('Ctrl Pts',(5.73969086894188,6.07893045606421,33.83590162));
#1809=CARTESIAN_POINT('Ctrl Pts',(5.79033016994331,6.01801246105804,33.8339030800053));
#1810=CARTESIAN_POINT('Ctrl Pts',(5.83423855744096,5.9541862065635,33.8300308005028));
#1811=CARTESIAN_POINT('Ctrl Pts',(5.87814700786047,5.89035986060427,33.8261585154512));
#1812=CARTESIAN_POINT('Ctrl Pts',(5.91596836472336,5.82309205132169,33.8204342222393));
#1813=CARTESIAN_POINT('Ctrl Pts',(5.94764479294116,5.75235042656374,33.8128399230021));
#1814=CARTESIAN_POINT('Ctrl Pts',(5.97932135733823,5.68160849768244,33.8052455911164));
#1815=CARTESIAN_POINT('Ctrl Pts',(6.00441869618738,5.60799165517995,33.7958131636207));
#1816=CARTESIAN_POINT('Ctrl Pts',(6.02239038394164,5.53394324706407,33.7849128855007));
#1817=CARTESIAN_POINT('Ctrl Pts',(6.04036199443465,5.45989515728632,33.7740126542416));
#1818=CARTESIAN_POINT('Ctrl Pts',(6.05152745391861,5.38473838139044,33.7615751550776));
#1819=CARTESIAN_POINT('Ctrl Pts',(6.05573063994188,5.3084477830642,33.747564534));
#1820=CARTESIAN_POINT('Origin',(-5.79742515805812,5.34742515806418,33.258455095));
#1821=CARTESIAN_POINT('Ctrl Pts',(-6.95573064005812,5.3084477830642,33.747564534));
#1822=CARTESIAN_POINT('Ctrl Pts',(-6.94732316805812,5.46104893106421,33.775589439));
#1823=CARTESIAN_POINT('Ctrl Pts',(-6.91025572002569,5.61283143877613,33.7978884931458));
#1824=CARTESIAN_POINT('Ctrl Pts',(-6.8472196986949,5.75329912284793,33.8129412617365));
#1825=CARTESIAN_POINT('Ctrl Pts',(-6.81570168802951,5.82353296488382,33.8204676460318));
#1826=CARTESIAN_POINT('Ctrl Pts',(-6.77709117305813,5.89214694606419,33.826300956));
#1827=CARTESIAN_POINT('Ctrl Pts',(-6.73287986505813,5.9561571040642,33.830150099));
#1828=CARTESIAN_POINT('Ctrl Pts',(-6.68866855705814,6.02016726206418,33.833999242));
#1829=CARTESIAN_POINT('Ctrl Pts',(-6.63903297505813,6.0796731800642,33.83591811));
#1830=CARTESIAN_POINT('Ctrl Pts',(-6.58398171605812,6.13468202506418,33.835909864));
#1831=CARTESIAN_POINT('Ctrl Pts',(-6.52893045705811,6.1896908700642,33.835901618));
#1832=CARTESIAN_POINT('Ctrl Pts',(-6.46801246405883,6.24033017806369,33.833903061));
#1833=CARTESIAN_POINT('Ctrl Pts',(-6.40418620955748,6.28423856456337,33.8300307820026));
#1834=CARTESIAN_POINT('Ctrl Pts',(-6.34035986359143,6.32814701398488,33.826158497456));
#1835=CARTESIAN_POINT('Ctrl Pts',(-6.27309205228081,6.36596836686305,33.8204342182313));
#1836=CARTESIAN_POINT('Ctrl Pts',(-6.20235042705809,6.3976447945641,33.8128399190002));
#1837=CARTESIAN_POINT('Ctrl Pts',(-6.13160849771202,6.42932135844443,33.8052455871206));
#1838=CARTESIAN_POINT('Ctrl Pts',(-6.0579916551699,6.45441871031068,33.7958131266202));
#1839=CARTESIAN_POINT('Ctrl Pts',(-5.98394324705812,6.4723903970642,33.784912849));
#1840=CARTESIAN_POINT('Ctrl Pts',(-5.90989515728442,6.49036200655647,33.7740126182407));
#1841=CARTESIAN_POINT('Ctrl Pts',(-5.83473838138438,6.50152745404093,33.7615751550776));
#1842=CARTESIAN_POINT('Ctrl Pts',(-5.75844778305812,6.50573064006419,33.747564534));
#1843=CARTESIAN_POINT('Ctrl Pts',(5.38842816794188,5.2467450480642,34.186117261));
#1844=CARTESIAN_POINT('Ctrl Pts',(5.46039977694187,5.24804599206419,34.194241433));
#1845=CARTESIAN_POINT('Ctrl Pts',(5.53375129894188,5.2506023590642,34.189783522));
#1846=CARTESIAN_POINT('Ctrl Pts',(5.67450357394188,5.25792236206417,34.156232918));
#1847=CARTESIAN_POINT('Ctrl Pts',(5.74187023094188,5.26268422606421,34.127148352));
#1848=CARTESIAN_POINT('Ctrl Pts',(5.86258469794187,5.27384620006419,34.047814525));
#1849=CARTESIAN_POINT('Ctrl Pts',(5.91590326694188,5.2802436060642,33.997584482));
#1850=CARTESIAN_POINT('Ctrl Pts',(6.00213141894188,5.29391155606422,33.881963025));
#1851=CARTESIAN_POINT('Ctrl Pts',(6.03502011394188,5.3011787890642,33.816599619));
#1852=CARTESIAN_POINT('Ctrl Pts',(6.05573063994188,5.3084477830642,33.747564534));
#1853=CARTESIAN_POINT('Ctrl Pts',(5.48936863394188,1.7485314340642,33.848140542));
#1854=CARTESIAN_POINT('Ctrl Pts',(5.56139601494188,1.74896862106419,33.856236321));
#1855=CARTESIAN_POINT('Ctrl Pts',(5.63483763894188,1.74983337106418,33.851658018));
#1856=CARTESIAN_POINT('Ctrl Pts',(5.77581940194188,1.7523150090642,33.817697456));
#1857=CARTESIAN_POINT('Ctrl Pts',(5.84332532194188,1.75393129006419,33.78832344));
#1858=CARTESIAN_POINT('Ctrl Pts',(5.96434284994188,1.75772228106421,33.708279583));
#1859=CARTESIAN_POINT('Ctrl Pts',(6.01782508394188,1.75989606606421,33.65762917));
#1860=CARTESIAN_POINT('Ctrl Pts',(6.10437909694188,1.76454131906418,33.541092123));
#1861=CARTESIAN_POINT('Ctrl Pts',(6.13742986794188,1.76701165606417,33.475233774));
#1862=CARTESIAN_POINT('Ctrl Pts',(6.15829004494188,1.76948259406419,33.405699852));
#1863=CARTESIAN_POINT('Ctrl Pts',(5.48936865394188,-1.74853142093582,33.848140545));
#1864=CARTESIAN_POINT('Ctrl Pts',(5.56139603294188,-1.74896860793581,33.856236321));
#1865=CARTESIAN_POINT('Ctrl Pts',(5.63483765494188,-1.74983335893582,33.851658016));
#1866=CARTESIAN_POINT('Ctrl Pts',(5.77581941494188,-1.75231499793583,33.817697452));
#1867=CARTESIAN_POINT('Ctrl Pts',(5.84332533294188,-1.75393128093582,33.788323435));
#1868=CARTESIAN_POINT('Ctrl Pts',(5.96434285594188,-1.7577222739358,33.708279578));
#1869=CARTESIAN_POINT('Ctrl Pts',(6.01782508894188,-1.75989605993578,33.657629165));
#1870=CARTESIAN_POINT('Ctrl Pts',(6.10437909894188,-1.7645413159358,33.54109212));
#1871=CARTESIAN_POINT('Ctrl Pts',(6.13742986794188,-1.76701165393581,33.475233773));
#1872=CARTESIAN_POINT('Ctrl Pts',(6.15829004394188,-1.76948259393583,33.405699852));
#1873=CARTESIAN_POINT('Ctrl Pts',(5.38842818894187,-5.24674503493582,34.186117262));
#1874=CARTESIAN_POINT('Ctrl Pts',(5.46039979594187,-5.2480459799358,34.194241432));
#1875=CARTESIAN_POINT('Ctrl Pts',(5.53375131594187,-5.25060234693584,34.189783519));
#1876=CARTESIAN_POINT('Ctrl Pts',(5.67450358694188,-5.25792235193581,34.156232912));
#1877=CARTESIAN_POINT('Ctrl Pts',(5.74187024194188,-5.2626842169358,34.127148346));
#1878=CARTESIAN_POINT('Ctrl Pts',(5.86258470494188,-5.27384619293581,34.047814519));
#1879=CARTESIAN_POINT('Ctrl Pts',(5.91590327194188,-5.2802435999358,33.997584476));
#1880=CARTESIAN_POINT('Ctrl Pts',(6.00213141994188,-5.29391155293581,33.881963022));
#1881=CARTESIAN_POINT('Ctrl Pts',(6.03502011494188,-5.30117878793579,33.816599617));
#1882=CARTESIAN_POINT('Ctrl Pts',(6.05573063994188,-5.30844778293581,33.747564534));
#1883=CARTESIAN_POINT('Origin',(5.45708921194187,-5.30844778293581,33.567972105));
#1884=CARTESIAN_POINT('Origin',(5.45708921194187,5.3084477830642,33.567972105));
#1885=CARTESIAN_POINT('Ctrl Pts',(6.05573063994188,5.3084477830642,33.747564534));
#1886=CARTESIAN_POINT('Ctrl Pts',(6.03502011394188,5.3011787890642,33.816599619));
#1887=CARTESIAN_POINT('Ctrl Pts',(6.00213141894188,5.29391155606422,33.881963025));
#1888=CARTESIAN_POINT('Ctrl Pts',(5.91590326694188,5.2802436060642,33.997584482));
#1889=CARTESIAN_POINT('Ctrl Pts',(5.86258469794187,5.27384620006419,34.047814525));
#1890=CARTESIAN_POINT('Ctrl Pts',(5.74187023094188,5.26268422606421,34.127148352));
#1891=CARTESIAN_POINT('Ctrl Pts',(5.67450357394188,5.25792236206417,34.156232918));
#1892=CARTESIAN_POINT('Ctrl Pts',(5.53375129894188,5.2506023590642,34.189783522));
#1893=CARTESIAN_POINT('Ctrl Pts',(5.46039977694187,5.24804599206419,34.194241433));
#1894=CARTESIAN_POINT('Ctrl Pts',(5.38842816794188,5.2467450480642,34.186117261));
#1895=CARTESIAN_POINT('Ctrl Pts',(6.05152745994188,5.3847382720642,33.761575135));
#1896=CARTESIAN_POINT('Ctrl Pts',(6.03024024994188,5.3766754930642,33.82974999));
#1897=CARTESIAN_POINT('Ctrl Pts',(5.99703270594188,5.3678580040642,33.894104279));
#1898=CARTESIAN_POINT('Ctrl Pts',(5.91065946794188,5.34974723406421,34.007650646));
#1899=CARTESIAN_POINT('Ctrl Pts',(5.85751403594188,5.34045823506421,34.056816106));
#1900=CARTESIAN_POINT('Ctrl Pts',(5.73751786694188,5.32250424006421,34.13418616));
#1901=CARTESIAN_POINT('Ctrl Pts',(5.67069527194187,5.31384350706421,34.162372621));
#1902=CARTESIAN_POINT('Ctrl Pts',(5.53121154294188,5.2981742240642,34.194455108));
#1903=CARTESIAN_POINT('Ctrl Pts',(5.45858311794188,5.2911694130642,34.198343619));
#1904=CARTESIAN_POINT('Ctrl Pts',(5.38731255494188,5.28540798206421,34.189852645));
#1905=CARTESIAN_POINT('Ctrl Pts',(6.04036204594188,5.45989494506419,33.774012623));
#1906=CARTESIAN_POINT('Ctrl Pts',(6.01866920794188,5.4509156820642,33.841401773));
#1907=CARTESIAN_POINT('Ctrl Pts',(5.98535537294188,5.44047083006422,33.904847499));
#1908=CARTESIAN_POINT('Ctrl Pts',(5.89932559494188,5.41785628406419,34.016539935));
#1909=CARTESIAN_POINT('Ctrl Pts',(5.84662926194188,5.40569177206422,34.064761188));
#1910=CARTESIAN_POINT('Ctrl Pts',(5.72794692594188,5.3810545100642,34.140396536));
#1911=CARTESIAN_POINT('Ctrl Pts',(5.66198797194188,5.36858741506421,34.167793394));
#1912=CARTESIAN_POINT('Ctrl Pts',(5.52443583494188,5.34479866606421,34.198588455));
#1913=CARTESIAN_POINT('Ctrl Pts',(5.45287399894188,5.33348248006419,34.201979643));
#1914=CARTESIAN_POINT('Ctrl Pts',(5.38264982794188,5.32339967406418,34.193169347));
#1915=CARTESIAN_POINT('Ctrl Pts',(6.00441872194188,5.6079915490642,33.795813148));
#1916=CARTESIAN_POINT('Ctrl Pts',(5.98228015994188,5.59703562406419,33.861803132));
#1917=CARTESIAN_POINT('Ctrl Pts',(5.94918949294188,5.58325573606421,33.923643855));
#1918=CARTESIAN_POINT('Ctrl Pts',(5.86482406294188,5.55159963106419,34.032075375));
#1919=CARTESIAN_POINT('Ctrl Pts',(5.81356757994188,5.53373030006419,34.07864268));
#1920=CARTESIAN_POINT('Ctrl Pts',(5.69866865094188,5.49592212506418,34.151246149));
#1921=CARTESIAN_POINT('Ctrl Pts',(5.63505109694188,5.47599151106418,34.177266586));
#1922=CARTESIAN_POINT('Ctrl Pts',(5.50263045494188,5.43632326906422,34.205820451));
#1923=CARTESIAN_POINT('Ctrl Pts',(5.43385605194187,5.41659428206419,34.208347697));
#1924=CARTESIAN_POINT('Ctrl Pts',(5.36638261694188,5.39808245006419,34.198983499));
#1925=CARTESIAN_POINT('Ctrl Pts',(5.97932131194188,5.68160859906417,33.805245602));
#1926=CARTESIAN_POINT('Ctrl Pts',(5.95714442694188,5.66958143906422,33.870617281));
#1927=CARTESIAN_POINT('Ctrl Pts',(5.92438896494188,5.65407708806422,33.931756199));
#1928=CARTESIAN_POINT('Ctrl Pts',(5.84136293494188,5.61783983206418,34.038770075));
#1929=CARTESIAN_POINT('Ctrl Pts',(5.79110996194188,5.59711462706421,34.08462235));
#1930=CARTESIAN_POINT('Ctrl Pts',(5.67871127494188,5.55275852406421,34.155919105));
#1931=CARTESIAN_POINT('Ctrl Pts',(5.61658937894188,5.52913705406418,34.181348474));
#1932=CARTESIAN_POINT('Ctrl Pts',(5.48740703794188,5.48163759106419,34.20894177));
#1933=CARTESIAN_POINT('Ctrl Pts',(5.42037396594187,5.4577696970642,34.21109985));
#1934=CARTESIAN_POINT('Ctrl Pts',(5.35462521794188,5.4351127040642,34.201499511));
#1935=CARTESIAN_POINT('Ctrl Pts',(5.91596827394188,5.82309225406419,33.820434244));
#1936=CARTESIAN_POINT('Ctrl Pts',(5.89410087694187,5.80892254406422,33.884800471));
#1937=CARTESIAN_POINT('Ctrl Pts',(5.86245736994188,5.79003690106422,33.944803716));
#1938=CARTESIAN_POINT('Ctrl Pts',(5.78307451094188,5.7448985840642,34.049529695));
#1939=CARTESIAN_POINT('Ctrl Pts',(5.73535138594188,5.71865515606422,34.094231019));
#1940=CARTESIAN_POINT('Ctrl Pts',(5.62905405494188,5.66168945006421,34.163427466));
#1941=CARTESIAN_POINT('Ctrl Pts',(5.57050157494188,5.63097884406421,34.187908444));
#1942=CARTESIAN_POINT('Ctrl Pts',(5.44898384494187,5.5684606050642,34.213961929));
#1943=CARTESIAN_POINT('Ctrl Pts',(5.38604343194188,5.53666578406421,34.215529112));
#1944=CARTESIAN_POINT('Ctrl Pts',(5.32435845394188,5.5060739280642,34.205551275));
#1945=CARTESIAN_POINT('Ctrl Pts',(5.87814694494188,5.89035995206419,33.826158521));
#1946=CARTESIAN_POINT('Ctrl Pts',(5.85662168294188,5.87512996206417,33.890140044));
#1947=CARTESIAN_POINT('Ctrl Pts',(5.82574493294187,5.8546033280642,33.949712007));
#1948=CARTESIAN_POINT('Ctrl Pts',(5.74863844194188,5.80518491206419,34.053572748));
#1949=CARTESIAN_POINT('Ctrl Pts',(5.70242424994188,5.7763031060642,34.097840576));
#1950=CARTESIAN_POINT('Ctrl Pts',(5.59968784994188,5.71332953606419,34.166247751));
#1951=CARTESIAN_POINT('Ctrl Pts',(5.54318635894187,5.67925048706417,34.190373299));
#1952=CARTESIAN_POINT('Ctrl Pts',(5.42604667194188,5.60960740206419,34.21585055));
#1953=CARTESIAN_POINT('Ctrl Pts',(5.36543209594187,5.5740574280642,34.217197114));
#1954=CARTESIAN_POINT('Ctrl Pts',(5.30606081194188,5.5397086900642,34.207078595));
#1955=CARTESIAN_POINT('Ctrl Pts',(5.79033016994188,6.01801246106422,33.83390308));
#1956=CARTESIAN_POINT('Ctrl Pts',(5.76982769694188,6.00078059206421,33.897362543));
#1957=CARTESIAN_POINT('Ctrl Pts',(5.74087801194187,5.97713899006418,33.956350127));
#1958=CARTESIAN_POINT('Ctrl Pts',(5.66919634794188,5.9195789880642,34.059039461));
#1959=CARTESIAN_POINT('Ctrl Pts',(5.62647855694188,5.8856719920642,34.10272088));
#1960=CARTESIAN_POINT('Ctrl Pts',(5.53188111494188,5.81125086706422,34.170060834));
#1961=CARTESIAN_POINT('Ctrl Pts',(5.48002018594188,5.7707514830642,34.193706038));
#1962=CARTESIAN_POINT('Ctrl Pts',(5.37274873794188,5.68753107606419,34.218404734));
#1963=CARTESIAN_POINT('Ctrl Pts',(5.31735944894188,5.64482654206419,34.219453338));
#1964=CARTESIAN_POINT('Ctrl Pts',(5.26319361494188,5.60332431606419,34.209144861));
#1965=CARTESIAN_POINT('Ctrl Pts',(5.73969086894188,6.07893045606421,33.83590162));
#1966=CARTESIAN_POINT('Ctrl Pts',(5.71987948594188,6.06074917806421,33.899225156));
#1967=CARTESIAN_POINT('Ctrl Pts',(5.69210610194188,6.03562083306418,33.958061254));
#1968=CARTESIAN_POINT('Ctrl Pts',(5.62361437194188,5.97416533706419,34.060447675));
#1969=CARTESIAN_POINT('Ctrl Pts',(5.58290952194188,5.93785029706421,34.103977823));
#1970=CARTESIAN_POINT('Ctrl Pts',(5.49294794894188,5.85794087106422,34.171042843));
#1971=CARTESIAN_POINT('Ctrl Pts',(5.44370895394188,5.81436223206421,34.194564501));
#1972=CARTESIAN_POINT('Ctrl Pts',(5.34199603394188,5.7246314540642,34.219063123));
#1973=CARTESIAN_POINT('Ctrl Pts',(5.28954215194188,5.67849699706418,34.220035259));
#1974=CARTESIAN_POINT('Ctrl Pts',(5.23830401194187,5.6335677190642,34.209678084));
#1975=CARTESIAN_POINT('Ctrl Pts',(5.62967317894188,6.18903297406423,33.835918112));
#1976=CARTESIAN_POINT('Ctrl Pts',(5.61148047794188,6.1692308920642,33.899240525));
#1977=CARTESIAN_POINT('Ctrl Pts',(5.58633407594188,6.14147300906421,33.958075372));
#1978=CARTESIAN_POINT('Ctrl Pts',(5.52483108094188,6.0730229640642,34.060459289));
#1979=CARTESIAN_POINT('Ctrl Pts',(5.48848660594188,6.03234428906422,34.103988187));
#1980=CARTESIAN_POINT('Ctrl Pts',(5.40851001894188,5.9424428410642,34.171050937));
#1981=CARTESIAN_POINT('Ctrl Pts',(5.36489366594187,5.8932377820642,34.194571575));
#1982=CARTESIAN_POINT('Ctrl Pts',(5.27508313794188,5.79159674806419,34.219068549));
#1983=CARTESIAN_POINT('Ctrl Pts',(5.22890665894188,5.7391808010642,34.220040057));
#1984=CARTESIAN_POINT('Ctrl Pts',(5.18393541694188,5.68798049806421,34.209682485));
#1985=CARTESIAN_POINT('Ctrl Pts',(5.57016726094188,6.23866855606419,33.833999245));
#1986=CARTESIAN_POINT('Ctrl Pts',(5.55290179694188,6.2181873910642,33.89745219));
#1987=CARTESIAN_POINT('Ctrl Pts',(5.52920769094188,6.18927539206421,33.956432494));
#1988=CARTESIAN_POINT('Ctrl Pts',(5.47151021494188,6.11769744706422,34.059107256));
#1989=CARTESIAN_POINT('Ctrl Pts',(5.43751827394188,6.07504566506421,34.102781389));
#1990=CARTESIAN_POINT('Ctrl Pts',(5.36290355094188,5.98060091606417,34.170108093));
#1991=CARTESIAN_POINT('Ctrl Pts',(5.32229554994188,5.92882663806421,34.193747336));
#1992=CARTESIAN_POINT('Ctrl Pts',(5.23884544494187,5.8217391430642,34.218436376));
#1993=CARTESIAN_POINT('Ctrl Pts',(5.19601987194187,5.76644711506422,34.219481285));
#1994=CARTESIAN_POINT('Ctrl Pts',(5.15439665794188,5.71237825906419,34.209170454));
#1995=CARTESIAN_POINT('Ctrl Pts',(5.44214694594188,6.32709117206421,33.826300959));
#1996=CARTESIAN_POINT('Ctrl Pts',(5.42688893094188,6.3055761180642,33.890272923));
#1997=CARTESIAN_POINT('Ctrl Pts',(5.40631880894188,6.27472116106421,33.949834163));
#1998=CARTESIAN_POINT('Ctrl Pts',(5.35678682994188,6.1976785010642,34.053673384));
#1999=CARTESIAN_POINT('Ctrl Pts',(5.32783496794188,6.1515063290642,34.097930425));
#2000=CARTESIAN_POINT('Ctrl Pts',(5.26470180894188,6.04886877206418,34.166317948));
#2001=CARTESIAN_POINT('Ctrl Pts',(5.23053325394188,5.9924240790642,34.190434641));
#2002=CARTESIAN_POINT('Ctrl Pts',(5.16070081994188,5.87540554306418,34.21589752));
#2003=CARTESIAN_POINT('Ctrl Pts',(5.12505103494188,5.8148552890642,34.217238574));
#2004=CARTESIAN_POINT('Ctrl Pts',(5.09060243794188,5.75554803006419,34.20711653));
#2005=CARTESIAN_POINT('Ctrl Pts',(5.37353295694188,6.3657016650642,33.820467667));
#2006=CARTESIAN_POINT('Ctrl Pts',(5.35935601794188,6.34383711406418,33.884831612));
#2007=CARTESIAN_POINT('Ctrl Pts',(5.34045936194188,6.31219934106419,33.944832315));
#2008=CARTESIAN_POINT('Ctrl Pts',(5.29529254394188,6.2328329700642,34.049553219));
#2009=CARTESIAN_POINT('Ctrl Pts',(5.26903163394188,6.1851205940642,34.094252012));
#2010=CARTESIAN_POINT('Ctrl Pts',(5.21202625394188,6.0788484080642,34.16344387));
#2011=CARTESIAN_POINT('Ctrl Pts',(5.18129346294188,6.02031031606419,34.187922791));
#2012=CARTESIAN_POINT('Ctrl Pts',(5.11872839094188,5.89882320006421,34.213972962));
#2013=CARTESIAN_POINT('Ctrl Pts',(5.08690893094188,5.8358990020642,34.215538888));
#2014=CARTESIAN_POINT('Ctrl Pts',(5.05629245894188,5.77423014106419,34.205560264));
#2015=CARTESIAN_POINT('Ctrl Pts',(5.16283144694188,6.46025573606419,33.797888526));
#2016=CARTESIAN_POINT('Ctrl Pts',(5.15184636694188,6.43792505706418,33.863747285));
#2017=CARTESIAN_POINT('Ctrl Pts',(5.13798611994188,6.40462494006417,33.92543632));
#2018=CARTESIAN_POINT('Ctrl Pts',(5.10607630594188,6.3198184410642,34.033558407));
#2019=CARTESIAN_POINT('Ctrl Pts',(5.08803368594188,6.26833032106422,34.07996816));
#2020=CARTESIAN_POINT('Ctrl Pts',(5.04980722694188,6.15295409006421,34.152282226));
#2021=CARTESIAN_POINT('Ctrl Pts',(5.02963172394188,6.0890908120642,34.178170961));
#2022=CARTESIAN_POINT('Ctrl Pts',(4.98943262094188,5.95616961206421,34.206510114));
#2023=CARTESIAN_POINT('Ctrl Pts',(4.96941779994188,5.8871402950642,34.208954432));
#2024=CARTESIAN_POINT('Ctrl Pts',(4.95061773094188,5.81940929206418,34.19953699));
#2025=CARTESIAN_POINT('Ctrl Pts',(5.01104893094188,6.49732316806421,33.775589439));
#2026=CARTESIAN_POINT('Ctrl Pts',(5.00219215694187,6.4754591210642,33.842903838));
#2027=CARTESIAN_POINT('Ctrl Pts',(4.99182400194188,6.4419326450642,33.906248743));
#2028=CARTESIAN_POINT('Ctrl Pts',(4.96926923794188,6.35541428306418,34.017719471));
#2029=CARTESIAN_POINT('Ctrl Pts',(4.95708788094188,6.3024420320642,34.065820066));
#2030=CARTESIAN_POINT('Ctrl Pts',(4.93234006894188,6.1831643520642,34.141225828));
#2031=CARTESIAN_POINT('Ctrl Pts',(4.91977943594188,6.11688596306418,34.168513947));
#2032=CARTESIAN_POINT('Ctrl Pts',(4.89575866694187,5.97867111606419,34.199127928));
#2033=CARTESIAN_POINT('Ctrl Pts',(4.88430423594188,5.9067659790642,34.20244689));
#2034=CARTESIAN_POINT('Ctrl Pts',(4.87408113694188,5.8361966460642,34.193589017));
#2035=CARTESIAN_POINT('Ctrl Pts',(4.85844778294187,6.50573064006419,33.747564534));
#2036=CARTESIAN_POINT('Ctrl Pts',(4.85117878894188,6.48502011406421,33.816599619));
#2037=CARTESIAN_POINT('Ctrl Pts',(4.84391155594188,6.45213141906421,33.881963025));
#2038=CARTESIAN_POINT('Ctrl Pts',(4.83024360594188,6.36590326706418,33.997584482));
#2039=CARTESIAN_POINT('Ctrl Pts',(4.82384619994188,6.31258469806419,34.047814525));
#2040=CARTESIAN_POINT('Ctrl Pts',(4.81268422594188,6.1918702310642,34.127148352));
#2041=CARTESIAN_POINT('Ctrl Pts',(4.80792236194187,6.1245035740642,34.156232918));
#2042=CARTESIAN_POINT('Ctrl Pts',(4.80060235894188,5.98375129906419,34.189783522));
#2043=CARTESIAN_POINT('Ctrl Pts',(4.79804599194188,5.91039977706419,34.194241433));
#2044=CARTESIAN_POINT('Ctrl Pts',(4.79674504794188,5.8384281680642,34.186117261));
#2045=CARTESIAN_POINT('Origin',(4.85844778294187,5.90708921206417,33.567972105));
#2046=CARTESIAN_POINT('Ctrl Pts',(5.38842816794188,-5.2467450479358,34.186117261));
#2047=CARTESIAN_POINT('Ctrl Pts',(5.46039977694187,-5.2480459919358,34.194241433));
#2048=CARTESIAN_POINT('Ctrl Pts',(5.53375129894188,-5.2506023589358,34.189783522));
#2049=CARTESIAN_POINT('Ctrl Pts',(5.67450357394188,-5.25792236193581,34.156232918));
#2050=CARTESIAN_POINT('Ctrl Pts',(5.74187023094188,-5.26268422593581,34.127148352));
#2051=CARTESIAN_POINT('Ctrl Pts',(5.86258469794187,-5.27384619993583,34.047814525));
#2052=CARTESIAN_POINT('Ctrl Pts',(5.91590326694188,-5.2802436059358,33.997584482));
#2053=CARTESIAN_POINT('Ctrl Pts',(6.00213141894188,-5.29391155593583,33.881963025));
#2054=CARTESIAN_POINT('Ctrl Pts',(6.03502011394188,-5.30117878893581,33.816599619));
#2055=CARTESIAN_POINT('Ctrl Pts',(6.05573063994188,-5.30844778293581,33.747564534));
#2056=CARTESIAN_POINT('Ctrl Pts',(5.38731255494188,-5.28540798193582,34.189852645));
#2057=CARTESIAN_POINT('Ctrl Pts',(5.45858311794188,-5.2911694129358,34.198343619));
#2058=CARTESIAN_POINT('Ctrl Pts',(5.53121154294188,-5.29817422393581,34.194455108));
#2059=CARTESIAN_POINT('Ctrl Pts',(5.67069527194187,-5.31384350693582,34.162372621));
#2060=CARTESIAN_POINT('Ctrl Pts',(5.73751786694188,-5.32250423993581,34.13418616));
#2061=CARTESIAN_POINT('Ctrl Pts',(5.85751403594188,-5.34045823493582,34.056816106));
#2062=CARTESIAN_POINT('Ctrl Pts',(5.91065946794188,-5.34974723393582,34.007650646));
#2063=CARTESIAN_POINT('Ctrl Pts',(5.99703270594188,-5.36785800393581,33.894104279));
#2064=CARTESIAN_POINT('Ctrl Pts',(6.03024024994188,-5.3766754929358,33.82974999));
#2065=CARTESIAN_POINT('Ctrl Pts',(6.05152745994188,-5.38473827193581,33.761575135));
#2066=CARTESIAN_POINT('Ctrl Pts',(5.38265071894187,-5.32339836493581,34.193169317));
#2067=CARTESIAN_POINT('Ctrl Pts',(5.45287484194187,-5.33348120393583,34.201979532));
#2068=CARTESIAN_POINT('Ctrl Pts',(5.52443660894188,-5.34479744493581,34.198588281));
#2069=CARTESIAN_POINT('Ctrl Pts',(5.66198858994188,-5.36858634993578,34.167793141));
#2070=CARTESIAN_POINT('Ctrl Pts',(5.72794745694188,-5.38105354393579,34.140396266));
#2071=CARTESIAN_POINT('Ctrl Pts',(5.84662961994188,-5.40569103893581,34.064760927));
#2072=CARTESIAN_POINT('Ctrl Pts',(5.89932586794188,-5.4178556849358,34.0165397));
#2073=CARTESIAN_POINT('Ctrl Pts',(5.98535549794188,-5.44047051893582,33.904847346));
#2074=CARTESIAN_POINT('Ctrl Pts',(6.01866927094188,-5.45091552593579,33.841401676));
#2075=CARTESIAN_POINT('Ctrl Pts',(6.04036206294188,-5.45989494593581,33.774012589));
#2076=CARTESIAN_POINT('Ctrl Pts',(5.36638350694188,-5.39808114093582,34.198983459));
#2077=CARTESIAN_POINT('Ctrl Pts',(5.43385690094188,-5.41659300393579,34.208347599));
#2078=CARTESIAN_POINT('Ctrl Pts',(5.50263124394188,-5.4363220449358,34.205820307));
#2079=CARTESIAN_POINT('Ctrl Pts',(5.63505174394188,-5.47599043993582,34.177266385));
#2080=CARTESIAN_POINT('Ctrl Pts',(5.69866921594187,-5.4959211519358,34.151245936));
#2081=CARTESIAN_POINT('Ctrl Pts',(5.81356797594188,-5.53372955893579,34.078642473));
#2082=CARTESIAN_POINT('Ctrl Pts',(5.86482437294188,-5.55159902393584,34.032075186));
#2083=CARTESIAN_POINT('Ctrl Pts',(5.94918963994188,-5.58325541893581,33.923643727));
#2084=CARTESIAN_POINT('Ctrl Pts',(5.98228023194188,-5.5970354629358,33.861803045));
#2085=CARTESIAN_POINT('Ctrl Pts',(6.00441873094188,-5.60799154793582,33.795813109));
#2086=CARTESIAN_POINT('Ctrl Pts',(5.35462531494188,-5.43511256393582,34.201499508));
#2087=CARTESIAN_POINT('Ctrl Pts',(5.42037405894188,-5.45776955993581,34.211099841));
#2088=CARTESIAN_POINT('Ctrl Pts',(5.48740712494188,-5.4816374599358,34.208941757));
#2089=CARTESIAN_POINT('Ctrl Pts',(5.61658945094188,-5.52913693893583,34.181348456));
#2090=CARTESIAN_POINT('Ctrl Pts',(5.67871133894188,-5.55275841993581,34.155919086));
#2091=CARTESIAN_POINT('Ctrl Pts',(5.79111000794188,-5.59711454793582,34.084622331));
#2092=CARTESIAN_POINT('Ctrl Pts',(5.84136297194188,-5.61783976793581,34.038770058));
#2093=CARTESIAN_POINT('Ctrl Pts',(5.92438898294187,-5.6540770549358,33.931756188));
#2094=CARTESIAN_POINT('Ctrl Pts',(5.95714443594188,-5.66958142193581,33.870617273));
#2095=CARTESIAN_POINT('Ctrl Pts',(5.97932131394188,-5.68160859893581,33.805245598));
#2096=CARTESIAN_POINT('Ctrl Pts',(5.32435854994187,-5.50607378793583,34.20555127));
#2097=CARTESIAN_POINT('Ctrl Pts',(5.38604352494188,-5.53666564693582,34.215529105));
#2098=CARTESIAN_POINT('Ctrl Pts',(5.44898393394188,-5.56846047393581,34.21396192));
#2099=CARTESIAN_POINT('Ctrl Pts',(5.57050164994188,-5.6309787299358,34.187908432));
#2100=CARTESIAN_POINT('Ctrl Pts',(5.62905412294187,-5.66168934693579,34.163427454));
#2101=CARTESIAN_POINT('Ctrl Pts',(5.73535143594188,-5.71865507793582,34.094231007));
#2102=CARTESIAN_POINT('Ctrl Pts',(5.78307455194188,-5.74489851993579,34.049529684));
#2103=CARTESIAN_POINT('Ctrl Pts',(5.86245738994188,-5.79003686893582,33.944803708));
#2104=CARTESIAN_POINT('Ctrl Pts',(5.89410088794188,-5.80892252793582,33.884800465));
#2105=CARTESIAN_POINT('Ctrl Pts',(5.91596827594188,-5.8230922539358,33.82043424));
#2106=CARTESIAN_POINT('Ctrl Pts',(5.30606124794188,-5.53970807293581,34.20707858));
#2107=CARTESIAN_POINT('Ctrl Pts',(5.36543251994188,-5.57405682693581,34.217197091));
#2108=CARTESIAN_POINT('Ctrl Pts',(5.42604707394188,-5.6096068289358,34.215850522));
#2109=CARTESIAN_POINT('Ctrl Pts',(5.54318670694188,-5.67924998893581,34.190373264));
#2110=CARTESIAN_POINT('Ctrl Pts',(5.59968816294188,-5.71332908693581,34.166247715));
#2111=CARTESIAN_POINT('Ctrl Pts',(5.70242448594188,-5.77630276793581,34.09784054));
#2112=CARTESIAN_POINT('Ctrl Pts',(5.74863863394188,-5.80518463693579,34.053572714));
#2113=CARTESIAN_POINT('Ctrl Pts',(5.82574503494188,-5.85460318793579,33.94971198));
#2114=CARTESIAN_POINT('Ctrl Pts',(5.85662173794188,-5.87512989293582,33.890140022));
#2115=CARTESIAN_POINT('Ctrl Pts',(5.87814695294188,-5.8903599559358,33.826158504));
#2116=CARTESIAN_POINT('Ctrl Pts',(5.26319405094188,-5.60332369793581,34.209144841));
#2117=CARTESIAN_POINT('Ctrl Pts',(5.31735987394188,-5.64482594193581,34.219453322));
#2118=CARTESIAN_POINT('Ctrl Pts',(5.37274914594188,-5.68753050593582,34.218404722));
#2119=CARTESIAN_POINT('Ctrl Pts',(5.48002054394188,-5.7707509929358,34.19370603));
#2120=CARTESIAN_POINT('Ctrl Pts',(5.53188143994188,-5.8112504259358,34.170060827));
#2121=CARTESIAN_POINT('Ctrl Pts',(5.62647880694188,-5.88567166393581,34.102720872));
#2122=CARTESIAN_POINT('Ctrl Pts',(5.66919655394188,-5.91957872193582,34.059039451));
#2123=CARTESIAN_POINT('Ctrl Pts',(5.74087812194188,-5.97713885593581,33.956350113));
#2124=CARTESIAN_POINT('Ctrl Pts',(5.76982775494188,-6.00078052593581,33.897362527));
#2125=CARTESIAN_POINT('Ctrl Pts',(5.79033017594188,-6.01801246293579,33.83390306));
#2126=CARTESIAN_POINT('Ctrl Pts',(5.23830390494188,-5.6335678039358,34.209678081));
#2127=CARTESIAN_POINT('Ctrl Pts',(5.28954204894188,-5.67849707993581,34.220035259));
#2128=CARTESIAN_POINT('Ctrl Pts',(5.34199593694188,-5.72463153393581,34.219063125));
#2129=CARTESIAN_POINT('Ctrl Pts',(5.44370887094188,-5.8143623029358,34.194564506));
#2130=CARTESIAN_POINT('Ctrl Pts',(5.49294787494188,-5.85794093593581,34.171042849));
#2131=CARTESIAN_POINT('Ctrl Pts',(5.58290946794188,-5.93785034693582,34.103977828));
#2132=CARTESIAN_POINT('Ctrl Pts',(5.62361432794188,-5.97416537793581,34.06044768));
#2133=CARTESIAN_POINT('Ctrl Pts',(5.69210607994188,-6.03562085493579,33.958061256));
#2134=CARTESIAN_POINT('Ctrl Pts',(5.71987947494188,-6.06074918893583,33.899225155));
#2135=CARTESIAN_POINT('Ctrl Pts',(5.73969086894188,-6.07893045693583,33.835901617));
#2136=CARTESIAN_POINT('Ctrl Pts',(5.18393530994187,-5.68798058293581,34.209682483));
#2137=CARTESIAN_POINT('Ctrl Pts',(5.22890655594188,-5.73918088293581,34.220040057));
#2138=CARTESIAN_POINT('Ctrl Pts',(5.27508303894188,-5.79159682793581,34.219068549));
#2139=CARTESIAN_POINT('Ctrl Pts',(5.36489358094188,-5.89323785193582,34.194571576));
#2140=CARTESIAN_POINT('Ctrl Pts',(5.40850994394188,-5.94244290393579,34.171050938));
#2141=CARTESIAN_POINT('Ctrl Pts',(5.48848654994188,-6.03234433693583,34.103988187));
#2142=CARTESIAN_POINT('Ctrl Pts',(5.52483103494188,-6.07302300393581,34.06045929));
#2143=CARTESIAN_POINT('Ctrl Pts',(5.58633405294188,-6.14147303093581,33.958075371));
#2144=CARTESIAN_POINT('Ctrl Pts',(5.61148046694188,-6.16923090293582,33.899240524));
#2145=CARTESIAN_POINT('Ctrl Pts',(5.62967317994188,-6.18903297493581,33.83591811));
#2146=CARTESIAN_POINT('Ctrl Pts',(5.15439648394187,-5.71237840193582,34.20917045));
#2147=CARTESIAN_POINT('Ctrl Pts',(5.19601970294188,-5.7664472549358,34.219481281));
#2148=CARTESIAN_POINT('Ctrl Pts',(5.23884528294188,-5.8217392759358,34.218436372));
#2149=CARTESIAN_POINT('Ctrl Pts',(5.32229540994188,-5.92882675293581,34.193747331));
#2150=CARTESIAN_POINT('Ctrl Pts',(5.36290342494187,-5.98060101993582,34.170108087));
#2151=CARTESIAN_POINT('Ctrl Pts',(5.43751817894188,-6.07504574293582,34.102781384));
#2152=CARTESIAN_POINT('Ctrl Pts',(5.47151013794188,-6.11769751093579,34.059107251));
#2153=CARTESIAN_POINT('Ctrl Pts',(5.52920765194187,-6.1892754249358,33.95643249));
#2154=CARTESIAN_POINT('Ctrl Pts',(5.55290177794188,-6.21818740793582,33.897452186));
#2155=CARTESIAN_POINT('Ctrl Pts',(5.57016726194188,-6.23866855693581,33.833999242));
#2156=CARTESIAN_POINT('Ctrl Pts',(5.09060226294188,-5.75554817293579,34.207116527));
#2157=CARTESIAN_POINT('Ctrl Pts',(5.12505086394188,-5.81485542693581,34.217238567));
#2158=CARTESIAN_POINT('Ctrl Pts',(5.16070065694187,-5.8754056729358,34.215897511));
#2159=CARTESIAN_POINT('Ctrl Pts',(5.23053311194188,-5.99242418993583,34.190434627));
#2160=CARTESIAN_POINT('Ctrl Pts',(5.26470168094188,-6.04886887193583,34.166317934));
#2161=CARTESIAN_POINT('Ctrl Pts',(5.32783486994187,-6.1515064019358,34.097930411));
#2162=CARTESIAN_POINT('Ctrl Pts',(5.35678674994188,-6.19767855993583,34.053673371));
#2163=CARTESIAN_POINT('Ctrl Pts',(5.40631876794188,-6.27472119093582,33.949834155));
#2164=CARTESIAN_POINT('Ctrl Pts',(5.42688891094188,-6.30557613293579,33.890272917));
#2165=CARTESIAN_POINT('Ctrl Pts',(5.44214694594188,-6.32709117293583,33.826300957));
#2166=CARTESIAN_POINT('Ctrl Pts',(5.05629159394188,-5.77423072193582,34.205560235));
#2167=CARTESIAN_POINT('Ctrl Pts',(5.08690808694188,-5.83589956393581,34.215538844));
#2168=CARTESIAN_POINT('Ctrl Pts',(5.11872758494188,-5.8988237329358,34.213972907));
#2169=CARTESIAN_POINT('Ctrl Pts',(5.18129276094188,-6.0203107719358,34.187922722));
#2170=CARTESIAN_POINT('Ctrl Pts',(5.21202561794188,-6.07884881693579,34.163443797));
#2171=CARTESIAN_POINT('Ctrl Pts',(5.26903115294187,-6.18512089793583,34.094251941));
#2172=CARTESIAN_POINT('Ctrl Pts',(5.29529215094188,-6.23283321593579,34.049553153));
#2173=CARTESIAN_POINT('Ctrl Pts',(5.34045915894188,-6.31219946793578,33.944832264));
#2174=CARTESIAN_POINT('Ctrl Pts',(5.35935591694188,-6.34383717993583,33.884831572));
#2175=CARTESIAN_POINT('Ctrl Pts',(5.37353295894188,-6.36570167293581,33.820467639));
#2176=CARTESIAN_POINT('Ctrl Pts',(4.95061686594187,-5.81940987493581,34.19953697));
#2177=CARTESIAN_POINT('Ctrl Pts',(4.96941695494188,-5.8871408519358,34.208954375));
#2178=CARTESIAN_POINT('Ctrl Pts',(4.98943181194187,-5.95617013193582,34.206510028));
#2179=CARTESIAN_POINT('Ctrl Pts',(5.02963101694188,-6.08909124293582,34.178170838));
#2180=CARTESIAN_POINT('Ctrl Pts',(5.04980658494188,-6.15295446793581,34.152282096));
#2181=CARTESIAN_POINT('Ctrl Pts',(5.08803319794188,-6.26833059093581,34.079968033));
#2182=CARTESIAN_POINT('Ctrl Pts',(5.10607590694188,-6.31981865493582,34.033558291));
#2183=CARTESIAN_POINT('Ctrl Pts',(5.13798591394188,-6.40462504693581,33.925436242));
#2184=CARTESIAN_POINT('Ctrl Pts',(5.15184626494188,-6.43792511493583,33.863747233));
#2185=CARTESIAN_POINT('Ctrl Pts',(5.16283145194188,-6.46025575093581,33.797888503));
#2186=CARTESIAN_POINT('Ctrl Pts',(4.87408113694188,-5.83619664593581,34.193589017));
#2187=CARTESIAN_POINT('Ctrl Pts',(4.88430423594188,-5.9067659789358,34.20244689));
#2188=CARTESIAN_POINT('Ctrl Pts',(4.89575866694187,-5.9786711159358,34.199127928));
#2189=CARTESIAN_POINT('Ctrl Pts',(4.91977943594188,-6.11688596293579,34.168513947));
#2190=CARTESIAN_POINT('Ctrl Pts',(4.93234006894188,-6.18316435193581,34.141225828));
#2191=CARTESIAN_POINT('Ctrl Pts',(4.95708788094188,-6.3024420319358,34.065820066));
#2192=CARTESIAN_POINT('Ctrl Pts',(4.96926923794188,-6.35541428293578,34.017719471));
#2193=CARTESIAN_POINT('Ctrl Pts',(4.99182400194188,-6.4419326449358,33.906248743));
#2194=CARTESIAN_POINT('Ctrl Pts',(5.00219215694187,-6.4754591209358,33.842903838));
#2195=CARTESIAN_POINT('Ctrl Pts',(5.01104893094188,-6.49732316793582,33.775589439));
#2196=CARTESIAN_POINT('Ctrl Pts',(4.79674504794188,-5.83842816793581,34.186117261));
#2197=CARTESIAN_POINT('Ctrl Pts',(4.79804599194188,-5.91039977693583,34.194241433));
#2198=CARTESIAN_POINT('Ctrl Pts',(4.80060235894188,-5.98375129893583,34.189783522));
#2199=CARTESIAN_POINT('Ctrl Pts',(4.80792236194187,-6.1245035739358,34.156232918));
#2200=CARTESIAN_POINT('Ctrl Pts',(4.81268422594188,-6.19187023093581,34.127148352));
#2201=CARTESIAN_POINT('Ctrl Pts',(4.82384619994188,-6.31258469793579,34.047814525));
#2202=CARTESIAN_POINT('Ctrl Pts',(4.83024360594188,-6.36590326693579,33.997584482));
#2203=CARTESIAN_POINT('Ctrl Pts',(4.84391155594188,-6.45213141893581,33.881963025));
#2204=CARTESIAN_POINT('Ctrl Pts',(4.85117878894188,-6.48502011393582,33.816599619));
#2205=CARTESIAN_POINT('Ctrl Pts',(4.85844778294187,-6.5057306399358,33.747564534));
#2206=CARTESIAN_POINT('Origin',(4.85844778294187,-5.90708921193581,33.567972105));
#2207=CARTESIAN_POINT('Ctrl Pts',(4.85844778294187,6.50573064006419,33.747564534));
#2208=CARTESIAN_POINT('Ctrl Pts',(4.85117878894188,6.48502011406421,33.816599619));
#2209=CARTESIAN_POINT('Ctrl Pts',(4.84391155594188,6.45213141906421,33.881963025));
#2210=CARTESIAN_POINT('Ctrl Pts',(4.83024360594188,6.36590326706418,33.997584482));
#2211=CARTESIAN_POINT('Ctrl Pts',(4.82384619994188,6.31258469806419,34.047814525));
#2212=CARTESIAN_POINT('Ctrl Pts',(4.81268422594188,6.1918702310642,34.127148352));
#2213=CARTESIAN_POINT('Ctrl Pts',(4.80792236194187,6.1245035740642,34.156232918));
#2214=CARTESIAN_POINT('Ctrl Pts',(4.80060235894188,5.98375129906419,34.189783522));
#2215=CARTESIAN_POINT('Ctrl Pts',(4.79804599194188,5.91039977706419,34.194241433));
#2216=CARTESIAN_POINT('Ctrl Pts',(4.79674504794188,5.8384281680642,34.186117261));
#2217=CARTESIAN_POINT('Ctrl Pts',(1.31948259394188,6.60829004506418,33.405699852));
#2218=CARTESIAN_POINT('Ctrl Pts',(1.31701165594188,6.5874298680642,33.475233774));
#2219=CARTESIAN_POINT('Ctrl Pts',(1.31454131894188,6.55437909706421,33.541092123));
#2220=CARTESIAN_POINT('Ctrl Pts',(1.30989606594188,6.46782508406421,33.65762917));
#2221=CARTESIAN_POINT('Ctrl Pts',(1.30772228094188,6.41434285006419,33.708279583));
#2222=CARTESIAN_POINT('Ctrl Pts',(1.30393128994188,6.29332532206419,33.78832344));
#2223=CARTESIAN_POINT('Ctrl Pts',(1.30231500894188,6.2258194020642,33.817697456));
#2224=CARTESIAN_POINT('Ctrl Pts',(1.29983337094188,6.0848376390642,33.851658018));
#2225=CARTESIAN_POINT('Ctrl Pts',(1.29896862094188,6.01139601506421,33.856236321));
#2226=CARTESIAN_POINT('Ctrl Pts',(1.29853143394188,5.93936863406419,33.848140542));
#2227=CARTESIAN_POINT('Ctrl Pts',(-2.21948259405812,6.6082900440642,33.405699852));
#2228=CARTESIAN_POINT('Ctrl Pts',(-2.21701165405813,6.5874298680642,33.475233773));
#2229=CARTESIAN_POINT('Ctrl Pts',(-2.21454131705813,6.55437909906418,33.54109212));
#2230=CARTESIAN_POINT('Ctrl Pts',(-2.20989606005813,6.46782508906419,33.657629165));
#2231=CARTESIAN_POINT('Ctrl Pts',(-2.20772227405812,6.41434285706421,33.708279577));
#2232=CARTESIAN_POINT('Ctrl Pts',(-2.20393128105812,6.29332533306421,33.788323434));
#2233=CARTESIAN_POINT('Ctrl Pts',(-2.20231499805812,6.22581941506418,33.817697451));
#2234=CARTESIAN_POINT('Ctrl Pts',(-2.19983336005812,6.08483765606419,33.851658015));
#2235=CARTESIAN_POINT('Ctrl Pts',(-2.19896860805812,6.0113960340642,33.85623632));
#2236=CARTESIAN_POINT('Ctrl Pts',(-2.19853142105813,5.9393686540642,33.848140544));
#2237=CARTESIAN_POINT('Ctrl Pts',(-5.75844778305812,6.50573064006419,33.747564534));
#2238=CARTESIAN_POINT('Ctrl Pts',(-5.75117878805812,6.4850201150642,33.816599617));
#2239=CARTESIAN_POINT('Ctrl Pts',(-5.74391155305813,6.45213142006419,33.881963022));
#2240=CARTESIAN_POINT('Ctrl Pts',(-5.73024360005812,6.3659032720642,33.997584476));
#2241=CARTESIAN_POINT('Ctrl Pts',(-5.72384619305812,6.3125847050642,34.047814519));
#2242=CARTESIAN_POINT('Ctrl Pts',(-5.71268421705812,6.19187024206418,34.127148346));
#2243=CARTESIAN_POINT('Ctrl Pts',(-5.70792235205813,6.12450358706418,34.156232912));
#2244=CARTESIAN_POINT('Ctrl Pts',(-5.70060234705812,5.98375131606421,34.189783519));
#2245=CARTESIAN_POINT('Ctrl Pts',(-5.69804598005812,5.91039979606421,34.194241432));
#2246=CARTESIAN_POINT('Ctrl Pts',(-5.69674503505813,5.83842818906422,34.186117262));
#2247=CARTESIAN_POINT('Origin',(-5.75844778305812,5.90708921206417,33.567972105));
#2248=CARTESIAN_POINT('Ctrl Pts',(4.79674504794188,-5.83842816793581,34.186117261));
#2249=CARTESIAN_POINT('Ctrl Pts',(4.79804599194188,-5.91039977693583,34.194241433));
#2250=CARTESIAN_POINT('Ctrl Pts',(4.80060235894188,-5.98375129893583,34.189783522));
#2251=CARTESIAN_POINT('Ctrl Pts',(4.80792236194187,-6.1245035739358,34.156232918));
#2252=CARTESIAN_POINT('Ctrl Pts',(4.81268422594188,-6.19187023093581,34.127148352));
#2253=CARTESIAN_POINT('Ctrl Pts',(4.82384619994188,-6.31258469793579,34.047814525));
#2254=CARTESIAN_POINT('Ctrl Pts',(4.83024360594188,-6.36590326693579,33.997584482));
#2255=CARTESIAN_POINT('Ctrl Pts',(4.84391155594188,-6.45213141893581,33.881963025));
#2256=CARTESIAN_POINT('Ctrl Pts',(4.85117878894188,-6.48502011393582,33.816599619));
#2257=CARTESIAN_POINT('Ctrl Pts',(4.85844778294187,-6.5057306399358,33.747564534));
#2258=CARTESIAN_POINT('Ctrl Pts',(1.29853143394188,-5.9393686339358,33.848140542));
#2259=CARTESIAN_POINT('Ctrl Pts',(1.29896862094188,-6.01139601493582,33.856236321));
#2260=CARTESIAN_POINT('Ctrl Pts',(1.29983337094188,-6.08483763893581,33.851658018));
#2261=CARTESIAN_POINT('Ctrl Pts',(1.30231500894188,-6.22581940193584,33.817697456));
#2262=CARTESIAN_POINT('Ctrl Pts',(1.30393128994188,-6.2933253219358,33.78832344));
#2263=CARTESIAN_POINT('Ctrl Pts',(1.30772228094188,-6.41434284993579,33.708279583));
#2264=CARTESIAN_POINT('Ctrl Pts',(1.30989606594188,-6.46782508393581,33.65762917));
#2265=CARTESIAN_POINT('Ctrl Pts',(1.31454131894188,-6.55437909693582,33.541092123));
#2266=CARTESIAN_POINT('Ctrl Pts',(1.31701165594188,-6.5874298679358,33.475233774));
#2267=CARTESIAN_POINT('Ctrl Pts',(1.31948259394188,-6.60829004493579,33.405699852));
#2268=CARTESIAN_POINT('Ctrl Pts',(-2.19853143405813,-5.9393686339358,33.848140542));
#2269=CARTESIAN_POINT('Ctrl Pts',(-2.19896862105812,-6.01139601493582,33.856236321));
#2270=CARTESIAN_POINT('Ctrl Pts',(-2.19983337105812,-6.08483763893581,33.851658018));
#2271=CARTESIAN_POINT('Ctrl Pts',(-2.20231500905812,-6.22581940193584,33.817697456));
#2272=CARTESIAN_POINT('Ctrl Pts',(-2.20393129005812,-6.2933253219358,33.78832344));
#2273=CARTESIAN_POINT('Ctrl Pts',(-2.20772228105812,-6.41434284993579,33.708279583));
#2274=CARTESIAN_POINT('Ctrl Pts',(-2.20989606605813,-6.46782508393581,33.65762917));
#2275=CARTESIAN_POINT('Ctrl Pts',(-2.21454131905813,-6.55437909693582,33.541092123));
#2276=CARTESIAN_POINT('Ctrl Pts',(-2.21701165605813,-6.5874298679358,33.475233774));
#2277=CARTESIAN_POINT('Ctrl Pts',(-2.21948259405812,-6.60829004493579,33.405699852));
#2278=CARTESIAN_POINT('Ctrl Pts',(-5.69674504805812,-5.83842816793581,34.186117261));
#2279=CARTESIAN_POINT('Ctrl Pts',(-5.69804599205812,-5.91039977693583,34.194241433));
#2280=CARTESIAN_POINT('Ctrl Pts',(-5.70060235905812,-5.98375129893583,34.189783522));
#2281=CARTESIAN_POINT('Ctrl Pts',(-5.70792236205813,-6.1245035739358,34.156232918));
#2282=CARTESIAN_POINT('Ctrl Pts',(-5.71268422605812,-6.19187023093581,34.127148352));
#2283=CARTESIAN_POINT('Ctrl Pts',(-5.72384620005812,-6.31258469793579,34.047814525));
#2284=CARTESIAN_POINT('Ctrl Pts',(-5.73024360605813,-6.36590326693579,33.997584482));
#2285=CARTESIAN_POINT('Ctrl Pts',(-5.74391155605813,-6.45213141893581,33.881963025));
#2286=CARTESIAN_POINT('Ctrl Pts',(-5.75117878905812,-6.48502011393582,33.816599619));
#2287=CARTESIAN_POINT('Ctrl Pts',(-5.75844778305812,-6.5057306399358,33.747564534));
#2288=CARTESIAN_POINT('Origin',(-5.75844778305812,-5.90708921193581,33.567972105));
#2289=CARTESIAN_POINT('Ctrl Pts',(-5.75844778305812,6.50573064006419,33.747564534));
#2290=CARTESIAN_POINT('Ctrl Pts',(-5.75117878905812,6.48502011406421,33.816599619));
#2291=CARTESIAN_POINT('Ctrl Pts',(-5.74391155605813,6.45213141906421,33.881963025));
#2292=CARTESIAN_POINT('Ctrl Pts',(-5.73024360605813,6.36590326706418,33.997584482));
#2293=CARTESIAN_POINT('Ctrl Pts',(-5.72384620005812,6.31258469806419,34.047814525));
#2294=CARTESIAN_POINT('Ctrl Pts',(-5.71268422605812,6.1918702310642,34.127148352));
#2295=CARTESIAN_POINT('Ctrl Pts',(-5.70792236205813,6.1245035740642,34.156232918));
#2296=CARTESIAN_POINT('Ctrl Pts',(-5.70060235905812,5.98375129906419,34.189783522));
#2297=CARTESIAN_POINT('Ctrl Pts',(-5.69804599205812,5.91039977706419,34.194241433));
#2298=CARTESIAN_POINT('Ctrl Pts',(-5.69674504805812,5.8384281680642,34.186117261));
#2299=CARTESIAN_POINT('Ctrl Pts',(-5.83473827205812,6.5015274600642,33.761575135));
#2300=CARTESIAN_POINT('Ctrl Pts',(-5.82667549305813,6.48024025006421,33.82974999));
#2301=CARTESIAN_POINT('Ctrl Pts',(-5.81785800405812,6.44703270606417,33.894104279));
#2302=CARTESIAN_POINT('Ctrl Pts',(-5.79974723405812,6.36065946806418,34.007650646));
#2303=CARTESIAN_POINT('Ctrl Pts',(-5.79045823505812,6.30751403606418,34.056816106));
#2304=CARTESIAN_POINT('Ctrl Pts',(-5.77250424005813,6.18751786706419,34.13418616));
#2305=CARTESIAN_POINT('Ctrl Pts',(-5.76384350705812,6.12069527206419,34.162372621));
#2306=CARTESIAN_POINT('Ctrl Pts',(-5.74817422405812,5.98121154306419,34.194455108));
#2307=CARTESIAN_POINT('Ctrl Pts',(-5.74116941305812,5.90858311806418,34.198343619));
#2308=CARTESIAN_POINT('Ctrl Pts',(-5.73540798205812,5.83731255506422,34.189852645));
#2309=CARTESIAN_POINT('Ctrl Pts',(-5.90989494505812,6.49036205806418,33.774012587));
#2310=CARTESIAN_POINT('Ctrl Pts',(-5.90091552505812,6.46866926506419,33.841401673));
#2311=CARTESIAN_POINT('Ctrl Pts',(-5.89047051805812,6.43535549306421,33.904847343));
#2312=CARTESIAN_POINT('Ctrl Pts',(-5.86785568505813,6.34932586406421,34.016539696));
#2313=CARTESIAN_POINT('Ctrl Pts',(-5.85569103905812,6.29662961606417,34.064760924));
#2314=CARTESIAN_POINT('Ctrl Pts',(-5.83105354405812,6.17794745306419,34.140396262));
#2315=CARTESIAN_POINT('Ctrl Pts',(-5.81858634905812,6.1119885870642,34.167793137));
#2316=CARTESIAN_POINT('Ctrl Pts',(-5.79479744505812,5.97443660706421,34.198588277));
#2317=CARTESIAN_POINT('Ctrl Pts',(-5.78348120405812,5.90287484006421,34.201979528));
#2318=CARTESIAN_POINT('Ctrl Pts',(-5.77339836505812,5.83265071806419,34.193169313));
#2319=CARTESIAN_POINT('Ctrl Pts',(-6.05799154905812,6.45441873606419,33.795813111));
#2320=CARTESIAN_POINT('Ctrl Pts',(-6.04703546405812,6.43228023806419,33.861803048));
#2321=CARTESIAN_POINT('Ctrl Pts',(-6.03325542005812,6.39918964606419,33.92364373));
#2322=CARTESIAN_POINT('Ctrl Pts',(-6.00159902505812,6.31482437706421,34.03207519));
#2323=CARTESIAN_POINT('Ctrl Pts',(-5.98372956005812,6.26356798106418,34.078642477));
#2324=CARTESIAN_POINT('Ctrl Pts',(-5.94592115205812,6.14866922006417,34.15124594));
#2325=CARTESIAN_POINT('Ctrl Pts',(-5.92599044005813,6.08505174706419,34.177266389));
#2326=CARTESIAN_POINT('Ctrl Pts',(-5.88632204505812,5.95263124606422,34.205820312));
#2327=CARTESIAN_POINT('Ctrl Pts',(-5.86659300405812,5.88385690306421,34.208347603));
#2328=CARTESIAN_POINT('Ctrl Pts',(-5.84808114105812,5.81638350806418,34.198983463));
#2329=CARTESIAN_POINT('Ctrl Pts',(-6.13160859905812,6.4293213130642,33.805245598));
#2330=CARTESIAN_POINT('Ctrl Pts',(-6.11958142205812,6.4071444360642,33.870617273));
#2331=CARTESIAN_POINT('Ctrl Pts',(-6.10407705405812,6.37438898306417,33.931756187));
#2332=CARTESIAN_POINT('Ctrl Pts',(-6.06783976805812,6.2913629710642,34.038770058));
#2333=CARTESIAN_POINT('Ctrl Pts',(-6.04711454805812,6.24111000806419,34.084622331));
#2334=CARTESIAN_POINT('Ctrl Pts',(-6.00275842005812,6.1287113390642,34.155919085));
#2335=CARTESIAN_POINT('Ctrl Pts',(-5.97913693905813,6.06658945106421,34.181348456));
#2336=CARTESIAN_POINT('Ctrl Pts',(-5.93163746005812,5.9374071250642,34.208941757));
#2337=CARTESIAN_POINT('Ctrl Pts',(-5.90776956005812,5.87037405906418,34.211099841));
#2338=CARTESIAN_POINT('Ctrl Pts',(-5.88511256405812,5.8046253150642,34.201499508));
#2339=CARTESIAN_POINT('Ctrl Pts',(-6.27309225505812,6.36596827606418,33.82043424));
#2340=CARTESIAN_POINT('Ctrl Pts',(-6.25892252805813,6.34410088806423,33.884800465));
#2341=CARTESIAN_POINT('Ctrl Pts',(-6.24003686905812,6.31245739106422,33.944803708));
#2342=CARTESIAN_POINT('Ctrl Pts',(-6.19489852005812,6.23307455206419,34.049529685));
#2343=CARTESIAN_POINT('Ctrl Pts',(-6.16865507805812,6.18535143706421,34.094231007));
#2344=CARTESIAN_POINT('Ctrl Pts',(-6.11168934705812,6.07905412306419,34.163427454));
#2345=CARTESIAN_POINT('Ctrl Pts',(-6.08097873005812,6.02050165006421,34.187908433));
#2346=CARTESIAN_POINT('Ctrl Pts',(-6.01846047405812,5.89898393406418,34.213961921));
#2347=CARTESIAN_POINT('Ctrl Pts',(-5.98666564705812,5.8360435250642,34.215529105));
#2348=CARTESIAN_POINT('Ctrl Pts',(-5.95607378805812,5.77435855006417,34.205551271));
#2349=CARTESIAN_POINT('Ctrl Pts',(-6.34035995505812,6.32814695106422,33.826158503));
#2350=CARTESIAN_POINT('Ctrl Pts',(-6.32512989205812,6.30662173606421,33.89014002));
#2351=CARTESIAN_POINT('Ctrl Pts',(-6.30460318705813,6.2757450330642,33.949711978));
#2352=CARTESIAN_POINT('Ctrl Pts',(-6.25518463605812,6.19863863306421,34.053572712));
#2353=CARTESIAN_POINT('Ctrl Pts',(-6.22630276705813,6.1524244840642,34.097840539));
#2354=CARTESIAN_POINT('Ctrl Pts',(-6.16332908605812,6.04968816206419,34.166247713));
#2355=CARTESIAN_POINT('Ctrl Pts',(-6.12924998905812,5.9931867050642,34.190373262));
#2356=CARTESIAN_POINT('Ctrl Pts',(-6.05960682805812,5.8760470740642,34.21585052));
#2357=CARTESIAN_POINT('Ctrl Pts',(-6.02405682605812,5.81543251906421,34.217197089));
#2358=CARTESIAN_POINT('Ctrl Pts',(-5.98970807305812,5.7560612480642,34.207078578));
#2359=CARTESIAN_POINT('Ctrl Pts',(-6.46801246405813,6.24033017806418,33.833903061));
#2360=CARTESIAN_POINT('Ctrl Pts',(-6.45078052805812,6.21982775706417,33.897362528));
#2361=CARTESIAN_POINT('Ctrl Pts',(-6.42713885705812,6.1908781240642,33.956350115));
#2362=CARTESIAN_POINT('Ctrl Pts',(-6.36957872305813,6.11919655506419,34.059039453));
#2363=CARTESIAN_POINT('Ctrl Pts',(-6.33567166505812,6.07647880806418,34.102720874));
#2364=CARTESIAN_POINT('Ctrl Pts',(-6.26125042705812,5.98188144206421,34.170060829));
#2365=CARTESIAN_POINT('Ctrl Pts',(-6.22075099405813,5.93002054506417,34.193706032));
#2366=CARTESIAN_POINT('Ctrl Pts',(-6.13753050705812,5.82274914606419,34.218404724));
#2367=CARTESIAN_POINT('Ctrl Pts',(-6.09482594305812,5.76735987506421,34.219453324));
#2368=CARTESIAN_POINT('Ctrl Pts',(-6.05332369905812,5.71319405106419,34.209144843));
#2369=CARTESIAN_POINT('Ctrl Pts',(-6.52893045705813,6.1896908700642,33.835901618));
#2370=CARTESIAN_POINT('Ctrl Pts',(-6.51074919005812,6.16987947606422,33.899225156));
#2371=CARTESIAN_POINT('Ctrl Pts',(-6.48562085505812,6.14210608106422,33.958061256));
#2372=CARTESIAN_POINT('Ctrl Pts',(-6.42416537905813,6.07361432906419,34.06044768));
#2373=CARTESIAN_POINT('Ctrl Pts',(-6.38785034705812,6.03290946806421,34.103977829));
#2374=CARTESIAN_POINT('Ctrl Pts',(-6.30794093605812,5.94294787606419,34.17104285));
#2375=CARTESIAN_POINT('Ctrl Pts',(-6.26436230305812,5.89370887106419,34.194564507));
#2376=CARTESIAN_POINT('Ctrl Pts',(-6.17463153405812,5.7919959370642,34.219063126));
#2377=CARTESIAN_POINT('Ctrl Pts',(-6.12849708005812,5.73954204906418,34.22003526));
#2378=CARTESIAN_POINT('Ctrl Pts',(-6.08356780405812,5.6883039050642,34.209678082));
#2379=CARTESIAN_POINT('Ctrl Pts',(-6.63903297505812,6.0796731800642,33.83591811));
#2380=CARTESIAN_POINT('Ctrl Pts',(-6.61923090305812,6.06148046606421,33.899240524));
#2381=CARTESIAN_POINT('Ctrl Pts',(-6.59147303005812,6.03633405306418,33.958075371));
#2382=CARTESIAN_POINT('Ctrl Pts',(-6.52302300405812,5.9748310350642,34.060459289));
#2383=CARTESIAN_POINT('Ctrl Pts',(-6.48234433705813,5.93848655006418,34.103988187));
#2384=CARTESIAN_POINT('Ctrl Pts',(-6.39244290405812,5.85850994306419,34.171050937));
#2385=CARTESIAN_POINT('Ctrl Pts',(-6.34323785105812,5.8148935810642,34.194571576));
#2386=CARTESIAN_POINT('Ctrl Pts',(-6.24159682705812,5.72508303906421,34.219068549));
#2387=CARTESIAN_POINT('Ctrl Pts',(-6.18918088305812,5.67890655606419,34.220040056));
#2388=CARTESIAN_POINT('Ctrl Pts',(-6.13798058205812,5.63393531006419,34.209682483));
#2389=CARTESIAN_POINT('Ctrl Pts',(-6.68866855705812,6.02016726206418,33.833999242));
#2390=CARTESIAN_POINT('Ctrl Pts',(-6.66818740805812,6.00290177806418,33.897452186));
#2391=CARTESIAN_POINT('Ctrl Pts',(-6.63927542505812,5.97920765206421,33.95643249));
#2392=CARTESIAN_POINT('Ctrl Pts',(-6.56769751105812,5.92151013806419,34.059107251));
#2393=CARTESIAN_POINT('Ctrl Pts',(-6.52504574305813,5.8875181790642,34.102781384));
#2394=CARTESIAN_POINT('Ctrl Pts',(-6.43060102005812,5.81290342506421,34.170108088));
#2395=CARTESIAN_POINT('Ctrl Pts',(-6.37882675305812,5.77229541006421,34.193747332));
#2396=CARTESIAN_POINT('Ctrl Pts',(-6.27173927605812,5.6888452830642,34.218436372));
#2397=CARTESIAN_POINT('Ctrl Pts',(-6.21644725505812,5.6460197030642,34.219481282));
#2398=CARTESIAN_POINT('Ctrl Pts',(-6.16237840205812,5.60439648406419,34.209170451));
#2399=CARTESIAN_POINT('Ctrl Pts',(-6.77709117305812,5.89214694606419,33.826300956));
#2400=CARTESIAN_POINT('Ctrl Pts',(-6.75557613305812,5.87688891106421,33.890272917));
#2401=CARTESIAN_POINT('Ctrl Pts',(-6.72472119105812,5.85631876806421,33.949834154));
#2402=CARTESIAN_POINT('Ctrl Pts',(-6.64767856005812,5.80678675006418,34.053673371));
#2403=CARTESIAN_POINT('Ctrl Pts',(-6.60150640205812,5.77783487006418,34.097930411));
#2404=CARTESIAN_POINT('Ctrl Pts',(-6.49886887105812,5.71470168106419,34.166317934));
#2405=CARTESIAN_POINT('Ctrl Pts',(-6.44242418905812,5.6805331120642,34.190434627));
#2406=CARTESIAN_POINT('Ctrl Pts',(-6.32540567305812,5.61070065706421,34.215897511));
#2407=CARTESIAN_POINT('Ctrl Pts',(-6.26485542705812,5.57505086406419,34.217238567));
#2408=CARTESIAN_POINT('Ctrl Pts',(-6.20554817305812,5.54060226306422,34.207116527));
#2409=CARTESIAN_POINT('Ctrl Pts',(-6.81570167605812,5.82353296006421,33.820467641));
#2410=CARTESIAN_POINT('Ctrl Pts',(-6.79383718405812,5.80935591806419,33.884831573));
#2411=CARTESIAN_POINT('Ctrl Pts',(-6.76219947205813,5.79045916006422,33.944832266));
#2412=CARTESIAN_POINT('Ctrl Pts',(-6.68283321905812,5.7452921530642,34.049553155));
#2413=CARTESIAN_POINT('Ctrl Pts',(-6.63512090105812,5.71903115406418,34.094251943));
#2414=CARTESIAN_POINT('Ctrl Pts',(-6.52884881905812,5.66202561906419,34.1634438));
#2415=CARTESIAN_POINT('Ctrl Pts',(-6.47031077405812,5.63129276206418,34.187922725));
#2416=CARTESIAN_POINT('Ctrl Pts',(-6.34882373405813,5.56872758506419,34.21397291));
#2417=CARTESIAN_POINT('Ctrl Pts',(-6.28589956505813,5.53690808806419,34.215538847));
#2418=CARTESIAN_POINT('Ctrl Pts',(-6.22423072305812,5.50629159406419,34.205560238));
#2419=CARTESIAN_POINT('Ctrl Pts',(-6.91025574505812,5.61283144906419,33.7978885));
#2420=CARTESIAN_POINT('Ctrl Pts',(-6.88792510905813,5.60184626206421,33.863747229));
#2421=CARTESIAN_POINT('Ctrl Pts',(-6.85462504105812,5.5879859110642,33.925436238));
#2422=CARTESIAN_POINT('Ctrl Pts',(-6.76981864905812,5.55607590406421,34.033558286));
#2423=CARTESIAN_POINT('Ctrl Pts',(-6.71833058505813,5.5380331960642,34.079968027));
#2424=CARTESIAN_POINT('Ctrl Pts',(-6.60295446305812,5.49980658306421,34.15228209));
#2425=CARTESIAN_POINT('Ctrl Pts',(-6.53909123805812,5.47963101506419,34.178170833));
#2426=CARTESIAN_POINT('Ctrl Pts',(-6.40617012905813,5.43943181106417,34.206510022));
#2427=CARTESIAN_POINT('Ctrl Pts',(-6.33714085005812,5.4194169550642,34.208954369));
#2428=CARTESIAN_POINT('Ctrl Pts',(-6.26940987305812,5.40061686606421,34.199536965));
#2429=CARTESIAN_POINT('Ctrl Pts',(-6.94732316805812,5.46104893106421,33.775589439));
#2430=CARTESIAN_POINT('Ctrl Pts',(-6.92545912105813,5.45219215706421,33.842903838));
#2431=CARTESIAN_POINT('Ctrl Pts',(-6.89193264505812,5.4418240020642,33.906248743));
#2432=CARTESIAN_POINT('Ctrl Pts',(-6.80541428305812,5.41926923806418,34.017719471));
#2433=CARTESIAN_POINT('Ctrl Pts',(-6.75244203205812,5.40708788106418,34.065820066));
#2434=CARTESIAN_POINT('Ctrl Pts',(-6.63316435205812,5.38234006906421,34.141225828));
#2435=CARTESIAN_POINT('Ctrl Pts',(-6.56688596305812,5.3697794360642,34.168513947));
#2436=CARTESIAN_POINT('Ctrl Pts',(-6.42867111605812,5.34575866706422,34.199127928));
#2437=CARTESIAN_POINT('Ctrl Pts',(-6.35676597905813,5.33430423606422,34.20244689));
#2438=CARTESIAN_POINT('Ctrl Pts',(-6.28619664605812,5.3240811370642,34.193589017));
#2439=CARTESIAN_POINT('Ctrl Pts',(-6.95573064005812,5.3084477830642,33.747564534));
#2440=CARTESIAN_POINT('Ctrl Pts',(-6.93502011405812,5.3011787890642,33.816599619));
#2441=CARTESIAN_POINT('Ctrl Pts',(-6.90213141905812,5.29391155606422,33.881963025));
#2442=CARTESIAN_POINT('Ctrl Pts',(-6.81590326705812,5.2802436060642,33.997584482));
#2443=CARTESIAN_POINT('Ctrl Pts',(-6.76258469805812,5.27384620006419,34.047814525));
#2444=CARTESIAN_POINT('Ctrl Pts',(-6.64187023105812,5.26268422606421,34.127148352));
#2445=CARTESIAN_POINT('Ctrl Pts',(-6.57450357405812,5.25792236206417,34.156232918));
#2446=CARTESIAN_POINT('Ctrl Pts',(-6.43375129905813,5.2506023590642,34.189783522));
#2447=CARTESIAN_POINT('Ctrl Pts',(-6.36039977705812,5.24804599206419,34.194241433));
#2448=CARTESIAN_POINT('Ctrl Pts',(-6.28842816805812,5.2467450480642,34.186117261));
#2449=CARTESIAN_POINT('Origin',(-6.35708921205813,5.3084477830642,33.567972105));
#2450=CARTESIAN_POINT('Ctrl Pts',(-6.95573064005812,-5.30844778293581,33.747564534));
#2451=CARTESIAN_POINT('Ctrl Pts',(-6.93502011405812,-5.30117878893581,33.816599619));
#2452=CARTESIAN_POINT('Ctrl Pts',(-6.90213141905812,-5.29391155593583,33.881963025));
#2453=CARTESIAN_POINT('Ctrl Pts',(-6.81590326705812,-5.2802436059358,33.997584482));
#2454=CARTESIAN_POINT('Ctrl Pts',(-6.76258469805812,-5.27384619993583,34.047814525));
#2455=CARTESIAN_POINT('Ctrl Pts',(-6.64187023105812,-5.26268422593581,34.127148352));
#2456=CARTESIAN_POINT('Ctrl Pts',(-6.57450357405812,-5.25792236193581,34.156232918));
#2457=CARTESIAN_POINT('Ctrl Pts',(-6.43375129905813,-5.2506023589358,34.189783522));
#2458=CARTESIAN_POINT('Ctrl Pts',(-6.36039977705812,-5.2480459919358,34.194241433));
#2459=CARTESIAN_POINT('Ctrl Pts',(-6.28842816805812,-5.2467450479358,34.186117261));
#2460=CARTESIAN_POINT('Ctrl Pts',(-6.95152746005812,-5.38473827193581,33.761575135));
#2461=CARTESIAN_POINT('Ctrl Pts',(-6.93024025005812,-5.3766754929358,33.82974999));
#2462=CARTESIAN_POINT('Ctrl Pts',(-6.89703270605813,-5.36785800393581,33.894104279));
#2463=CARTESIAN_POINT('Ctrl Pts',(-6.81065946805812,-5.34974723393582,34.007650646));
#2464=CARTESIAN_POINT('Ctrl Pts',(-6.75751403605812,-5.34045823493582,34.056816106));
#2465=CARTESIAN_POINT('Ctrl Pts',(-6.63751786705812,-5.32250423993581,34.13418616));
#2466=CARTESIAN_POINT('Ctrl Pts',(-6.57069527205813,-5.31384350693582,34.162372621));
#2467=CARTESIAN_POINT('Ctrl Pts',(-6.43121154305812,-5.29817422393581,34.194455108));
#2468=CARTESIAN_POINT('Ctrl Pts',(-6.35858311805813,-5.2911694129358,34.198343619));
#2469=CARTESIAN_POINT('Ctrl Pts',(-6.28731255505813,-5.28540798193582,34.189852645));
#2470=CARTESIAN_POINT('Ctrl Pts',(-6.94036204605812,-5.45989494493583,33.774012623));
#2471=CARTESIAN_POINT('Ctrl Pts',(-6.91866920805813,-5.4509156819358,33.841401773));
#2472=CARTESIAN_POINT('Ctrl Pts',(-6.88535537305813,-5.44047082993583,33.904847499));
#2473=CARTESIAN_POINT('Ctrl Pts',(-6.79932559505812,-5.41785628393583,34.016539935));
#2474=CARTESIAN_POINT('Ctrl Pts',(-6.74662926205813,-5.40569177193582,34.064761188));
#2475=CARTESIAN_POINT('Ctrl Pts',(-6.62794692605812,-5.38105450993584,34.140396536));
#2476=CARTESIAN_POINT('Ctrl Pts',(-6.56198797205812,-5.36858741493582,34.167793394));
#2477=CARTESIAN_POINT('Ctrl Pts',(-6.42443583505812,-5.34479866593582,34.198588455));
#2478=CARTESIAN_POINT('Ctrl Pts',(-6.35287399905812,-5.3334824799358,34.201979643));
#2479=CARTESIAN_POINT('Ctrl Pts',(-6.28264982805812,-5.32339967393582,34.193169347));
#2480=CARTESIAN_POINT('Ctrl Pts',(-6.90441872205812,-5.6079915489358,33.795813148));
#2481=CARTESIAN_POINT('Ctrl Pts',(-6.88228016005812,-5.5970356239358,33.861803132));
#2482=CARTESIAN_POINT('Ctrl Pts',(-6.84918949305812,-5.58325573593581,33.923643855));
#2483=CARTESIAN_POINT('Ctrl Pts',(-6.76482406305813,-5.5515996309358,34.032075375));
#2484=CARTESIAN_POINT('Ctrl Pts',(-6.71356758005813,-5.5337302999358,34.07864268));
#2485=CARTESIAN_POINT('Ctrl Pts',(-6.59866865105812,-5.49592212493579,34.151246149));
#2486=CARTESIAN_POINT('Ctrl Pts',(-6.53505109705812,-5.47599151093578,34.177266586));
#2487=CARTESIAN_POINT('Ctrl Pts',(-6.40263045505812,-5.43632326893583,34.205820451));
#2488=CARTESIAN_POINT('Ctrl Pts',(-6.33385605205813,-5.41659428193583,34.208347697));
#2489=CARTESIAN_POINT('Ctrl Pts',(-6.26638261705812,-5.3980824499358,34.198983499));
#2490=CARTESIAN_POINT('Ctrl Pts',(-6.87932131205812,-5.68160859893581,33.805245602));
#2491=CARTESIAN_POINT('Ctrl Pts',(-6.85714442705812,-5.66958143893583,33.870617281));
#2492=CARTESIAN_POINT('Ctrl Pts',(-6.82438896505813,-5.65407708793582,33.931756199));
#2493=CARTESIAN_POINT('Ctrl Pts',(-6.74136293505812,-5.61783983193578,34.038770075));
#2494=CARTESIAN_POINT('Ctrl Pts',(-6.69110996205812,-5.59711462693581,34.08462235));
#2495=CARTESIAN_POINT('Ctrl Pts',(-6.57871127505813,-5.55275852393581,34.155919105));
#2496=CARTESIAN_POINT('Ctrl Pts',(-6.51658937905812,-5.52913705393578,34.181348474));
#2497=CARTESIAN_POINT('Ctrl Pts',(-6.38740703805813,-5.48163759093583,34.20894177));
#2498=CARTESIAN_POINT('Ctrl Pts',(-6.32037396605812,-5.45776969693581,34.21109985));
#2499=CARTESIAN_POINT('Ctrl Pts',(-6.25462521805812,-5.4351127039358,34.201499511));
#2500=CARTESIAN_POINT('Ctrl Pts',(-6.81596827405813,-5.8230922539358,33.820434244));
#2501=CARTESIAN_POINT('Ctrl Pts',(-6.79410087705813,-5.80892254393582,33.884800471));
#2502=CARTESIAN_POINT('Ctrl Pts',(-6.76245737005812,-5.79003690093582,33.944803716));
#2503=CARTESIAN_POINT('Ctrl Pts',(-6.68307451105812,-5.7448985839358,34.049529695));
#2504=CARTESIAN_POINT('Ctrl Pts',(-6.63535138605812,-5.71865515593583,34.094231019));
#2505=CARTESIAN_POINT('Ctrl Pts',(-6.52905405505812,-5.66168944993581,34.163427466));
#2506=CARTESIAN_POINT('Ctrl Pts',(-6.47050157505813,-5.63097884393581,34.187908444));
#2507=CARTESIAN_POINT('Ctrl Pts',(-6.34898384505812,-5.56846060493584,34.213961929));
#2508=CARTESIAN_POINT('Ctrl Pts',(-6.28604343205812,-5.53666578393582,34.215529112));
#2509=CARTESIAN_POINT('Ctrl Pts',(-6.22435845405812,-5.5060739279358,34.205551275));
#2510=CARTESIAN_POINT('Ctrl Pts',(-6.77814694505812,-5.89035995193584,33.826158521));
#2511=CARTESIAN_POINT('Ctrl Pts',(-6.75662168305812,-5.87512996193581,33.890140044));
#2512=CARTESIAN_POINT('Ctrl Pts',(-6.72574493305813,-5.85460332793581,33.949712007));
#2513=CARTESIAN_POINT('Ctrl Pts',(-6.64863844205812,-5.8051849119358,34.053572748));
#2514=CARTESIAN_POINT('Ctrl Pts',(-6.60242425005813,-5.7763031059358,34.097840576));
#2515=CARTESIAN_POINT('Ctrl Pts',(-6.49968785005812,-5.71332953593583,34.166247751));
#2516=CARTESIAN_POINT('Ctrl Pts',(-6.44318635905812,-5.67925048693581,34.190373299));
#2517=CARTESIAN_POINT('Ctrl Pts',(-6.32604667205813,-5.60960740193579,34.21585055));
#2518=CARTESIAN_POINT('Ctrl Pts',(-6.26543209605812,-5.57405742793581,34.217197114));
#2519=CARTESIAN_POINT('Ctrl Pts',(-6.20606081205812,-5.53970868993581,34.207078595));
#2520=CARTESIAN_POINT('Ctrl Pts',(-6.69033017005812,-6.01801246093583,33.83390308));
#2521=CARTESIAN_POINT('Ctrl Pts',(-6.66982769705812,-6.00078059193581,33.897362543));
#2522=CARTESIAN_POINT('Ctrl Pts',(-6.64087801205813,-5.97713898993579,33.956350127));
#2523=CARTESIAN_POINT('Ctrl Pts',(-6.56919634805812,-5.91957898793581,34.059039461));
#2524=CARTESIAN_POINT('Ctrl Pts',(-6.52647855705812,-5.8856719919358,34.10272088));
#2525=CARTESIAN_POINT('Ctrl Pts',(-6.43188111505812,-5.81125086693582,34.170060834));
#2526=CARTESIAN_POINT('Ctrl Pts',(-6.38002018605813,-5.77075148293581,34.193706038));
#2527=CARTESIAN_POINT('Ctrl Pts',(-6.27274873805812,-5.68753107593579,34.218404734));
#2528=CARTESIAN_POINT('Ctrl Pts',(-6.21735944905812,-5.64482654193583,34.219453338));
#2529=CARTESIAN_POINT('Ctrl Pts',(-6.16319361505812,-5.60332431593579,34.209144861));
#2530=CARTESIAN_POINT('Ctrl Pts',(-6.63969086905813,-6.07893045593581,33.83590162));
#2531=CARTESIAN_POINT('Ctrl Pts',(-6.61987948605812,-6.06074917793581,33.899225156));
#2532=CARTESIAN_POINT('Ctrl Pts',(-6.59210610205812,-6.03562083293582,33.958061254));
#2533=CARTESIAN_POINT('Ctrl Pts',(-6.52361437205812,-5.97416533693579,34.060447675));
#2534=CARTESIAN_POINT('Ctrl Pts',(-6.48290952205813,-5.93785029693581,34.103977823));
#2535=CARTESIAN_POINT('Ctrl Pts',(-6.39294794905812,-5.85794087093582,34.171042843));
#2536=CARTESIAN_POINT('Ctrl Pts',(-6.34370895405812,-5.81436223193581,34.194564501));
#2537=CARTESIAN_POINT('Ctrl Pts',(-6.24199603405812,-5.72463145393581,34.219063123));
#2538=CARTESIAN_POINT('Ctrl Pts',(-6.18954215205812,-5.67849699693582,34.220035259));
#2539=CARTESIAN_POINT('Ctrl Pts',(-6.13830401205812,-5.63356771893581,34.209678084));
#2540=CARTESIAN_POINT('Ctrl Pts',(-6.52967317905813,-6.18903297393583,33.835918112));
#2541=CARTESIAN_POINT('Ctrl Pts',(-6.51148047805812,-6.1692308919358,33.899240525));
#2542=CARTESIAN_POINT('Ctrl Pts',(-6.48633407605812,-6.14147300893581,33.958075372));
#2543=CARTESIAN_POINT('Ctrl Pts',(-6.42483108105812,-6.07302296393581,34.060459289));
#2544=CARTESIAN_POINT('Ctrl Pts',(-6.38848660605813,-6.03234428893582,34.103988187));
#2545=CARTESIAN_POINT('Ctrl Pts',(-6.30851001905813,-5.9424428409358,34.171050937));
#2546=CARTESIAN_POINT('Ctrl Pts',(-6.26489366605812,-5.89323778193581,34.194571575));
#2547=CARTESIAN_POINT('Ctrl Pts',(-6.17508313805812,-5.7915967479358,34.219068549));
#2548=CARTESIAN_POINT('Ctrl Pts',(-6.12890665905812,-5.73918080093581,34.220040057));
#2549=CARTESIAN_POINT('Ctrl Pts',(-6.08393541705813,-5.68798049793582,34.209682485));
#2550=CARTESIAN_POINT('Ctrl Pts',(-6.47016726105812,-6.2386685559358,33.833999245));
#2551=CARTESIAN_POINT('Ctrl Pts',(-6.45290179705813,-6.2181873909358,33.89745219));
#2552=CARTESIAN_POINT('Ctrl Pts',(-6.42920769105813,-6.18927539193582,33.956432494));
#2553=CARTESIAN_POINT('Ctrl Pts',(-6.37151021505812,-6.11769744693582,34.059107256));
#2554=CARTESIAN_POINT('Ctrl Pts',(-6.33751827405812,-6.07504566493581,34.102781389));
#2555=CARTESIAN_POINT('Ctrl Pts',(-6.26290355105812,-5.98060091593581,34.170108093));
#2556=CARTESIAN_POINT('Ctrl Pts',(-6.22229555005812,-5.92882663793581,34.193747336));
#2557=CARTESIAN_POINT('Ctrl Pts',(-6.13884544505812,-5.8217391429358,34.218436376));
#2558=CARTESIAN_POINT('Ctrl Pts',(-6.09601987205812,-5.76644711493582,34.219481285));
#2559=CARTESIAN_POINT('Ctrl Pts',(-6.05439665805812,-5.71237825893579,34.209170454));
#2560=CARTESIAN_POINT('Ctrl Pts',(-6.34214694605812,-6.32709117193581,33.826300959));
#2561=CARTESIAN_POINT('Ctrl Pts',(-6.32688893105812,-6.30557611793581,33.890272923));
#2562=CARTESIAN_POINT('Ctrl Pts',(-6.30631880905812,-6.27472116093582,33.949834163));
#2563=CARTESIAN_POINT('Ctrl Pts',(-6.25678683005812,-6.19767850093581,34.053673384));
#2564=CARTESIAN_POINT('Ctrl Pts',(-6.22783496805812,-6.15150632893581,34.097930425));
#2565=CARTESIAN_POINT('Ctrl Pts',(-6.16470180905812,-6.04886877193579,34.166317948));
#2566=CARTESIAN_POINT('Ctrl Pts',(-6.13053325405812,-5.99242407893581,34.190434641));
#2567=CARTESIAN_POINT('Ctrl Pts',(-6.06070082005812,-5.87540554293582,34.21589752));
#2568=CARTESIAN_POINT('Ctrl Pts',(-6.02505103505812,-5.8148552889358,34.217238574));
#2569=CARTESIAN_POINT('Ctrl Pts',(-5.99060243805812,-5.7555480299358,34.20711653));
#2570=CARTESIAN_POINT('Ctrl Pts',(-6.27353295705813,-6.36570166493581,33.820467667));
#2571=CARTESIAN_POINT('Ctrl Pts',(-6.25935601805812,-6.34383711393582,33.884831612));
#2572=CARTESIAN_POINT('Ctrl Pts',(-6.24045936205813,-6.31219934093579,33.944832315));
#2573=CARTESIAN_POINT('Ctrl Pts',(-6.19529254405812,-6.23283296993581,34.049553219));
#2574=CARTESIAN_POINT('Ctrl Pts',(-6.16903163405813,-6.18512059393581,34.094252012));
#2575=CARTESIAN_POINT('Ctrl Pts',(-6.11202625405812,-6.07884840793581,34.16344387));
#2576=CARTESIAN_POINT('Ctrl Pts',(-6.08129346305812,-6.02031031593583,34.187922791));
#2577=CARTESIAN_POINT('Ctrl Pts',(-6.01872839105812,-5.89882319993581,34.213972962));
#2578=CARTESIAN_POINT('Ctrl Pts',(-5.98690893105812,-5.8358990019358,34.215538888));
#2579=CARTESIAN_POINT('Ctrl Pts',(-5.95629245905812,-5.77423014093583,34.205560264));
#2580=CARTESIAN_POINT('Ctrl Pts',(-6.06283144705813,-6.4602557359358,33.797888526));
#2581=CARTESIAN_POINT('Ctrl Pts',(-6.05184636705812,-6.43792505693582,33.863747285));
#2582=CARTESIAN_POINT('Ctrl Pts',(-6.03798612005812,-6.40462493993581,33.92543632));
#2583=CARTESIAN_POINT('Ctrl Pts',(-6.00607630605813,-6.3198184409358,34.033558407));
#2584=CARTESIAN_POINT('Ctrl Pts',(-5.98803368605812,-6.26833032093582,34.07996816));
#2585=CARTESIAN_POINT('Ctrl Pts',(-5.94980722705813,-6.15295408993582,34.152282226));
#2586=CARTESIAN_POINT('Ctrl Pts',(-5.92963172405812,-6.0890908119358,34.178170961));
#2587=CARTESIAN_POINT('Ctrl Pts',(-5.88943262105813,-5.95616961193581,34.206510114));
#2588=CARTESIAN_POINT('Ctrl Pts',(-5.86941780005812,-5.8871402949358,34.208954432));
#2589=CARTESIAN_POINT('Ctrl Pts',(-5.85061773105812,-5.81940929193578,34.19953699));
#2590=CARTESIAN_POINT('Ctrl Pts',(-5.91104893105812,-6.49732316793582,33.775589439));
#2591=CARTESIAN_POINT('Ctrl Pts',(-5.90219215705812,-6.4754591209358,33.842903838));
#2592=CARTESIAN_POINT('Ctrl Pts',(-5.89182400205812,-6.4419326449358,33.906248743));
#2593=CARTESIAN_POINT('Ctrl Pts',(-5.86926923805812,-6.35541428293578,34.017719471));
#2594=CARTESIAN_POINT('Ctrl Pts',(-5.85708788105813,-6.3024420319358,34.065820066));
#2595=CARTESIAN_POINT('Ctrl Pts',(-5.83234006905812,-6.18316435193581,34.141225828));
#2596=CARTESIAN_POINT('Ctrl Pts',(-5.81977943605812,-6.11688596293579,34.168513947));
#2597=CARTESIAN_POINT('Ctrl Pts',(-5.79575866705813,-5.9786711159358,34.199127928));
#2598=CARTESIAN_POINT('Ctrl Pts',(-5.78430423605812,-5.9067659789358,34.20244689));
#2599=CARTESIAN_POINT('Ctrl Pts',(-5.77408113705812,-5.83619664593581,34.193589017));
#2600=CARTESIAN_POINT('Ctrl Pts',(-5.75844778305812,-6.5057306399358,33.747564534));
#2601=CARTESIAN_POINT('Ctrl Pts',(-5.75117878905812,-6.48502011393582,33.816599619));
#2602=CARTESIAN_POINT('Ctrl Pts',(-5.74391155605813,-6.45213141893581,33.881963025));
#2603=CARTESIAN_POINT('Ctrl Pts',(-5.73024360605813,-6.36590326693579,33.997584482));
#2604=CARTESIAN_POINT('Ctrl Pts',(-5.72384620005812,-6.31258469793579,34.047814525));
#2605=CARTESIAN_POINT('Ctrl Pts',(-5.71268422605812,-6.19187023093581,34.127148352));
#2606=CARTESIAN_POINT('Ctrl Pts',(-5.70792236205813,-6.1245035739358,34.156232918));
#2607=CARTESIAN_POINT('Ctrl Pts',(-5.70060235905812,-5.98375129893583,34.189783522));
#2608=CARTESIAN_POINT('Ctrl Pts',(-5.69804599205812,-5.91039977693583,34.194241433));
#2609=CARTESIAN_POINT('Ctrl Pts',(-5.69674504805812,-5.83842816793581,34.186117261));
#2610=CARTESIAN_POINT('Origin',(-6.35708921205813,-5.30844778293581,33.567972105));
#2611=CARTESIAN_POINT('Ctrl Pts',(-6.95573064005812,5.3084477830642,33.747564534));
#2612=CARTESIAN_POINT('Ctrl Pts',(-6.93502011405812,5.3011787890642,33.816599619));
#2613=CARTESIAN_POINT('Ctrl Pts',(-6.90213141905812,5.29391155606422,33.881963025));
#2614=CARTESIAN_POINT('Ctrl Pts',(-6.81590326705812,5.2802436060642,33.997584482));
#2615=CARTESIAN_POINT('Ctrl Pts',(-6.76258469805812,5.27384620006419,34.047814525));
#2616=CARTESIAN_POINT('Ctrl Pts',(-6.64187023105812,5.26268422606421,34.127148352));
#2617=CARTESIAN_POINT('Ctrl Pts',(-6.57450357405812,5.25792236206417,34.156232918));
#2618=CARTESIAN_POINT('Ctrl Pts',(-6.43375129905813,5.2506023590642,34.189783522));
#2619=CARTESIAN_POINT('Ctrl Pts',(-6.36039977705812,5.24804599206419,34.194241433));
#2620=CARTESIAN_POINT('Ctrl Pts',(-6.28842816805812,5.2467450480642,34.186117261));
#2621=CARTESIAN_POINT('Ctrl Pts',(-7.05829004505813,1.76948259406419,33.405699852));
#2622=CARTESIAN_POINT('Ctrl Pts',(-7.03742986805812,1.76701165606417,33.475233774));
#2623=CARTESIAN_POINT('Ctrl Pts',(-7.00437909705812,1.76454131906418,33.541092123));
#2624=CARTESIAN_POINT('Ctrl Pts',(-6.91782508405812,1.75989606606421,33.65762917));
#2625=CARTESIAN_POINT('Ctrl Pts',(-6.86434285005812,1.75772228106421,33.708279583));
#2626=CARTESIAN_POINT('Ctrl Pts',(-6.74332532205812,1.75393129006419,33.78832344));
#2627=CARTESIAN_POINT('Ctrl Pts',(-6.67581940205813,1.7523150090642,33.817697456));
#2628=CARTESIAN_POINT('Ctrl Pts',(-6.53483763905812,1.74983337106418,33.851658018));
#2629=CARTESIAN_POINT('Ctrl Pts',(-6.46139601505813,1.74896862106419,33.856236321));
#2630=CARTESIAN_POINT('Ctrl Pts',(-6.38936863405812,1.7485314340642,33.848140542));
#2631=CARTESIAN_POINT('Ctrl Pts',(-7.05829004505813,-1.76948259393583,33.405699852));
#2632=CARTESIAN_POINT('Ctrl Pts',(-7.03742986805812,-1.76701165593581,33.475233774));
#2633=CARTESIAN_POINT('Ctrl Pts',(-7.00437909705812,-1.76454131893578,33.541092123));
#2634=CARTESIAN_POINT('Ctrl Pts',(-6.91782508405812,-1.75989606593582,33.65762917));
#2635=CARTESIAN_POINT('Ctrl Pts',(-6.86434285005812,-1.75772228093582,33.708279583));
#2636=CARTESIAN_POINT('Ctrl Pts',(-6.74332532205812,-1.7539312899358,33.78832344));
#2637=CARTESIAN_POINT('Ctrl Pts',(-6.67581940205813,-1.75231500893581,33.817697456));
#2638=CARTESIAN_POINT('Ctrl Pts',(-6.53483763905812,-1.74983337093579,33.851658018));
#2639=CARTESIAN_POINT('Ctrl Pts',(-6.46139601505813,-1.74896862093579,33.856236321));
#2640=CARTESIAN_POINT('Ctrl Pts',(-6.38936863405812,-1.7485314339358,33.848140542));
#2641=CARTESIAN_POINT('Ctrl Pts',(-6.95573064005812,-5.30844778293581,33.747564534));
#2642=CARTESIAN_POINT('Ctrl Pts',(-6.93502011405812,-5.30117878893581,33.816599619));
#2643=CARTESIAN_POINT('Ctrl Pts',(-6.90213141905812,-5.29391155593583,33.881963025));
#2644=CARTESIAN_POINT('Ctrl Pts',(-6.81590326705812,-5.2802436059358,33.997584482));
#2645=CARTESIAN_POINT('Ctrl Pts',(-6.76258469805812,-5.27384619993583,34.047814525));
#2646=CARTESIAN_POINT('Ctrl Pts',(-6.64187023105812,-5.26268422593581,34.127148352));
#2647=CARTESIAN_POINT('Ctrl Pts',(-6.57450357405812,-5.25792236193581,34.156232918));
#2648=CARTESIAN_POINT('Ctrl Pts',(-6.43375129905813,-5.2506023589358,34.189783522));
#2649=CARTESIAN_POINT('Ctrl Pts',(-6.36039977705812,-5.2480459919358,34.194241433));
#2650=CARTESIAN_POINT('Ctrl Pts',(-6.28842816805812,-5.2467450479358,34.186117261));
#2651=CARTESIAN_POINT('Origin',(-7.33673161605812,6.8867316160642,28.390048712));
#2652=CARTESIAN_POINT('Origin',(2.54039015294188,2.9903901530642,38.780292614));
#2653=CARTESIAN_POINT('Origin',(2.48551210394188,-2.93551210393581,38.926634078));
#2654=CARTESIAN_POINT('Origin',(-7.39160966505812,-6.9416096649358,28.243707249));
#2655=UNCERTAINTY_MEASURE_WITH_UNIT(LENGTH_MEASURE(0.01),#2659,
'DISTANCE_ACCURACY_VALUE',
'Maximum model space distance between geometric entities at asserted c
onnectivities');
#2656=UNCERTAINTY_MEASURE_WITH_UNIT(LENGTH_MEASURE(0.01),#2659,
'DISTANCE_ACCURACY_VALUE',
'Maximum model space distance between geometric entities at asserted c
onnectivities');
#2657=(
GEOMETRIC_REPRESENTATION_CONTEXT(3)
GLOBAL_UNCERTAINTY_ASSIGNED_CONTEXT((#2655))
GLOBAL_UNIT_ASSIGNED_CONTEXT((#2659,#2661,#2662))
REPRESENTATION_CONTEXT('','3D')
);
#2658=(
GEOMETRIC_REPRESENTATION_CONTEXT(3)
GLOBAL_UNCERTAINTY_ASSIGNED_CONTEXT((#2656))
GLOBAL_UNIT_ASSIGNED_CONTEXT((#2659,#2661,#2662))
REPRESENTATION_CONTEXT('','3D')
);
#2659=(
LENGTH_UNIT()
NAMED_UNIT(*)
SI_UNIT(.MILLI.,.METRE.)
);
#2660=(
LENGTH_UNIT()
NAMED_UNIT(*)
SI_UNIT($,.METRE.)
);
#2661=(
NAMED_UNIT(*)
PLANE_ANGLE_UNIT()
SI_UNIT($,.RADIAN.)
);
#2662=(
NAMED_UNIT(*)
SI_UNIT($,.STERADIAN.)
SOLID_ANGLE_UNIT()
);
#2663=SHAPE_DEFINITION_REPRESENTATION(#2664,#2665);
#2664=PRODUCT_DEFINITION_SHAPE('',$,#2667);
#2665=SHAPE_REPRESENTATION('',(#980),#2657);
#2666=PRODUCT_DEFINITION_CONTEXT('part definition',#2671,'design');
#2667=PRODUCT_DEFINITION('2026-08-24-18-19-28-915','YouTube Controller',
#2668,#2666);
#2668=PRODUCT_DEFINITION_FORMATION('',$,#2673);
#2669=PRODUCT_RELATED_PRODUCT_CATEGORY('YouTube Controller',
'YouTube Controller',(#2673));
#2670=APPLICATION_PROTOCOL_DEFINITION('international standard',
'automotive_design',2009,#2671);
#2671=APPLICATION_CONTEXT(
'Core Data for Automotive Mechanical Design Process');
#2672=PRODUCT_CONTEXT('part definition',#2671,'mechanical');
#2673=PRODUCT('2026-08-24-18-19-28-915','YouTube Controller',$,(#2672));
#2674=PRESENTATION_STYLE_ASSIGNMENT((#2686));
#2675=PRESENTATION_STYLE_ASSIGNMENT((#2687));
#2676=PRESENTATION_STYLE_ASSIGNMENT((#2688));
#2677=PRESENTATION_STYLE_ASSIGNMENT((#2689));
#2678=PRESENTATION_STYLE_ASSIGNMENT((#2690));
#2679=PRESENTATION_STYLE_ASSIGNMENT((#2691));
#2680=PRESENTATION_STYLE_ASSIGNMENT((#2692));
#2681=PRESENTATION_STYLE_ASSIGNMENT((#2693));
#2682=PRESENTATION_STYLE_ASSIGNMENT((#2694));
#2683=PRESENTATION_STYLE_ASSIGNMENT((#2695));
#2684=PRESENTATION_STYLE_ASSIGNMENT((#2696));
#2685=PRESENTATION_STYLE_ASSIGNMENT((#2697));
#2686=SURFACE_STYLE_USAGE(.BOTH.,#2698);
#2687=SURFACE_STYLE_USAGE(.BOTH.,#2699);
#2688=SURFACE_STYLE_USAGE(.BOTH.,#2700);
#2689=SURFACE_STYLE_USAGE(.BOTH.,#2701);
#2690=SURFACE_STYLE_USAGE(.BOTH.,#2702);
#2691=SURFACE_STYLE_USAGE(.BOTH.,#2703);
#2692=SURFACE_STYLE_USAGE(.BOTH.,#2704);
#2693=SURFACE_STYLE_USAGE(.BOTH.,#2705);
#2694=SURFACE_STYLE_USAGE(.BOTH.,#2706);
#2695=SURFACE_STYLE_USAGE(.BOTH.,#2707);
#2696=SURFACE_STYLE_USAGE(.BOTH.,#2708);
#2697=SURFACE_STYLE_USAGE(.BOTH.,#2709);
#2698=SURFACE_SIDE_STYLE('',(#2710));
#2699=SURFACE_SIDE_STYLE('',(#2711));
#2700=SURFACE_SIDE_STYLE('',(#2712));
#2701=SURFACE_SIDE_STYLE('',(#2713));
#2702=SURFACE_SIDE_STYLE('',(#2714));
#2703=SURFACE_SIDE_STYLE('',(#2715));
#2704=SURFACE_SIDE_STYLE('',(#2716));
#2705=SURFACE_SIDE_STYLE('',(#2717));
#2706=SURFACE_SIDE_STYLE('',(#2718));
#2707=SURFACE_SIDE_STYLE('',(#2719));
#2708=SURFACE_SIDE_STYLE('',(#2720));
#2709=SURFACE_SIDE_STYLE('',(#2721));
#2710=SURFACE_STYLE_FILL_AREA(#2722);
#2711=SURFACE_STYLE_FILL_AREA(#2723);
#2712=SURFACE_STYLE_FILL_AREA(#2724);
#2713=SURFACE_STYLE_FILL_AREA(#2725);
#2714=SURFACE_STYLE_FILL_AREA(#2726);
#2715=SURFACE_STYLE_FILL_AREA(#2727);
#2716=SURFACE_STYLE_FILL_AREA(#2728);
#2717=SURFACE_STYLE_FILL_AREA(#2729);
#2718=SURFACE_STYLE_FILL_AREA(#2730);
#2719=SURFACE_STYLE_FILL_AREA(#2731);
#2720=SURFACE_STYLE_FILL_AREA(#2732);
#2721=SURFACE_STYLE_FILL_AREA(#2733);
#2722=FILL_AREA_STYLE('Steel - Satin',(#2734));
#2723=FILL_AREA_STYLE('Paint - Enamel Glossy (Black)',(#2735));
#2724=FILL_AREA_STYLE('Gold - Polished',(#2736));
#2725=FILL_AREA_STYLE('Paint - Enamel Glossy (White)',(#2737));
#2726=FILL_AREA_STYLE('Opaque(247,224,153)',(#2738));
#2727=FILL_AREA_STYLE('ABS (White)',(#2739));
#2728=FILL_AREA_STYLE('Opaque(219,188,126)',(#2740));
#2729=FILL_AREA_STYLE('Opaque(25,25,25)',(#2741));
#2730=FILL_AREA_STYLE('Opaque(136,60,0)',(#2742));
#2731=FILL_AREA_STYLE('Opaque(255,255,255)',(#2743));
#2732=FILL_AREA_STYLE('ABS (White)',(#2744));
#2733=FILL_AREA_STYLE('ABS (White)',(#2745));
#2734=FILL_AREA_STYLE_COLOUR('Steel - Satin',#2746);
#2735=FILL_AREA_STYLE_COLOUR('Paint - Enamel Glossy (Black)',#2747);
#2736=FILL_AREA_STYLE_COLOUR('Gold - Polished',#2748);
#2737=FILL_AREA_STYLE_COLOUR('Paint - Enamel Glossy (White)',#2749);
#2738=FILL_AREA_STYLE_COLOUR('Opaque(247,224,153)',#2750);
#2739=FILL_AREA_STYLE_COLOUR('ABS (White)',#2751);
#2740=FILL_AREA_STYLE_COLOUR('Opaque(219,188,126)',#2752);
#2741=FILL_AREA_STYLE_COLOUR('Opaque(25,25,25)',#2753);
#2742=FILL_AREA_STYLE_COLOUR('Opaque(136,60,0)',#2754);
#2743=FILL_AREA_STYLE_COLOUR('Opaque(255,255,255)',#2755);
#2744=FILL_AREA_STYLE_COLOUR('ABS (White)',#2756);
#2745=FILL_AREA_STYLE_COLOUR('ABS (White)',#2757);
#2746=COLOUR_RGB('Steel - Satin',0.627450980392157,0.627450980392157,0.627450980392157);
#2747=COLOUR_RGB('Paint - Enamel Glossy (Black)',0.0980392156862745,0.0980392156862745,
0.0980392156862745);
#2748=COLOUR_RGB('Gold - Polished',0.956862745098039,0.898039215686275,
0.654901960784314);
#2749=COLOUR_RGB('Paint - Enamel Glossy (White)',0.964705882352941,0.964705882352941,
0.952941176470588);
#2750=COLOUR_RGB('Opaque(247,224,153)',0.968627450980392,0.87843137254902,
0.6);
#2751=COLOUR_RGB('ABS (White)',0.796078431372549,0.443137254901961,0.172549019607843);
#2752=COLOUR_RGB('Opaque(219,188,126)',0.858823529411765,0.737254901960784,
0.494117647058824);
#2753=COLOUR_RGB('Opaque(25,25,25)',0.0980392156862745,0.0980392156862745,
0.0980392156862745);
#2754=COLOUR_RGB('Opaque(136,60,0)',0.533333333333333,0.235294117647059,
0.);
#2755=COLOUR_RGB('Opaque(255,255,255)',1.,1.,1.);
#2756=COLOUR_RGB('ABS (White)',0.823529411764706,0.823529411764706,0.823529411764706);
#2757=COLOUR_RGB('ABS (White)',0.76078431372549,0.564705882352941,0.2);
ENDSEC;
END-ISO-10303-21;
