ISO-10303-21;
HEADER;
/* Generated by software containing ST-Developer
 * from STEP Tools, Inc. (www.steptools.com) 
 */

FILE_DESCRIPTION(
/* description */ (''),
/* implementation_level */ '2;1');

FILE_NAME(
/* name */ 'YouTube Controller front.step',
/* time_stamp */ '2026-08-30T22:40:30-07:00',
/* author */ (''),
/* organization */ (''),
/* preprocessor_version */ 'ST-DEVELOPER v20.1',
/* originating_system */ 'Autodesk Translation Framework v15.8.0.0',
/* authorisation */ '');

FILE_SCHEMA (('AUTOMOTIVE_DESIGN { 1 0 10303 214 3 1 1 }'));
ENDSEC;

DATA;
#10=MECHANICAL_DESIGN_GEOMETRIC_PRESENTATION_REPRESENTATION('',(#13),#1953);
#11=SHAPE_REPRESENTATION_RELATIONSHIP('SRR','None',#1960,#12);
#12=ADVANCED_BREP_SHAPE_REPRESENTATION('',(#14),#1952);
#13=STYLED_ITEM('',(#1979),#14);
#14=MANIFOLD_SOLID_BREP('Battery Cover',#813);
#15=(
BOUNDED_SURFACE()
B_SPLINE_SURFACE(1,2,((#1411,#1412,#1413,#1414,#1415),(#1416,#1417,#1418,
#1419,#1420)),.UNSPECIFIED.,.F.,.F.,.F.)
B_SPLINE_SURFACE_WITH_KNOTS((2,2),(3,2,3),(0.,0.472707721445861),(2.31610847197566,
3.14159265358979,3.96707683520393),.UNSPECIFIED.)
GEOMETRIC_REPRESENTATION_ITEM()
RATIONAL_B_SPLINE_SURFACE(((1.,0.916024353270477,1.,0.916024353270477,1.),
(1.,0.916024353270477,1.,0.916024353270477,1.)))
REPRESENTATION_ITEM('')
SURFACE()
);
#16=(
BOUNDED_SURFACE()
B_SPLINE_SURFACE(1,2,((#1507,#1508,#1509,#1510,#1511),(#1512,#1513,#1514,
#1515,#1516)),.UNSPECIFIED.,.F.,.F.,.F.)
B_SPLINE_SURFACE_WITH_KNOTS((2,2),(3,2,3),(0.,0.47270772144586),(2.31610847197566,
3.14159265358979,3.96707683520393),.UNSPECIFIED.)
GEOMETRIC_REPRESENTATION_ITEM()
RATIONAL_B_SPLINE_SURFACE(((1.,0.916024353270477,1.,0.916024353270477,1.),
(1.,0.916024353270477,1.,0.916024353270477,1.)))
REPRESENTATION_ITEM('')
SURFACE()
);
#17=(
BOUNDED_SURFACE()
B_SPLINE_SURFACE(1,2,((#1603,#1604,#1605,#1606,#1607),(#1608,#1609,#1610,
#1611,#1612)),.UNSPECIFIED.,.F.,.F.,.F.)
B_SPLINE_SURFACE_WITH_KNOTS((2,2),(3,2,3),(0.,0.47270772144586),(2.31610847197566,
3.14159265358979,3.96707683520393),.UNSPECIFIED.)
GEOMETRIC_REPRESENTATION_ITEM()
RATIONAL_B_SPLINE_SURFACE(((1.,0.916024353270477,1.,0.916024353270477,1.),
(1.,0.916024353270477,1.,0.916024353270477,1.)))
REPRESENTATION_ITEM('')
SURFACE()
);
#18=(
BOUNDED_SURFACE()
B_SPLINE_SURFACE(1,2,((#1699,#1700,#1701,#1702,#1703),(#1704,#1705,#1706,
#1707,#1708)),.UNSPECIFIED.,.F.,.F.,.F.)
B_SPLINE_SURFACE_WITH_KNOTS((2,2),(3,2,3),(0.,0.47270772144586),(2.31610847197566,
3.14159265358979,3.96707683520393),.UNSPECIFIED.)
GEOMETRIC_REPRESENTATION_ITEM()
RATIONAL_B_SPLINE_SURFACE(((1.,0.916024353270477,1.,0.916024353270477,1.),
(1.,0.916024353270477,1.,0.916024353270477,1.)))
REPRESENTATION_ITEM('')
SURFACE()
);
#19=B_SPLINE_SURFACE_WITH_KNOTS('',3,1,((#1369,#1370),(#1371,#1372),(#1373,
#1374),(#1375,#1376),(#1377,#1378),(#1379,#1380),(#1381,#1382),(#1383,#1384)),
 .UNSPECIFIED.,.F.,.F.,.F.,(4,2,2,4),(2,2),(-0.21237057133039,-0.156133139640517,
-0.099557408428808,0.),(0.,0.3),.UNSPECIFIED.);
#20=B_SPLINE_SURFACE_WITH_KNOTS('',3,1,((#1426,#1427),(#1428,#1429),(#1430,
#1431),(#1432,#1433),(#1434,#1435),(#1436,#1437),(#1438,#1439),(#1440,#1441)),
 .UNSPECIFIED.,.F.,.F.,.F.,(4,2,2,4),(2,2),(-0.212331196154867,-0.155277561218503,
-0.0985769749009315,0.),(0.,0.3),.UNSPECIFIED.);
#21=B_SPLINE_SURFACE_WITH_KNOTS('',3,1,((#1465,#1466),(#1467,#1468),(#1469,
#1470),(#1471,#1472),(#1473,#1474),(#1475,#1476),(#1477,#1478),(#1479,#1480)),
 .UNSPECIFIED.,.F.,.F.,.F.,(4,2,2,4),(2,2),(-0.212370571330396,-0.156133139640517,
-0.0995574084288084,0.),(0.,0.3),.UNSPECIFIED.);
#22=B_SPLINE_SURFACE_WITH_KNOTS('',3,1,((#1522,#1523),(#1524,#1525),(#1526,
#1527),(#1528,#1529),(#1530,#1531),(#1532,#1533),(#1534,#1535),(#1536,#1537)),
 .UNSPECIFIED.,.F.,.F.,.F.,(4,2,2,4),(2,2),(-0.212331196154866,-0.1552775612185,
-0.0985769749009281,0.),(0.,0.3),.UNSPECIFIED.);
#23=B_SPLINE_SURFACE_WITH_KNOTS('',3,1,((#1561,#1562),(#1563,#1564),(#1565,
#1566),(#1567,#1568),(#1569,#1570),(#1571,#1572),(#1573,#1574),(#1575,#1576)),
 .UNSPECIFIED.,.F.,.F.,.F.,(4,2,2,4),(2,2),(-0.212370571330406,-0.156133139640518,
-0.0995574084288087,0.),(0.,0.3),.UNSPECIFIED.);
#24=B_SPLINE_SURFACE_WITH_KNOTS('',3,1,((#1618,#1619),(#1620,#1621),(#1622,
#1623),(#1624,#1625),(#1626,#1627),(#1628,#1629),(#1630,#1631),(#1632,#1633)),
 .UNSPECIFIED.,.F.,.F.,.F.,(4,2,2,4),(2,2),(-0.212331196154874,-0.1552775612185,
-0.0985769749009274,0.),(0.,0.3),.UNSPECIFIED.);
#25=B_SPLINE_SURFACE_WITH_KNOTS('',3,1,((#1657,#1658),(#1659,#1660),(#1661,
#1662),(#1663,#1664),(#1665,#1666),(#1667,#1668),(#1669,#1670),(#1671,#1672)),
 .UNSPECIFIED.,.F.,.F.,.F.,(4,2,2,4),(2,2),(-0.212370571330408,-0.156133139640521,
-0.0995574084288107,0.),(0.,0.3),.UNSPECIFIED.);
#26=B_SPLINE_SURFACE_WITH_KNOTS('',3,1,((#1714,#1715),(#1716,#1717),(#1718,
#1719),(#1720,#1721),(#1722,#1723),(#1724,#1725),(#1726,#1727),(#1728,#1729)),
 .UNSPECIFIED.,.F.,.F.,.F.,(4,2,2,4),(2,2),(-0.212331196154881,-0.155277561218504,
-0.0985769749009289,0.),(0.,0.3),.UNSPECIFIED.);
#27=B_SPLINE_SURFACE_WITH_KNOTS('',3,3,((#1771,#1772,#1773,#1774),(#1775,
#1776,#1777,#1778),(#1779,#1780,#1781,#1782),(#1783,#1784,#1785,#1786)),
 .UNSPECIFIED.,.F.,.F.,.F.,(4,4),(4,4),(0.,1.),(0.7978894125996,0.833406214361856),
 .UNSPECIFIED.);
#28=B_SPLINE_SURFACE_WITH_KNOTS('',3,3,((#1791,#1792,#1793,#1794),(#1795,
#1796,#1797,#1798),(#1799,#1800,#1801,#1802),(#1803,#1804,#1805,#1806)),
 .UNSPECIFIED.,.F.,.F.,.F.,(4,4),(4,4),(0.,1.),(-0.833406214361856,-0.7978894125996),
 .UNSPECIFIED.);
#29=B_SPLINE_SURFACE_WITH_KNOTS('',3,3,((#1810,#1811,#1812,#1813),(#1814,
#1815,#1816,#1817),(#1818,#1819,#1820,#1821),(#1822,#1823,#1824,#1825)),
 .UNSPECIFIED.,.F.,.F.,.F.,(4,4),(4,4),(0.,1.),(0.7978894125996,0.833406214361856),
 .UNSPECIFIED.);
#30=B_SPLINE_SURFACE_WITH_KNOTS('',3,3,((#1829,#1830,#1831,#1832),(#1833,
#1834,#1835,#1836),(#1837,#1838,#1839,#1840),(#1841,#1842,#1843,#1844)),
 .UNSPECIFIED.,.F.,.F.,.F.,(4,4),(4,4),(0.,1.),(-0.833406214361856,-0.7978894125996),
 .UNSPECIFIED.);
#31=B_SPLINE_SURFACE_WITH_KNOTS('',3,3,((#1848,#1849,#1850,#1851),(#1852,
#1853,#1854,#1855),(#1856,#1857,#1858,#1859),(#1860,#1861,#1862,#1863)),
 .UNSPECIFIED.,.F.,.F.,.F.,(4,4),(4,4),(0.,1.),(0.797889412599599,0.833406214361856),
 .UNSPECIFIED.);
#32=B_SPLINE_SURFACE_WITH_KNOTS('',3,3,((#1867,#1868,#1869,#1870),(#1871,
#1872,#1873,#1874),(#1875,#1876,#1877,#1878),(#1879,#1880,#1881,#1882)),
 .UNSPECIFIED.,.F.,.F.,.F.,(4,4),(4,4),(0.,1.),(-0.833406214361856,-0.7978894125996),
 .UNSPECIFIED.);
#33=B_SPLINE_SURFACE_WITH_KNOTS('',3,3,((#1886,#1887,#1888,#1889),(#1890,
#1891,#1892,#1893),(#1894,#1895,#1896,#1897),(#1898,#1899,#1900,#1901)),
 .UNSPECIFIED.,.F.,.F.,.F.,(4,4),(4,4),(0.,1.),(0.797889412599599,0.833406214361856),
 .UNSPECIFIED.);
#34=B_SPLINE_SURFACE_WITH_KNOTS('',3,3,((#1905,#1906,#1907,#1908),(#1909,
#1910,#1911,#1912),(#1913,#1914,#1915,#1916),(#1917,#1918,#1919,#1920)),
 .UNSPECIFIED.,.F.,.F.,.F.,(4,4),(4,4),(0.,1.),(-0.833406214361856,-0.7978894125996),
 .UNSPECIFIED.);
#35=FACE_BOUND('',#158,.T.);
#36=FACE_BOUND('',#159,.T.);
#37=FACE_BOUND('',#160,.T.);
#38=FACE_BOUND('',#161,.T.);
#39=FACE_BOUND('',#178,.T.);
#40=FACE_BOUND('',#179,.T.);
#41=FACE_BOUND('',#180,.T.);
#42=FACE_BOUND('',#181,.T.);
#43=FACE_BOUND('',#207,.T.);
#44=FACE_BOUND('',#210,.T.);
#45=ELLIPSE('',#833,6.34641632428591,6.25);
#46=ELLIPSE('',#834,6.34641632428591,6.25);
#47=ELLIPSE('',#835,6.3464163242859,6.25);
#48=ELLIPSE('',#836,6.3464163242859,6.25);
#49=ELLIPSE('',#847,6.3464163242859,6.25);
#50=ELLIPSE('',#848,6.3464163242859,6.25);
#51=ELLIPSE('',#849,6.3464163242859,6.25);
#52=ELLIPSE('',#850,6.3464163242859,6.25);
#53=ELLIPSE('',#851,6.34641632428591,6.25);
#54=ELLIPSE('',#852,6.34641632428591,6.25);
#55=ELLIPSE('',#853,6.34641632428591,6.25);
#56=ELLIPSE('',#854,6.34641632428591,6.25);
#57=ELLIPSE('',#862,50.0157543367398,6.25);
#58=ELLIPSE('',#863,50.3892417275068,8.75);
#59=ELLIPSE('',#865,50.0157543367398,6.25);
#60=ELLIPSE('',#866,50.3892417275068,8.75);
#61=ELLIPSE('',#868,50.3892417275068,8.75);
#62=ELLIPSE('',#869,50.0157543367398,6.25);
#63=ELLIPSE('',#871,50.0157543367398,6.25);
#64=ELLIPSE('',#872,50.3892417275068,8.75);
#65=ELLIPSE('',#874,50.3892417275067,8.75);
#66=ELLIPSE('',#875,50.0157543367398,6.25);
#67=ELLIPSE('',#877,50.0157543367398,6.25);
#68=ELLIPSE('',#878,50.3892417275067,8.75);
#69=ELLIPSE('',#880,50.3892417275067,8.74999999999999);
#70=ELLIPSE('',#881,50.0157543367398,6.25);
#71=ELLIPSE('',#883,50.0157543367398,6.25);
#72=ELLIPSE('',#884,50.3892417275067,8.74999999999999);
#73=B_SPLINE_CURVE_WITH_KNOTS('',3,(#1121,#1122,#1123,#1124,#1125,#1126,
#1127,#1128,#1129,#1130,#1131,#1132,#1133,#1134,#1135,#1136,#1137,#1138,
#1139,#1140,#1141,#1142,#1143,#1144,#1145),.UNSPECIFIED.,.F.,.F.,(4,3,3,
3,3,3,3,3,4),(-1.38777878078145E-17,0.0264105988979574,0.0531800640005646,
0.0800268173183203,0.0997739174580561,0.126527730600442,0.15297771458714,
0.17941081003719,0.205843905487239),.UNSPECIFIED.);
#74=B_SPLINE_CURVE_WITH_KNOTS('',3,(#1149,#1150,#1151,#1152,#1153,#1154,
#1155,#1156,#1157,#1158,#1159,#1160,#1161,#1162,#1163,#1164,#1165,#1166,
#1167,#1168,#1169,#1170,#1171,#1172,#1173),.UNSPECIFIED.,.F.,.F.,(4,3,3,
3,3,3,3,3,4),(-1.38777878078145E-17,0.0259713719970824,0.0524684746186995,
0.0793613816527314,0.0988135373074712,0.125659207690817,0.152135781166682,
0.17896990627851,0.205804031390339),.UNSPECIFIED.);
#75=B_SPLINE_CURVE_WITH_KNOTS('',3,(#1177,#1178,#1179,#1180,#1181,#1182,
#1183,#1184,#1185,#1186,#1187,#1188,#1189,#1190,#1191,#1192,#1193,#1194,
#1195,#1196,#1197,#1198,#1199,#1200,#1201),.UNSPECIFIED.,.F.,.F.,(4,3,3,
3,3,3,3,3,4),(0.,0.0264105988979473,0.0531800640005522,0.0800268173183032,
0.0997739174580567,0.126527730600563,0.152977714587137,0.179410810037183,
0.205843905487228),.UNSPECIFIED.);
#76=B_SPLINE_CURVE_WITH_KNOTS('',3,(#1205,#1206,#1207,#1208,#1209,#1210,
#1211,#1212,#1213,#1214,#1215,#1216,#1217,#1218,#1219,#1220,#1221,#1222,
#1223,#1224,#1225,#1226,#1227,#1228,#1229),.UNSPECIFIED.,.F.,.F.,(4,3,3,
3,3,3,3,3,4),(0.,0.0259713719970824,0.0524684746187038,0.0793613816527472,
0.0988135373074716,0.125659207690783,0.152135781166682,0.17896990627851,
0.205804031390339),.UNSPECIFIED.);
#77=B_SPLINE_CURVE_WITH_KNOTS('',3,(#1233,#1234,#1235,#1236,#1237,#1238,
#1239,#1240,#1241,#1242,#1243,#1244,#1245,#1246,#1247,#1248,#1249,#1250,
#1251,#1252,#1253,#1254,#1255,#1256,#1257),.UNSPECIFIED.,.F.,.F.,(4,3,3,
3,3,3,3,3,4),(0.,0.0264105988979376,0.0531800640005353,0.0800268173182681,
0.0997739174580569,0.126527730600513,0.152977714587139,0.179410810037186,
0.205843905487233),.UNSPECIFIED.);
#78=B_SPLINE_CURVE_WITH_KNOTS('',3,(#1261,#1262,#1263,#1264,#1265,#1266,
#1267,#1268,#1269,#1270,#1271,#1272,#1273,#1274,#1275,#1276,#1277,#1278,
#1279,#1280,#1281,#1282,#1283,#1284,#1285),.UNSPECIFIED.,.F.,.F.,(4,3,3,
3,3,3,3,3,4),(0.,0.0259713719971059,0.0524684746187582,0.079361381652811,
0.0988135373074737,0.125659207690732,0.152135781166686,0.178969906278515,
0.205804031390344),.UNSPECIFIED.);
#79=B_SPLINE_CURVE_WITH_KNOTS('',3,(#1289,#1290,#1291,#1292,#1293,#1294,
#1295,#1296,#1297,#1298,#1299,#1300,#1301,#1302,#1303,#1304,#1305,#1306,
#1307,#1308,#1309,#1310,#1311,#1312,#1313),.UNSPECIFIED.,.F.,.F.,(4,3,3,
3,3,3,3,3,4),(0.,0.0264105988979455,0.0531800640005673,0.0800268173182952,
0.0997739174580559,0.126527730600438,0.15297771458714,0.17941081003718,
0.205843905487221),.UNSPECIFIED.);
#80=B_SPLINE_CURVE_WITH_KNOTS('',3,(#1317,#1318,#1319,#1320,#1321,#1322,
#1323,#1324,#1325,#1326,#1327,#1328,#1329,#1330,#1331,#1332,#1333,#1334,
#1335,#1336,#1337,#1338,#1339,#1340,#1341),.UNSPECIFIED.,.F.,.F.,(4,3,3,
3,3,3,3,3,4),(0.,0.0259713719970887,0.0524684746187226,0.0793613816527613,
0.0988135373074718,0.125659207691164,0.152135781166687,0.178969906278524,
0.205804031390361),.UNSPECIFIED.);
#81=B_SPLINE_CURVE_WITH_KNOTS('',3,(#1387,#1388,#1389,#1390,#1391,#1392,
#1393,#1394,#1395,#1396),.UNSPECIFIED.,.F.,.F.,(4,3,3,4),(0.,0.099557408428808,
0.156133139640517,0.21237057133039),.UNSPECIFIED.);
#82=B_SPLINE_CURVE_WITH_KNOTS('',3,(#1400,#1401,#1402,#1403,#1404,#1405,
#1406,#1407,#1408,#1409),.UNSPECIFIED.,.F.,.F.,(4,3,3,4),(-0.21237057133039,
-0.156133139640517,-0.099557408428808,0.),.UNSPECIFIED.);
#83=B_SPLINE_CURVE_WITH_KNOTS('',3,(#1443,#1444,#1445,#1446,#1447,#1448,
#1449,#1450,#1451,#1452),.UNSPECIFIED.,.F.,.F.,(4,3,3,4),(0.,0.0985769749009315,
0.155277561218503,0.212331196154867),.UNSPECIFIED.);
#84=B_SPLINE_CURVE_WITH_KNOTS('',3,(#1455,#1456,#1457,#1458,#1459,#1460,
#1461,#1462,#1463,#1464),.UNSPECIFIED.,.F.,.F.,(4,3,3,4),(-0.212331196154867,
-0.155277561218503,-0.0985769749009315,0.),.UNSPECIFIED.);
#85=B_SPLINE_CURVE_WITH_KNOTS('',3,(#1483,#1484,#1485,#1486,#1487,#1488,
#1489,#1490,#1491,#1492),.UNSPECIFIED.,.F.,.F.,(4,3,3,4),(0.,0.0995574084288084,
0.156133139640517,0.212370571330396),.UNSPECIFIED.);
#86=B_SPLINE_CURVE_WITH_KNOTS('',3,(#1496,#1497,#1498,#1499,#1500,#1501,
#1502,#1503,#1504,#1505),.UNSPECIFIED.,.F.,.F.,(4,3,3,4),(-0.212370571330396,
-0.156133139640517,-0.0995574084288084,0.),.UNSPECIFIED.);
#87=B_SPLINE_CURVE_WITH_KNOTS('',3,(#1539,#1540,#1541,#1542,#1543,#1544,
#1545,#1546,#1547,#1548),.UNSPECIFIED.,.F.,.F.,(4,3,3,4),(0.,0.0985769749009281,
0.1552775612185,0.212331196154866),.UNSPECIFIED.);
#88=B_SPLINE_CURVE_WITH_KNOTS('',3,(#1551,#1552,#1553,#1554,#1555,#1556,
#1557,#1558,#1559,#1560),.UNSPECIFIED.,.F.,.F.,(4,3,3,4),(-0.212331196154866,
-0.1552775612185,-0.0985769749009281,0.),.UNSPECIFIED.);
#89=B_SPLINE_CURVE_WITH_KNOTS('',3,(#1579,#1580,#1581,#1582,#1583,#1584,
#1585,#1586,#1587,#1588),.UNSPECIFIED.,.F.,.F.,(4,3,3,4),(0.,0.0995574084288087,
0.156133139640518,0.212370571330406),.UNSPECIFIED.);
#90=B_SPLINE_CURVE_WITH_KNOTS('',3,(#1592,#1593,#1594,#1595,#1596,#1597,
#1598,#1599,#1600,#1601),.UNSPECIFIED.,.F.,.F.,(4,3,3,4),(-0.212370571330406,
-0.156133139640518,-0.0995574084288087,0.),.UNSPECIFIED.);
#91=B_SPLINE_CURVE_WITH_KNOTS('',3,(#1635,#1636,#1637,#1638,#1639,#1640,
#1641,#1642,#1643,#1644),.UNSPECIFIED.,.F.,.F.,(4,3,3,4),(0.,0.0985769749009274,
0.1552775612185,0.212331196154874),.UNSPECIFIED.);
#92=B_SPLINE_CURVE_WITH_KNOTS('',3,(#1647,#1648,#1649,#1650,#1651,#1652,
#1653,#1654,#1655,#1656),.UNSPECIFIED.,.F.,.F.,(4,3,3,4),(-0.212331196154874,
-0.1552775612185,-0.0985769749009274,0.),.UNSPECIFIED.);
#93=B_SPLINE_CURVE_WITH_KNOTS('',3,(#1675,#1676,#1677,#1678,#1679,#1680,
#1681,#1682,#1683,#1684),.UNSPECIFIED.,.F.,.F.,(4,3,3,4),(0.,0.0995574084288107,
0.156133139640521,0.212370571330408),.UNSPECIFIED.);
#94=B_SPLINE_CURVE_WITH_KNOTS('',3,(#1688,#1689,#1690,#1691,#1692,#1693,
#1694,#1695,#1696,#1697),.UNSPECIFIED.,.F.,.F.,(4,3,3,4),(-0.212370571330408,
-0.156133139640521,-0.0995574084288107,0.),.UNSPECIFIED.);
#95=B_SPLINE_CURVE_WITH_KNOTS('',3,(#1731,#1732,#1733,#1734,#1735,#1736,
#1737,#1738,#1739,#1740),.UNSPECIFIED.,.F.,.F.,(4,3,3,4),(0.,0.0985769749009289,
0.155277561218504,0.212331196154881),.UNSPECIFIED.);
#96=B_SPLINE_CURVE_WITH_KNOTS('',3,(#1743,#1744,#1745,#1746,#1747,#1748,
#1749,#1750,#1751,#1752),.UNSPECIFIED.,.F.,.F.,(4,3,3,4),(-0.212331196154881,
-0.155277561218504,-0.0985769749009289,0.),.UNSPECIFIED.);
#97=PLANE('',#830);
#98=PLANE('',#831);
#99=PLANE('',#845);
#100=PLANE('',#846);
#101=PLANE('',#855);
#102=PLANE('',#867);
#103=PLANE('',#873);
#104=PLANE('',#879);
#105=PLANE('',#885);
#106=PLANE('',#886);
#107=PLANE('',#897);
#108=PLANE('',#900);
#109=FACE_OUTER_BOUND('',#155,.T.);
#110=FACE_OUTER_BOUND('',#156,.T.);
#111=FACE_OUTER_BOUND('',#157,.T.);
#112=FACE_OUTER_BOUND('',#162,.T.);
#113=FACE_OUTER_BOUND('',#163,.T.);
#114=FACE_OUTER_BOUND('',#164,.T.);
#115=FACE_OUTER_BOUND('',#165,.T.);
#116=FACE_OUTER_BOUND('',#166,.T.);
#117=FACE_OUTER_BOUND('',#167,.T.);
#118=FACE_OUTER_BOUND('',#168,.T.);
#119=FACE_OUTER_BOUND('',#169,.T.);
#120=FACE_OUTER_BOUND('',#170,.T.);
#121=FACE_OUTER_BOUND('',#171,.T.);
#122=FACE_OUTER_BOUND('',#172,.T.);
#123=FACE_OUTER_BOUND('',#173,.T.);
#124=FACE_OUTER_BOUND('',#174,.T.);
#125=FACE_OUTER_BOUND('',#175,.T.);
#126=FACE_OUTER_BOUND('',#176,.T.);
#127=FACE_OUTER_BOUND('',#177,.T.);
#128=FACE_OUTER_BOUND('',#182,.T.);
#129=FACE_OUTER_BOUND('',#183,.T.);
#130=FACE_OUTER_BOUND('',#184,.T.);
#131=FACE_OUTER_BOUND('',#185,.T.);
#132=FACE_OUTER_BOUND('',#186,.T.);
#133=FACE_OUTER_BOUND('',#187,.T.);
#134=FACE_OUTER_BOUND('',#188,.T.);
#135=FACE_OUTER_BOUND('',#189,.T.);
#136=FACE_OUTER_BOUND('',#190,.T.);
#137=FACE_OUTER_BOUND('',#191,.T.);
#138=FACE_OUTER_BOUND('',#192,.T.);
#139=FACE_OUTER_BOUND('',#193,.T.);
#140=FACE_OUTER_BOUND('',#194,.T.);
#141=FACE_OUTER_BOUND('',#195,.T.);
#142=FACE_OUTER_BOUND('',#196,.T.);
#143=FACE_OUTER_BOUND('',#197,.T.);
#144=FACE_OUTER_BOUND('',#198,.T.);
#145=FACE_OUTER_BOUND('',#199,.T.);
#146=FACE_OUTER_BOUND('',#200,.T.);
#147=FACE_OUTER_BOUND('',#201,.T.);
#148=FACE_OUTER_BOUND('',#202,.T.);
#149=FACE_OUTER_BOUND('',#203,.T.);
#150=FACE_OUTER_BOUND('',#204,.T.);
#151=FACE_OUTER_BOUND('',#205,.T.);
#152=FACE_OUTER_BOUND('',#206,.T.);
#153=FACE_OUTER_BOUND('',#208,.T.);
#154=FACE_OUTER_BOUND('',#209,.T.);
#155=EDGE_LOOP('',(#517,#518,#519,#520));
#156=EDGE_LOOP('',(#521,#522,#523,#524));
#157=EDGE_LOOP('',(#525,#526,#527,#528,#529,#530,#531,#532,#533,#534,#535,
#536,#537,#538,#539,#540,#541,#542,#543,#544,#545,#546,#547,#548));
#158=EDGE_LOOP('',(#549));
#159=EDGE_LOOP('',(#550));
#160=EDGE_LOOP('',(#551));
#161=EDGE_LOOP('',(#552));
#162=EDGE_LOOP('',(#553,#554,#555,#556));
#163=EDGE_LOOP('',(#557,#558,#559,#560));
#164=EDGE_LOOP('',(#561,#562,#563,#564));
#165=EDGE_LOOP('',(#565,#566,#567,#568));
#166=EDGE_LOOP('',(#569,#570,#571,#572));
#167=EDGE_LOOP('',(#573,#574,#575,#576));
#168=EDGE_LOOP('',(#577,#578,#579,#580));
#169=EDGE_LOOP('',(#581,#582,#583,#584));
#170=EDGE_LOOP('',(#585,#586,#587,#588));
#171=EDGE_LOOP('',(#589,#590,#591,#592));
#172=EDGE_LOOP('',(#593,#594,#595,#596));
#173=EDGE_LOOP('',(#597,#598,#599,#600));
#174=EDGE_LOOP('',(#601,#602,#603,#604));
#175=EDGE_LOOP('',(#605,#606,#607,#608));
#176=EDGE_LOOP('',(#609,#610,#611,#612));
#177=EDGE_LOOP('',(#613,#614,#615,#616,#617,#618,#619,#620,#621,#622,#623,
#624,#625,#626,#627,#628,#629,#630,#631,#632,#633,#634,#635,#636));
#178=EDGE_LOOP('',(#637));
#179=EDGE_LOOP('',(#638));
#180=EDGE_LOOP('',(#639));
#181=EDGE_LOOP('',(#640));
#182=EDGE_LOOP('',(#641,#642,#643,#644));
#183=EDGE_LOOP('',(#645,#646,#647,#648));
#184=EDGE_LOOP('',(#649,#650,#651,#652));
#185=EDGE_LOOP('',(#653,#654,#655,#656,#657,#658));
#186=EDGE_LOOP('',(#659,#660,#661,#662));
#187=EDGE_LOOP('',(#663,#664,#665,#666));
#188=EDGE_LOOP('',(#667,#668,#669,#670));
#189=EDGE_LOOP('',(#671,#672,#673,#674,#675,#676));
#190=EDGE_LOOP('',(#677,#678,#679,#680));
#191=EDGE_LOOP('',(#681,#682,#683,#684));
#192=EDGE_LOOP('',(#685,#686,#687,#688));
#193=EDGE_LOOP('',(#689,#690,#691,#692,#693,#694));
#194=EDGE_LOOP('',(#695,#696,#697,#698));
#195=EDGE_LOOP('',(#699,#700,#701,#702));
#196=EDGE_LOOP('',(#703,#704,#705,#706));
#197=EDGE_LOOP('',(#707,#708,#709,#710,#711));
#198=EDGE_LOOP('',(#712,#713,#714,#715,#716));
#199=EDGE_LOOP('',(#717,#718,#719,#720));
#200=EDGE_LOOP('',(#721,#722,#723,#724));
#201=EDGE_LOOP('',(#725,#726,#727,#728));
#202=EDGE_LOOP('',(#729,#730,#731,#732));
#203=EDGE_LOOP('',(#733,#734,#735,#736));
#204=EDGE_LOOP('',(#737,#738,#739,#740));
#205=EDGE_LOOP('',(#741,#742,#743,#744));
#206=EDGE_LOOP('',(#745));
#207=EDGE_LOOP('',(#746));
#208=EDGE_LOOP('',(#747,#748,#749,#750));
#209=EDGE_LOOP('',(#751));
#210=EDGE_LOOP('',(#752));
#211=LINE('',#1103,#257);
#212=LINE('',#1106,#258);
#213=LINE('',#1109,#259);
#214=LINE('',#1111,#260);
#215=LINE('',#1112,#261);
#216=LINE('',#1115,#262);
#217=LINE('',#1119,#263);
#218=LINE('',#1175,#264);
#219=LINE('',#1231,#265);
#220=LINE('',#1287,#266);
#221=LINE('',#1343,#267);
#222=LINE('',#1347,#268);
#223=LINE('',#1360,#269);
#224=LINE('',#1363,#270);
#225=LINE('',#1364,#271);
#226=LINE('',#1367,#272);
#227=LINE('',#1368,#273);
#228=LINE('',#1398,#274);
#229=LINE('',#1410,#275);
#230=LINE('',#1424,#276);
#231=LINE('',#1454,#277);
#232=LINE('',#1494,#278);
#233=LINE('',#1506,#279);
#234=LINE('',#1520,#280);
#235=LINE('',#1550,#281);
#236=LINE('',#1590,#282);
#237=LINE('',#1602,#283);
#238=LINE('',#1616,#284);
#239=LINE('',#1646,#285);
#240=LINE('',#1686,#286);
#241=LINE('',#1698,#287);
#242=LINE('',#1712,#288);
#243=LINE('',#1742,#289);
#244=LINE('',#1756,#290);
#245=LINE('',#1757,#291);
#246=LINE('',#1758,#292);
#247=LINE('',#1759,#293);
#248=LINE('',#1761,#294);
#249=LINE('',#1923,#295);
#250=LINE('',#1925,#296);
#251=LINE('',#1927,#297);
#252=LINE('',#1929,#298);
#253=LINE('',#1935,#299);
#254=LINE('',#1939,#300);
#255=LINE('',#1942,#301);
#256=LINE('',#1947,#302);
#257=VECTOR('',#907,10.);
#258=VECTOR('',#910,10.);
#259=VECTOR('',#913,10.);
#260=VECTOR('',#914,10.);
#261=VECTOR('',#915,10.);
#262=VECTOR('',#918,10.);
#263=VECTOR('',#921,10.);
#264=VECTOR('',#924,10.);
#265=VECTOR('',#927,10.);
#266=VECTOR('',#930,10.);
#267=VECTOR('',#933,10.);
#268=VECTOR('',#936,10.);
#269=VECTOR('',#951,10.);
#270=VECTOR('',#954,10.);
#271=VECTOR('',#955,10.);
#272=VECTOR('',#958,10.);
#273=VECTOR('',#959,10.);
#274=VECTOR('',#960,10.);
#275=VECTOR('',#961,10.);
#276=VECTOR('',#964,10.);
#277=VECTOR('',#967,10.);
#278=VECTOR('',#968,10.);
#279=VECTOR('',#969,10.);
#280=VECTOR('',#972,10.);
#281=VECTOR('',#975,10.);
#282=VECTOR('',#976,10.);
#283=VECTOR('',#977,10.);
#284=VECTOR('',#980,10.);
#285=VECTOR('',#983,10.);
#286=VECTOR('',#984,10.);
#287=VECTOR('',#985,10.);
#288=VECTOR('',#988,10.);
#289=VECTOR('',#991,10.);
#290=VECTOR('',#996,10.);
#291=VECTOR('',#997,10.);
#292=VECTOR('',#998,10.);
#293=VECTOR('',#999,10.);
#294=VECTOR('',#1000,10.);
#295=VECTOR('',#1059,10.);
#296=VECTOR('',#1062,10.);
#297=VECTOR('',#1065,3.);
#298=VECTOR('',#1068,3.);
#299=VECTOR('',#1077,1.35);
#300=VECTOR('',#1082,1.35);
#301=VECTOR('',#1085,3.);
#302=VECTOR('',#1092,3.);
#303=CIRCLE('',#828,3.475);
#304=CIRCLE('',#829,3.475);
#305=CIRCLE('',#832,3.475);
#306=CIRCLE('',#837,3.475);
#307=CIRCLE('',#838,3.475);
#308=CIRCLE('',#839,1.35);
#309=CIRCLE('',#840,1.35);
#310=CIRCLE('',#841,3.);
#311=CIRCLE('',#842,3.);
#312=CIRCLE('',#844,3.475);
#313=CIRCLE('',#856,3.475);
#314=CIRCLE('',#857,3.475);
#315=CIRCLE('',#858,3.);
#316=CIRCLE('',#859,3.);
#317=CIRCLE('',#860,3.);
#318=CIRCLE('',#861,3.);
#319=CIRCLE('',#892,1.35);
#320=CIRCLE('',#894,1.35);
#321=CIRCLE('',#896,3.);
#322=CIRCLE('',#899,3.);
#323=VERTEX_POINT('',#1099);
#324=VERTEX_POINT('',#1100);
#325=VERTEX_POINT('',#1102);
#326=VERTEX_POINT('',#1104);
#327=VERTEX_POINT('',#1108);
#328=VERTEX_POINT('',#1110);
#329=VERTEX_POINT('',#1114);
#330=VERTEX_POINT('',#1116);
#331=VERTEX_POINT('',#1118);
#332=VERTEX_POINT('',#1120);
#333=VERTEX_POINT('',#1146);
#334=VERTEX_POINT('',#1148);
#335=VERTEX_POINT('',#1174);
#336=VERTEX_POINT('',#1176);
#337=VERTEX_POINT('',#1202);
#338=VERTEX_POINT('',#1204);
#339=VERTEX_POINT('',#1230);
#340=VERTEX_POINT('',#1232);
#341=VERTEX_POINT('',#1258);
#342=VERTEX_POINT('',#1260);
#343=VERTEX_POINT('',#1286);
#344=VERTEX_POINT('',#1288);
#345=VERTEX_POINT('',#1314);
#346=VERTEX_POINT('',#1316);
#347=VERTEX_POINT('',#1342);
#348=VERTEX_POINT('',#1344);
#349=VERTEX_POINT('',#1346);
#350=VERTEX_POINT('',#1349);
#351=VERTEX_POINT('',#1351);
#352=VERTEX_POINT('',#1353);
#353=VERTEX_POINT('',#1355);
#354=VERTEX_POINT('',#1358);
#355=VERTEX_POINT('',#1362);
#356=VERTEX_POINT('',#1366);
#357=VERTEX_POINT('',#1385);
#358=VERTEX_POINT('',#1386);
#359=VERTEX_POINT('',#1397);
#360=VERTEX_POINT('',#1399);
#361=VERTEX_POINT('',#1421);
#362=VERTEX_POINT('',#1423);
#363=VERTEX_POINT('',#1442);
#364=VERTEX_POINT('',#1453);
#365=VERTEX_POINT('',#1481);
#366=VERTEX_POINT('',#1482);
#367=VERTEX_POINT('',#1493);
#368=VERTEX_POINT('',#1495);
#369=VERTEX_POINT('',#1517);
#370=VERTEX_POINT('',#1519);
#371=VERTEX_POINT('',#1538);
#372=VERTEX_POINT('',#1549);
#373=VERTEX_POINT('',#1577);
#374=VERTEX_POINT('',#1578);
#375=VERTEX_POINT('',#1589);
#376=VERTEX_POINT('',#1591);
#377=VERTEX_POINT('',#1613);
#378=VERTEX_POINT('',#1615);
#379=VERTEX_POINT('',#1634);
#380=VERTEX_POINT('',#1645);
#381=VERTEX_POINT('',#1673);
#382=VERTEX_POINT('',#1674);
#383=VERTEX_POINT('',#1685);
#384=VERTEX_POINT('',#1687);
#385=VERTEX_POINT('',#1709);
#386=VERTEX_POINT('',#1711);
#387=VERTEX_POINT('',#1730);
#388=VERTEX_POINT('',#1741);
#389=VERTEX_POINT('',#1754);
#390=VERTEX_POINT('',#1760);
#391=VERTEX_POINT('',#1763);
#392=VERTEX_POINT('',#1765);
#393=VERTEX_POINT('',#1767);
#394=VERTEX_POINT('',#1769);
#395=VERTEX_POINT('',#1933);
#396=VERTEX_POINT('',#1937);
#397=VERTEX_POINT('',#1941);
#398=VERTEX_POINT('',#1946);
#399=EDGE_CURVE('',#323,#324,#303,.T.);
#400=EDGE_CURVE('',#324,#325,#211,.T.);
#401=EDGE_CURVE('',#325,#326,#304,.T.);
#402=EDGE_CURVE('',#326,#323,#212,.T.);
#403=EDGE_CURVE('',#327,#324,#213,.T.);
#404=EDGE_CURVE('',#328,#327,#214,.T.);
#405=EDGE_CURVE('',#328,#325,#215,.T.);
#406=EDGE_CURVE('',#323,#329,#216,.T.);
#407=EDGE_CURVE('',#329,#330,#305,.T.);
#408=EDGE_CURVE('',#330,#331,#217,.T.);
#409=EDGE_CURVE('',#331,#332,#73,.T.);
#410=EDGE_CURVE('',#333,#332,#45,.T.);
#411=EDGE_CURVE('',#333,#334,#74,.T.);
#412=EDGE_CURVE('',#334,#335,#218,.T.);
#413=EDGE_CURVE('',#335,#336,#75,.T.);
#414=EDGE_CURVE('',#337,#336,#46,.T.);
#415=EDGE_CURVE('',#337,#338,#76,.T.);
#416=EDGE_CURVE('',#338,#339,#219,.T.);
#417=EDGE_CURVE('',#339,#340,#77,.T.);
#418=EDGE_CURVE('',#341,#340,#47,.T.);
#419=EDGE_CURVE('',#341,#342,#78,.T.);
#420=EDGE_CURVE('',#342,#343,#220,.T.);
#421=EDGE_CURVE('',#343,#344,#79,.T.);
#422=EDGE_CURVE('',#345,#344,#48,.T.);
#423=EDGE_CURVE('',#345,#346,#80,.T.);
#424=EDGE_CURVE('',#346,#347,#221,.T.);
#425=EDGE_CURVE('',#347,#348,#306,.T.);
#426=EDGE_CURVE('',#348,#349,#222,.T.);
#427=EDGE_CURVE('',#327,#349,#307,.T.);
#428=EDGE_CURVE('',#350,#350,#308,.T.);
#429=EDGE_CURVE('',#351,#351,#309,.T.);
#430=EDGE_CURVE('',#352,#352,#310,.T.);
#431=EDGE_CURVE('',#353,#353,#311,.T.);
#432=EDGE_CURVE('',#354,#328,#312,.T.);
#433=EDGE_CURVE('',#349,#354,#223,.T.);
#434=EDGE_CURVE('',#348,#355,#224,.T.);
#435=EDGE_CURVE('',#355,#354,#225,.T.);
#436=EDGE_CURVE('',#326,#356,#226,.T.);
#437=EDGE_CURVE('',#356,#329,#227,.T.);
#438=EDGE_CURVE('',#357,#358,#81,.T.);
#439=EDGE_CURVE('',#358,#359,#228,.T.);
#440=EDGE_CURVE('',#359,#360,#82,.T.);
#441=EDGE_CURVE('',#357,#360,#229,.T.);
#442=EDGE_CURVE('',#361,#358,#49,.T.);
#443=EDGE_CURVE('',#361,#362,#230,.T.);
#444=EDGE_CURVE('',#362,#359,#50,.T.);
#445=EDGE_CURVE('',#361,#363,#83,.T.);
#446=EDGE_CURVE('',#363,#364,#231,.T.);
#447=EDGE_CURVE('',#364,#362,#84,.T.);
#448=EDGE_CURVE('',#365,#366,#85,.T.);
#449=EDGE_CURVE('',#366,#367,#232,.T.);
#450=EDGE_CURVE('',#367,#368,#86,.T.);
#451=EDGE_CURVE('',#365,#368,#233,.T.);
#452=EDGE_CURVE('',#369,#366,#51,.T.);
#453=EDGE_CURVE('',#369,#370,#234,.T.);
#454=EDGE_CURVE('',#370,#367,#52,.T.);
#455=EDGE_CURVE('',#369,#371,#87,.T.);
#456=EDGE_CURVE('',#371,#372,#235,.T.);
#457=EDGE_CURVE('',#372,#370,#88,.T.);
#458=EDGE_CURVE('',#373,#374,#89,.T.);
#459=EDGE_CURVE('',#374,#375,#236,.T.);
#460=EDGE_CURVE('',#375,#376,#90,.T.);
#461=EDGE_CURVE('',#373,#376,#237,.T.);
#462=EDGE_CURVE('',#377,#374,#53,.T.);
#463=EDGE_CURVE('',#377,#378,#238,.T.);
#464=EDGE_CURVE('',#378,#375,#54,.T.);
#465=EDGE_CURVE('',#377,#379,#91,.T.);
#466=EDGE_CURVE('',#379,#380,#239,.T.);
#467=EDGE_CURVE('',#380,#378,#92,.T.);
#468=EDGE_CURVE('',#381,#382,#93,.T.);
#469=EDGE_CURVE('',#382,#383,#240,.T.);
#470=EDGE_CURVE('',#383,#384,#94,.T.);
#471=EDGE_CURVE('',#381,#384,#241,.T.);
#472=EDGE_CURVE('',#385,#382,#55,.T.);
#473=EDGE_CURVE('',#385,#386,#242,.T.);
#474=EDGE_CURVE('',#386,#383,#56,.T.);
#475=EDGE_CURVE('',#385,#387,#95,.T.);
#476=EDGE_CURVE('',#387,#388,#243,.T.);
#477=EDGE_CURVE('',#388,#386,#96,.T.);
#478=EDGE_CURVE('',#389,#355,#313,.T.);
#479=EDGE_CURVE('',#360,#389,#244,.T.);
#480=EDGE_CURVE('',#368,#364,#245,.T.);
#481=EDGE_CURVE('',#376,#372,#246,.T.);
#482=EDGE_CURVE('',#384,#380,#247,.T.);
#483=EDGE_CURVE('',#390,#388,#248,.T.);
#484=EDGE_CURVE('',#356,#390,#314,.T.);
#485=EDGE_CURVE('',#391,#391,#315,.T.);
#486=EDGE_CURVE('',#392,#392,#316,.T.);
#487=EDGE_CURVE('',#393,#393,#317,.T.);
#488=EDGE_CURVE('',#394,#394,#318,.T.);
#489=EDGE_CURVE('',#332,#385,#57,.T.);
#490=EDGE_CURVE('',#387,#331,#58,.T.);
#491=EDGE_CURVE('',#382,#333,#59,.T.);
#492=EDGE_CURVE('',#334,#381,#60,.T.);
#493=EDGE_CURVE('',#379,#335,#61,.T.);
#494=EDGE_CURVE('',#336,#377,#62,.T.);
#495=EDGE_CURVE('',#374,#337,#63,.T.);
#496=EDGE_CURVE('',#338,#373,#64,.T.);
#497=EDGE_CURVE('',#371,#339,#65,.T.);
#498=EDGE_CURVE('',#340,#369,#66,.T.);
#499=EDGE_CURVE('',#366,#341,#67,.T.);
#500=EDGE_CURVE('',#342,#365,#68,.T.);
#501=EDGE_CURVE('',#363,#343,#69,.T.);
#502=EDGE_CURVE('',#344,#361,#70,.T.);
#503=EDGE_CURVE('',#358,#345,#71,.T.);
#504=EDGE_CURVE('',#346,#357,#72,.T.);
#505=EDGE_CURVE('',#389,#347,#249,.T.);
#506=EDGE_CURVE('',#330,#390,#250,.T.);
#507=EDGE_CURVE('',#394,#353,#251,.T.);
#508=EDGE_CURVE('',#393,#352,#252,.T.);
#509=EDGE_CURVE('',#395,#395,#319,.T.);
#510=EDGE_CURVE('',#395,#351,#253,.T.);
#511=EDGE_CURVE('',#396,#396,#320,.T.);
#512=EDGE_CURVE('',#396,#350,#254,.T.);
#513=EDGE_CURVE('',#392,#397,#255,.T.);
#514=EDGE_CURVE('',#397,#397,#321,.T.);
#515=EDGE_CURVE('',#391,#398,#256,.T.);
#516=EDGE_CURVE('',#398,#398,#322,.T.);
#517=ORIENTED_EDGE('',*,*,#399,.T.);
#518=ORIENTED_EDGE('',*,*,#400,.T.);
#519=ORIENTED_EDGE('',*,*,#401,.T.);
#520=ORIENTED_EDGE('',*,*,#402,.T.);
#521=ORIENTED_EDGE('',*,*,#400,.F.);
#522=ORIENTED_EDGE('',*,*,#403,.F.);
#523=ORIENTED_EDGE('',*,*,#404,.F.);
#524=ORIENTED_EDGE('',*,*,#405,.T.);
#525=ORIENTED_EDGE('',*,*,#399,.F.);
#526=ORIENTED_EDGE('',*,*,#406,.T.);
#527=ORIENTED_EDGE('',*,*,#407,.T.);
#528=ORIENTED_EDGE('',*,*,#408,.T.);
#529=ORIENTED_EDGE('',*,*,#409,.T.);
#530=ORIENTED_EDGE('',*,*,#410,.F.);
#531=ORIENTED_EDGE('',*,*,#411,.T.);
#532=ORIENTED_EDGE('',*,*,#412,.T.);
#533=ORIENTED_EDGE('',*,*,#413,.T.);
#534=ORIENTED_EDGE('',*,*,#414,.F.);
#535=ORIENTED_EDGE('',*,*,#415,.T.);
#536=ORIENTED_EDGE('',*,*,#416,.T.);
#537=ORIENTED_EDGE('',*,*,#417,.T.);
#538=ORIENTED_EDGE('',*,*,#418,.F.);
#539=ORIENTED_EDGE('',*,*,#419,.T.);
#540=ORIENTED_EDGE('',*,*,#420,.T.);
#541=ORIENTED_EDGE('',*,*,#421,.T.);
#542=ORIENTED_EDGE('',*,*,#422,.F.);
#543=ORIENTED_EDGE('',*,*,#423,.T.);
#544=ORIENTED_EDGE('',*,*,#424,.T.);
#545=ORIENTED_EDGE('',*,*,#425,.T.);
#546=ORIENTED_EDGE('',*,*,#426,.T.);
#547=ORIENTED_EDGE('',*,*,#427,.F.);
#548=ORIENTED_EDGE('',*,*,#403,.T.);
#549=ORIENTED_EDGE('',*,*,#428,.F.);
#550=ORIENTED_EDGE('',*,*,#429,.F.);
#551=ORIENTED_EDGE('',*,*,#430,.F.);
#552=ORIENTED_EDGE('',*,*,#431,.F.);
#553=ORIENTED_EDGE('',*,*,#432,.T.);
#554=ORIENTED_EDGE('',*,*,#404,.T.);
#555=ORIENTED_EDGE('',*,*,#427,.T.);
#556=ORIENTED_EDGE('',*,*,#433,.T.);
#557=ORIENTED_EDGE('',*,*,#433,.F.);
#558=ORIENTED_EDGE('',*,*,#426,.F.);
#559=ORIENTED_EDGE('',*,*,#434,.T.);
#560=ORIENTED_EDGE('',*,*,#435,.T.);
#561=ORIENTED_EDGE('',*,*,#402,.F.);
#562=ORIENTED_EDGE('',*,*,#436,.T.);
#563=ORIENTED_EDGE('',*,*,#437,.T.);
#564=ORIENTED_EDGE('',*,*,#406,.F.);
#565=ORIENTED_EDGE('',*,*,#438,.T.);
#566=ORIENTED_EDGE('',*,*,#439,.T.);
#567=ORIENTED_EDGE('',*,*,#440,.T.);
#568=ORIENTED_EDGE('',*,*,#441,.F.);
#569=ORIENTED_EDGE('',*,*,#442,.F.);
#570=ORIENTED_EDGE('',*,*,#443,.T.);
#571=ORIENTED_EDGE('',*,*,#444,.T.);
#572=ORIENTED_EDGE('',*,*,#439,.F.);
#573=ORIENTED_EDGE('',*,*,#445,.T.);
#574=ORIENTED_EDGE('',*,*,#446,.T.);
#575=ORIENTED_EDGE('',*,*,#447,.T.);
#576=ORIENTED_EDGE('',*,*,#443,.F.);
#577=ORIENTED_EDGE('',*,*,#448,.T.);
#578=ORIENTED_EDGE('',*,*,#449,.T.);
#579=ORIENTED_EDGE('',*,*,#450,.T.);
#580=ORIENTED_EDGE('',*,*,#451,.F.);
#581=ORIENTED_EDGE('',*,*,#452,.F.);
#582=ORIENTED_EDGE('',*,*,#453,.T.);
#583=ORIENTED_EDGE('',*,*,#454,.T.);
#584=ORIENTED_EDGE('',*,*,#449,.F.);
#585=ORIENTED_EDGE('',*,*,#455,.T.);
#586=ORIENTED_EDGE('',*,*,#456,.T.);
#587=ORIENTED_EDGE('',*,*,#457,.T.);
#588=ORIENTED_EDGE('',*,*,#453,.F.);
#589=ORIENTED_EDGE('',*,*,#458,.T.);
#590=ORIENTED_EDGE('',*,*,#459,.T.);
#591=ORIENTED_EDGE('',*,*,#460,.T.);
#592=ORIENTED_EDGE('',*,*,#461,.F.);
#593=ORIENTED_EDGE('',*,*,#462,.F.);
#594=ORIENTED_EDGE('',*,*,#463,.T.);
#595=ORIENTED_EDGE('',*,*,#464,.T.);
#596=ORIENTED_EDGE('',*,*,#459,.F.);
#597=ORIENTED_EDGE('',*,*,#465,.T.);
#598=ORIENTED_EDGE('',*,*,#466,.T.);
#599=ORIENTED_EDGE('',*,*,#467,.T.);
#600=ORIENTED_EDGE('',*,*,#463,.F.);
#601=ORIENTED_EDGE('',*,*,#468,.T.);
#602=ORIENTED_EDGE('',*,*,#469,.T.);
#603=ORIENTED_EDGE('',*,*,#470,.T.);
#604=ORIENTED_EDGE('',*,*,#471,.F.);
#605=ORIENTED_EDGE('',*,*,#472,.F.);
#606=ORIENTED_EDGE('',*,*,#473,.T.);
#607=ORIENTED_EDGE('',*,*,#474,.T.);
#608=ORIENTED_EDGE('',*,*,#469,.F.);
#609=ORIENTED_EDGE('',*,*,#475,.T.);
#610=ORIENTED_EDGE('',*,*,#476,.T.);
#611=ORIENTED_EDGE('',*,*,#477,.T.);
#612=ORIENTED_EDGE('',*,*,#473,.F.);
#613=ORIENTED_EDGE('',*,*,#401,.F.);
#614=ORIENTED_EDGE('',*,*,#405,.F.);
#615=ORIENTED_EDGE('',*,*,#432,.F.);
#616=ORIENTED_EDGE('',*,*,#435,.F.);
#617=ORIENTED_EDGE('',*,*,#478,.F.);
#618=ORIENTED_EDGE('',*,*,#479,.F.);
#619=ORIENTED_EDGE('',*,*,#440,.F.);
#620=ORIENTED_EDGE('',*,*,#444,.F.);
#621=ORIENTED_EDGE('',*,*,#447,.F.);
#622=ORIENTED_EDGE('',*,*,#480,.F.);
#623=ORIENTED_EDGE('',*,*,#450,.F.);
#624=ORIENTED_EDGE('',*,*,#454,.F.);
#625=ORIENTED_EDGE('',*,*,#457,.F.);
#626=ORIENTED_EDGE('',*,*,#481,.F.);
#627=ORIENTED_EDGE('',*,*,#460,.F.);
#628=ORIENTED_EDGE('',*,*,#464,.F.);
#629=ORIENTED_EDGE('',*,*,#467,.F.);
#630=ORIENTED_EDGE('',*,*,#482,.F.);
#631=ORIENTED_EDGE('',*,*,#470,.F.);
#632=ORIENTED_EDGE('',*,*,#474,.F.);
#633=ORIENTED_EDGE('',*,*,#477,.F.);
#634=ORIENTED_EDGE('',*,*,#483,.F.);
#635=ORIENTED_EDGE('',*,*,#484,.F.);
#636=ORIENTED_EDGE('',*,*,#436,.F.);
#637=ORIENTED_EDGE('',*,*,#485,.F.);
#638=ORIENTED_EDGE('',*,*,#486,.F.);
#639=ORIENTED_EDGE('',*,*,#487,.F.);
#640=ORIENTED_EDGE('',*,*,#488,.F.);
#641=ORIENTED_EDGE('',*,*,#475,.F.);
#642=ORIENTED_EDGE('',*,*,#489,.F.);
#643=ORIENTED_EDGE('',*,*,#409,.F.);
#644=ORIENTED_EDGE('',*,*,#490,.F.);
#645=ORIENTED_EDGE('',*,*,#489,.T.);
#646=ORIENTED_EDGE('',*,*,#472,.T.);
#647=ORIENTED_EDGE('',*,*,#491,.T.);
#648=ORIENTED_EDGE('',*,*,#410,.T.);
#649=ORIENTED_EDGE('',*,*,#411,.F.);
#650=ORIENTED_EDGE('',*,*,#491,.F.);
#651=ORIENTED_EDGE('',*,*,#468,.F.);
#652=ORIENTED_EDGE('',*,*,#492,.F.);
#653=ORIENTED_EDGE('',*,*,#492,.T.);
#654=ORIENTED_EDGE('',*,*,#471,.T.);
#655=ORIENTED_EDGE('',*,*,#482,.T.);
#656=ORIENTED_EDGE('',*,*,#466,.F.);
#657=ORIENTED_EDGE('',*,*,#493,.T.);
#658=ORIENTED_EDGE('',*,*,#412,.F.);
#659=ORIENTED_EDGE('',*,*,#465,.F.);
#660=ORIENTED_EDGE('',*,*,#494,.F.);
#661=ORIENTED_EDGE('',*,*,#413,.F.);
#662=ORIENTED_EDGE('',*,*,#493,.F.);
#663=ORIENTED_EDGE('',*,*,#494,.T.);
#664=ORIENTED_EDGE('',*,*,#462,.T.);
#665=ORIENTED_EDGE('',*,*,#495,.T.);
#666=ORIENTED_EDGE('',*,*,#414,.T.);
#667=ORIENTED_EDGE('',*,*,#415,.F.);
#668=ORIENTED_EDGE('',*,*,#495,.F.);
#669=ORIENTED_EDGE('',*,*,#458,.F.);
#670=ORIENTED_EDGE('',*,*,#496,.F.);
#671=ORIENTED_EDGE('',*,*,#496,.T.);
#672=ORIENTED_EDGE('',*,*,#461,.T.);
#673=ORIENTED_EDGE('',*,*,#481,.T.);
#674=ORIENTED_EDGE('',*,*,#456,.F.);
#675=ORIENTED_EDGE('',*,*,#497,.T.);
#676=ORIENTED_EDGE('',*,*,#416,.F.);
#677=ORIENTED_EDGE('',*,*,#455,.F.);
#678=ORIENTED_EDGE('',*,*,#498,.F.);
#679=ORIENTED_EDGE('',*,*,#417,.F.);
#680=ORIENTED_EDGE('',*,*,#497,.F.);
#681=ORIENTED_EDGE('',*,*,#498,.T.);
#682=ORIENTED_EDGE('',*,*,#452,.T.);
#683=ORIENTED_EDGE('',*,*,#499,.T.);
#684=ORIENTED_EDGE('',*,*,#418,.T.);
#685=ORIENTED_EDGE('',*,*,#419,.F.);
#686=ORIENTED_EDGE('',*,*,#499,.F.);
#687=ORIENTED_EDGE('',*,*,#448,.F.);
#688=ORIENTED_EDGE('',*,*,#500,.F.);
#689=ORIENTED_EDGE('',*,*,#500,.T.);
#690=ORIENTED_EDGE('',*,*,#451,.T.);
#691=ORIENTED_EDGE('',*,*,#480,.T.);
#692=ORIENTED_EDGE('',*,*,#446,.F.);
#693=ORIENTED_EDGE('',*,*,#501,.T.);
#694=ORIENTED_EDGE('',*,*,#420,.F.);
#695=ORIENTED_EDGE('',*,*,#445,.F.);
#696=ORIENTED_EDGE('',*,*,#502,.F.);
#697=ORIENTED_EDGE('',*,*,#421,.F.);
#698=ORIENTED_EDGE('',*,*,#501,.F.);
#699=ORIENTED_EDGE('',*,*,#502,.T.);
#700=ORIENTED_EDGE('',*,*,#442,.T.);
#701=ORIENTED_EDGE('',*,*,#503,.T.);
#702=ORIENTED_EDGE('',*,*,#422,.T.);
#703=ORIENTED_EDGE('',*,*,#423,.F.);
#704=ORIENTED_EDGE('',*,*,#503,.F.);
#705=ORIENTED_EDGE('',*,*,#438,.F.);
#706=ORIENTED_EDGE('',*,*,#504,.F.);
#707=ORIENTED_EDGE('',*,*,#504,.T.);
#708=ORIENTED_EDGE('',*,*,#441,.T.);
#709=ORIENTED_EDGE('',*,*,#479,.T.);
#710=ORIENTED_EDGE('',*,*,#505,.T.);
#711=ORIENTED_EDGE('',*,*,#424,.F.);
#712=ORIENTED_EDGE('',*,*,#490,.T.);
#713=ORIENTED_EDGE('',*,*,#408,.F.);
#714=ORIENTED_EDGE('',*,*,#506,.T.);
#715=ORIENTED_EDGE('',*,*,#483,.T.);
#716=ORIENTED_EDGE('',*,*,#476,.F.);
#717=ORIENTED_EDGE('',*,*,#488,.T.);
#718=ORIENTED_EDGE('',*,*,#507,.T.);
#719=ORIENTED_EDGE('',*,*,#431,.T.);
#720=ORIENTED_EDGE('',*,*,#507,.F.);
#721=ORIENTED_EDGE('',*,*,#487,.T.);
#722=ORIENTED_EDGE('',*,*,#508,.T.);
#723=ORIENTED_EDGE('',*,*,#430,.T.);
#724=ORIENTED_EDGE('',*,*,#508,.F.);
#725=ORIENTED_EDGE('',*,*,#437,.F.);
#726=ORIENTED_EDGE('',*,*,#484,.T.);
#727=ORIENTED_EDGE('',*,*,#506,.F.);
#728=ORIENTED_EDGE('',*,*,#407,.F.);
#729=ORIENTED_EDGE('',*,*,#505,.F.);
#730=ORIENTED_EDGE('',*,*,#478,.T.);
#731=ORIENTED_EDGE('',*,*,#434,.F.);
#732=ORIENTED_EDGE('',*,*,#425,.F.);
#733=ORIENTED_EDGE('',*,*,#509,.T.);
#734=ORIENTED_EDGE('',*,*,#510,.T.);
#735=ORIENTED_EDGE('',*,*,#429,.T.);
#736=ORIENTED_EDGE('',*,*,#510,.F.);
#737=ORIENTED_EDGE('',*,*,#511,.T.);
#738=ORIENTED_EDGE('',*,*,#512,.T.);
#739=ORIENTED_EDGE('',*,*,#428,.T.);
#740=ORIENTED_EDGE('',*,*,#512,.F.);
#741=ORIENTED_EDGE('',*,*,#486,.T.);
#742=ORIENTED_EDGE('',*,*,#513,.T.);
#743=ORIENTED_EDGE('',*,*,#514,.F.);
#744=ORIENTED_EDGE('',*,*,#513,.F.);
#745=ORIENTED_EDGE('',*,*,#514,.T.);
#746=ORIENTED_EDGE('',*,*,#509,.F.);
#747=ORIENTED_EDGE('',*,*,#485,.T.);
#748=ORIENTED_EDGE('',*,*,#515,.T.);
#749=ORIENTED_EDGE('',*,*,#516,.F.);
#750=ORIENTED_EDGE('',*,*,#515,.F.);
#751=ORIENTED_EDGE('',*,*,#516,.T.);
#752=ORIENTED_EDGE('',*,*,#511,.F.);
#753=CYLINDRICAL_SURFACE('',#827,3.475);
#754=CYLINDRICAL_SURFACE('',#843,3.475);
#755=CYLINDRICAL_SURFACE('',#864,6.25);
#756=CYLINDRICAL_SURFACE('',#870,6.25);
#757=CYLINDRICAL_SURFACE('',#876,6.25);
#758=CYLINDRICAL_SURFACE('',#882,6.25);
#759=CYLINDRICAL_SURFACE('',#887,3.);
#760=CYLINDRICAL_SURFACE('',#888,3.);
#761=CYLINDRICAL_SURFACE('',#889,3.475);
#762=CYLINDRICAL_SURFACE('',#890,3.475);
#763=CYLINDRICAL_SURFACE('',#891,1.35);
#764=CYLINDRICAL_SURFACE('',#893,1.35);
#765=CYLINDRICAL_SURFACE('',#895,3.);
#766=CYLINDRICAL_SURFACE('',#898,3.);
#767=ADVANCED_FACE('',(#109),#753,.T.);
#768=ADVANCED_FACE('',(#110),#97,.F.);
#769=ADVANCED_FACE('',(#111,#35,#36,#37,#38),#98,.T.);
#770=ADVANCED_FACE('',(#112),#754,.T.);
#771=ADVANCED_FACE('',(#113),#99,.F.);
#772=ADVANCED_FACE('',(#114),#100,.F.);
#773=ADVANCED_FACE('',(#115),#19,.F.);
#774=ADVANCED_FACE('',(#116),#15,.F.);
#775=ADVANCED_FACE('',(#117),#20,.F.);
#776=ADVANCED_FACE('',(#118),#21,.F.);
#777=ADVANCED_FACE('',(#119),#16,.F.);
#778=ADVANCED_FACE('',(#120),#22,.F.);
#779=ADVANCED_FACE('',(#121),#23,.F.);
#780=ADVANCED_FACE('',(#122),#17,.F.);
#781=ADVANCED_FACE('',(#123),#24,.F.);
#782=ADVANCED_FACE('',(#124),#25,.F.);
#783=ADVANCED_FACE('',(#125),#18,.F.);
#784=ADVANCED_FACE('',(#126),#26,.F.);
#785=ADVANCED_FACE('',(#127,#39,#40,#41,#42),#101,.F.);
#786=ADVANCED_FACE('',(#128),#27,.T.);
#787=ADVANCED_FACE('',(#129),#755,.F.);
#788=ADVANCED_FACE('',(#130),#28,.T.);
#789=ADVANCED_FACE('',(#131),#102,.F.);
#790=ADVANCED_FACE('',(#132),#29,.T.);
#791=ADVANCED_FACE('',(#133),#756,.F.);
#792=ADVANCED_FACE('',(#134),#30,.T.);
#793=ADVANCED_FACE('',(#135),#103,.F.);
#794=ADVANCED_FACE('',(#136),#31,.T.);
#795=ADVANCED_FACE('',(#137),#757,.F.);
#796=ADVANCED_FACE('',(#138),#32,.T.);
#797=ADVANCED_FACE('',(#139),#104,.F.);
#798=ADVANCED_FACE('',(#140),#33,.T.);
#799=ADVANCED_FACE('',(#141),#758,.F.);
#800=ADVANCED_FACE('',(#142),#34,.T.);
#801=ADVANCED_FACE('',(#143),#105,.F.);
#802=ADVANCED_FACE('',(#144),#106,.F.);
#803=ADVANCED_FACE('',(#145),#759,.F.);
#804=ADVANCED_FACE('',(#146),#760,.F.);
#805=ADVANCED_FACE('',(#147),#761,.T.);
#806=ADVANCED_FACE('',(#148),#762,.T.);
#807=ADVANCED_FACE('',(#149),#763,.F.);
#808=ADVANCED_FACE('',(#150),#764,.F.);
#809=ADVANCED_FACE('',(#151),#765,.F.);
#810=ADVANCED_FACE('',(#152,#43),#107,.F.);
#811=ADVANCED_FACE('',(#153),#766,.F.);
#812=ADVANCED_FACE('',(#154,#44),#108,.F.);
#813=CLOSED_SHELL('',(#767,#768,#769,#770,#771,#772,#773,#774,#775,#776,
#777,#778,#779,#780,#781,#782,#783,#784,#785,#786,#787,#788,#789,#790,#791,
#792,#793,#794,#795,#796,#797,#798,#799,#800,#801,#802,#803,#804,#805,#806,
#807,#808,#809,#810,#811,#812));
#814=DERIVED_UNIT_ELEMENT(#816,1.);
#815=DERIVED_UNIT_ELEMENT(#1955,-3.);
#816=(
MASS_UNIT()
NAMED_UNIT(*)
SI_UNIT(.KILO.,.GRAM.)
);
#817=DERIVED_UNIT((#814,#815));
#818=MEASURE_REPRESENTATION_ITEM('density measure',
POSITIVE_RATIO_MEASURE(7850.),#817);
#819=PROPERTY_DEFINITION_REPRESENTATION(#824,#821);
#820=PROPERTY_DEFINITION_REPRESENTATION(#825,#822);
#821=REPRESENTATION('material name',(#823),#1952);
#822=REPRESENTATION('density',(#818),#1952);
#823=DESCRIPTIVE_REPRESENTATION_ITEM('Steel','Steel');
#824=PROPERTY_DEFINITION('material property','material name',#1962);
#825=PROPERTY_DEFINITION('material property','density of part',#1962);
#826=AXIS2_PLACEMENT_3D('',#1097,#901,#902);
#827=AXIS2_PLACEMENT_3D('',#1098,#903,#904);
#828=AXIS2_PLACEMENT_3D('',#1101,#905,#906);
#829=AXIS2_PLACEMENT_3D('',#1105,#908,#909);
#830=AXIS2_PLACEMENT_3D('',#1107,#911,#912);
#831=AXIS2_PLACEMENT_3D('',#1113,#916,#917);
#832=AXIS2_PLACEMENT_3D('',#1117,#919,#920);
#833=AXIS2_PLACEMENT_3D('',#1147,#922,#923);
#834=AXIS2_PLACEMENT_3D('',#1203,#925,#926);
#835=AXIS2_PLACEMENT_3D('',#1259,#928,#929);
#836=AXIS2_PLACEMENT_3D('',#1315,#931,#932);
#837=AXIS2_PLACEMENT_3D('',#1345,#934,#935);
#838=AXIS2_PLACEMENT_3D('',#1348,#937,#938);
#839=AXIS2_PLACEMENT_3D('',#1350,#939,#940);
#840=AXIS2_PLACEMENT_3D('',#1352,#941,#942);
#841=AXIS2_PLACEMENT_3D('',#1354,#943,#944);
#842=AXIS2_PLACEMENT_3D('',#1356,#945,#946);
#843=AXIS2_PLACEMENT_3D('',#1357,#947,#948);
#844=AXIS2_PLACEMENT_3D('',#1359,#949,#950);
#845=AXIS2_PLACEMENT_3D('',#1361,#952,#953);
#846=AXIS2_PLACEMENT_3D('',#1365,#956,#957);
#847=AXIS2_PLACEMENT_3D('',#1422,#962,#963);
#848=AXIS2_PLACEMENT_3D('',#1425,#965,#966);
#849=AXIS2_PLACEMENT_3D('',#1518,#970,#971);
#850=AXIS2_PLACEMENT_3D('',#1521,#973,#974);
#851=AXIS2_PLACEMENT_3D('',#1614,#978,#979);
#852=AXIS2_PLACEMENT_3D('',#1617,#981,#982);
#853=AXIS2_PLACEMENT_3D('',#1710,#986,#987);
#854=AXIS2_PLACEMENT_3D('',#1713,#989,#990);
#855=AXIS2_PLACEMENT_3D('',#1753,#992,#993);
#856=AXIS2_PLACEMENT_3D('',#1755,#994,#995);
#857=AXIS2_PLACEMENT_3D('',#1762,#1001,#1002);
#858=AXIS2_PLACEMENT_3D('',#1764,#1003,#1004);
#859=AXIS2_PLACEMENT_3D('',#1766,#1005,#1006);
#860=AXIS2_PLACEMENT_3D('',#1768,#1007,#1008);
#861=AXIS2_PLACEMENT_3D('',#1770,#1009,#1010);
#862=AXIS2_PLACEMENT_3D('',#1787,#1011,#1012);
#863=AXIS2_PLACEMENT_3D('',#1788,#1013,#1014);
#864=AXIS2_PLACEMENT_3D('',#1789,#1015,#1016);
#865=AXIS2_PLACEMENT_3D('',#1790,#1017,#1018);
#866=AXIS2_PLACEMENT_3D('',#1807,#1019,#1020);
#867=AXIS2_PLACEMENT_3D('',#1808,#1021,#1022);
#868=AXIS2_PLACEMENT_3D('',#1809,#1023,#1024);
#869=AXIS2_PLACEMENT_3D('',#1826,#1025,#1026);
#870=AXIS2_PLACEMENT_3D('',#1827,#1027,#1028);
#871=AXIS2_PLACEMENT_3D('',#1828,#1029,#1030);
#872=AXIS2_PLACEMENT_3D('',#1845,#1031,#1032);
#873=AXIS2_PLACEMENT_3D('',#1846,#1033,#1034);
#874=AXIS2_PLACEMENT_3D('',#1847,#1035,#1036);
#875=AXIS2_PLACEMENT_3D('',#1864,#1037,#1038);
#876=AXIS2_PLACEMENT_3D('',#1865,#1039,#1040);
#877=AXIS2_PLACEMENT_3D('',#1866,#1041,#1042);
#878=AXIS2_PLACEMENT_3D('',#1883,#1043,#1044);
#879=AXIS2_PLACEMENT_3D('',#1884,#1045,#1046);
#880=AXIS2_PLACEMENT_3D('',#1885,#1047,#1048);
#881=AXIS2_PLACEMENT_3D('',#1902,#1049,#1050);
#882=AXIS2_PLACEMENT_3D('',#1903,#1051,#1052);
#883=AXIS2_PLACEMENT_3D('',#1904,#1053,#1054);
#884=AXIS2_PLACEMENT_3D('',#1921,#1055,#1056);
#885=AXIS2_PLACEMENT_3D('',#1922,#1057,#1058);
#886=AXIS2_PLACEMENT_3D('',#1924,#1060,#1061);
#887=AXIS2_PLACEMENT_3D('',#1926,#1063,#1064);
#888=AXIS2_PLACEMENT_3D('',#1928,#1066,#1067);
#889=AXIS2_PLACEMENT_3D('',#1930,#1069,#1070);
#890=AXIS2_PLACEMENT_3D('',#1931,#1071,#1072);
#891=AXIS2_PLACEMENT_3D('',#1932,#1073,#1074);
#892=AXIS2_PLACEMENT_3D('',#1934,#1075,#1076);
#893=AXIS2_PLACEMENT_3D('',#1936,#1078,#1079);
#894=AXIS2_PLACEMENT_3D('',#1938,#1080,#1081);
#895=AXIS2_PLACEMENT_3D('',#1940,#1083,#1084);
#896=AXIS2_PLACEMENT_3D('',#1943,#1086,#1087);
#897=AXIS2_PLACEMENT_3D('',#1944,#1088,#1089);
#898=AXIS2_PLACEMENT_3D('',#1945,#1090,#1091);
#899=AXIS2_PLACEMENT_3D('',#1948,#1093,#1094);
#900=AXIS2_PLACEMENT_3D('',#1949,#1095,#1096);
#901=DIRECTION('axis',(0.,0.,1.));
#902=DIRECTION('refdir',(1.,0.,0.));
#903=DIRECTION('center_axis',(0.,1.,0.));
#904=DIRECTION('ref_axis',(-0.707106781186548,0.,-0.707106781186548));
#905=DIRECTION('center_axis',(0.,-1.,0.));
#906=DIRECTION('ref_axis',(-0.707106781186548,0.,-0.707106781186548));
#907=DIRECTION('',(0.,-1.,0.));
#908=DIRECTION('center_axis',(0.,1.,0.));
#909=DIRECTION('ref_axis',(-0.707106781186548,0.,-0.707106781186548));
#910=DIRECTION('',(0.,1.,0.));
#911=DIRECTION('center_axis',(2.86139954800298E-17,0.,1.));
#912=DIRECTION('ref_axis',(-1.,0.,2.86139954800298E-17));
#913=DIRECTION('',(-1.,0.,2.86139954800298E-17));
#914=DIRECTION('',(0.,1.,0.));
#915=DIRECTION('',(-1.,0.,2.86139954800298E-17));
#916=DIRECTION('center_axis',(0.,1.,0.));
#917=DIRECTION('ref_axis',(-1.,0.,0.));
#918=DIRECTION('',(0.,0.,1.));
#919=DIRECTION('center_axis',(0.,1.,0.));
#920=DIRECTION('ref_axis',(-0.707106781186548,0.,0.707106781186548));
#921=DIRECTION('',(1.,0.,0.));
#922=DIRECTION('center_axis',(0.,1.,0.));
#923=DIRECTION('ref_axis',(0.,0.,1.));
#924=DIRECTION('',(1.,0.,0.));
#925=DIRECTION('center_axis',(0.,1.,0.));
#926=DIRECTION('ref_axis',(0.,0.,1.));
#927=DIRECTION('',(1.,0.,0.));
#928=DIRECTION('center_axis',(0.,1.,0.));
#929=DIRECTION('ref_axis',(0.,0.,1.));
#930=DIRECTION('',(1.,0.,0.));
#931=DIRECTION('center_axis',(0.,1.,0.));
#932=DIRECTION('ref_axis',(0.,0.,1.));
#933=DIRECTION('',(1.,0.,0.));
#934=DIRECTION('center_axis',(0.,1.,0.));
#935=DIRECTION('ref_axis',(0.707106781186548,0.,0.707106781186548));
#936=DIRECTION('',(0.,0.,-1.));
#937=DIRECTION('center_axis',(0.,-1.,0.));
#938=DIRECTION('ref_axis',(0.707106781186548,0.,-0.707106781186548));
#939=DIRECTION('center_axis',(0.,1.,0.));
#940=DIRECTION('ref_axis',(-1.,0.,0.));
#941=DIRECTION('center_axis',(0.,1.,0.));
#942=DIRECTION('ref_axis',(-1.,0.,0.));
#943=DIRECTION('center_axis',(0.,1.,0.));
#944=DIRECTION('ref_axis',(-1.,0.,0.));
#945=DIRECTION('center_axis',(0.,1.,0.));
#946=DIRECTION('ref_axis',(-1.,0.,0.));
#947=DIRECTION('center_axis',(0.,-1.,0.));
#948=DIRECTION('ref_axis',(0.707106781186548,0.,-0.707106781186548));
#949=DIRECTION('center_axis',(0.,1.,0.));
#950=DIRECTION('ref_axis',(0.707106781186548,0.,-0.707106781186548));
#951=DIRECTION('',(0.,-1.,0.));
#952=DIRECTION('center_axis',(-1.,0.,0.));
#953=DIRECTION('ref_axis',(0.,0.,-1.));
#954=DIRECTION('',(0.,-1.,0.));
#955=DIRECTION('',(0.,0.,-1.));
#956=DIRECTION('center_axis',(1.,0.,0.));
#957=DIRECTION('ref_axis',(0.,0.,1.));
#958=DIRECTION('',(0.,0.,1.));
#959=DIRECTION('',(0.,1.,0.));
#960=DIRECTION('',(0.,-1.,0.));
#961=DIRECTION('',(0.,-1.,0.));
#962=DIRECTION('center_axis',(0.,-1.,0.));
#963=DIRECTION('ref_axis',(0.,0.,1.));
#964=DIRECTION('',(0.,-1.,0.));
#965=DIRECTION('center_axis',(0.,-1.,0.));
#966=DIRECTION('ref_axis',(0.,0.,1.));
#967=DIRECTION('',(0.,-1.,0.));
#968=DIRECTION('',(0.,-1.,0.));
#969=DIRECTION('',(0.,-1.,0.));
#970=DIRECTION('center_axis',(0.,-1.,0.));
#971=DIRECTION('ref_axis',(0.,0.,1.));
#972=DIRECTION('',(0.,-1.,0.));
#973=DIRECTION('center_axis',(0.,-1.,0.));
#974=DIRECTION('ref_axis',(0.,0.,1.));
#975=DIRECTION('',(0.,-1.,0.));
#976=DIRECTION('',(0.,-1.,0.));
#977=DIRECTION('',(0.,-1.,0.));
#978=DIRECTION('center_axis',(0.,-1.,0.));
#979=DIRECTION('ref_axis',(0.,0.,1.));
#980=DIRECTION('',(0.,-1.,0.));
#981=DIRECTION('center_axis',(0.,-1.,0.));
#982=DIRECTION('ref_axis',(0.,0.,1.));
#983=DIRECTION('',(0.,-1.,0.));
#984=DIRECTION('',(0.,-1.,0.));
#985=DIRECTION('',(0.,-1.,0.));
#986=DIRECTION('center_axis',(0.,-1.,0.));
#987=DIRECTION('ref_axis',(0.,0.,1.));
#988=DIRECTION('',(0.,-1.,0.));
#989=DIRECTION('center_axis',(0.,-1.,0.));
#990=DIRECTION('ref_axis',(0.,0.,1.));
#991=DIRECTION('',(0.,-1.,0.));
#992=DIRECTION('center_axis',(0.,1.,0.));
#993=DIRECTION('ref_axis',(0.,0.,1.));
#994=DIRECTION('center_axis',(0.,1.,0.));
#995=DIRECTION('ref_axis',(0.707106781186548,0.,0.707106781186548));
#996=DIRECTION('',(1.,0.,0.));
#997=DIRECTION('',(1.,0.,0.));
#998=DIRECTION('',(1.,0.,0.));
#999=DIRECTION('',(1.,0.,0.));
#1000=DIRECTION('',(1.,0.,0.));
#1001=DIRECTION('center_axis',(0.,1.,0.));
#1002=DIRECTION('ref_axis',(-0.707106781186548,0.,0.707106781186548));
#1003=DIRECTION('center_axis',(0.,-1.,0.));
#1004=DIRECTION('ref_axis',(-1.,0.,0.));
#1005=DIRECTION('center_axis',(0.,-1.,0.));
#1006=DIRECTION('ref_axis',(-1.,0.,0.));
#1007=DIRECTION('center_axis',(0.,-1.,0.));
#1008=DIRECTION('ref_axis',(-1.,0.,0.));
#1009=DIRECTION('center_axis',(0.,-1.,0.));
#1010=DIRECTION('ref_axis',(-1.,0.,0.));
#1011=DIRECTION('center_axis',(0.,-0.0492248775446742,0.998787720905054));
#1012=DIRECTION('ref_axis',(0.,0.998787720905054,0.0492248775446742));
#1013=DIRECTION('center_axis',(0.,0.,-1.));
#1014=DIRECTION('ref_axis',(0.,1.,0.));
#1015=DIRECTION('center_axis',(0.,-0.984807753012208,-0.17364817766693));
#1016=DIRECTION('ref_axis',(1.,0.,0.));
#1017=DIRECTION('center_axis',(0.,-0.0492248775446742,0.998787720905054));
#1018=DIRECTION('ref_axis',(0.,0.998787720905054,0.0492248775446742));
#1019=DIRECTION('center_axis',(0.,0.,-1.));
#1020=DIRECTION('ref_axis',(0.,1.,0.));
#1021=DIRECTION('center_axis',(0.,0.,-1.));
#1022=DIRECTION('ref_axis',(1.,0.,0.));
#1023=DIRECTION('center_axis',(0.,0.,-1.));
#1024=DIRECTION('ref_axis',(0.,1.,0.));
#1025=DIRECTION('center_axis',(0.,-0.0492248775446742,0.998787720905054));
#1026=DIRECTION('ref_axis',(0.,0.998787720905054,0.0492248775446742));
#1027=DIRECTION('center_axis',(0.,-0.984807753012208,-0.17364817766693));
#1028=DIRECTION('ref_axis',(1.,0.,0.));
#1029=DIRECTION('center_axis',(0.,-0.0492248775446742,0.998787720905054));
#1030=DIRECTION('ref_axis',(0.,0.998787720905054,0.0492248775446742));
#1031=DIRECTION('center_axis',(0.,0.,-1.));
#1032=DIRECTION('ref_axis',(0.,1.,0.));
#1033=DIRECTION('center_axis',(0.,0.,-1.));
#1034=DIRECTION('ref_axis',(1.,0.,0.));
#1035=DIRECTION('center_axis',(0.,0.,-1.));
#1036=DIRECTION('ref_axis',(0.,1.,0.));
#1037=DIRECTION('center_axis',(0.,-0.0492248775446741,0.998787720905054));
#1038=DIRECTION('ref_axis',(0.,0.998787720905054,0.0492248775446741));
#1039=DIRECTION('center_axis',(0.,-0.984807753012208,-0.17364817766693));
#1040=DIRECTION('ref_axis',(1.,0.,0.));
#1041=DIRECTION('center_axis',(0.,-0.0492248775446741,0.998787720905054));
#1042=DIRECTION('ref_axis',(0.,0.998787720905054,0.0492248775446741));
#1043=DIRECTION('center_axis',(0.,0.,-1.));
#1044=DIRECTION('ref_axis',(0.,1.,0.));
#1045=DIRECTION('center_axis',(0.,0.,-1.));
#1046=DIRECTION('ref_axis',(1.,0.,0.));
#1047=DIRECTION('center_axis',(0.,0.,-1.));
#1048=DIRECTION('ref_axis',(0.,1.,0.));
#1049=DIRECTION('center_axis',(6.99527583160974E-17,-0.0492248775446741,
0.998787720905054));
#1050=DIRECTION('ref_axis',(0.,0.998787720905054,0.0492248775446741));
#1051=DIRECTION('center_axis',(0.,-0.984807753012208,-0.17364817766693));
#1052=DIRECTION('ref_axis',(1.,0.,0.));
#1053=DIRECTION('center_axis',(6.99527583160974E-17,-0.0492248775446741,
0.998787720905054));
#1054=DIRECTION('ref_axis',(0.,0.998787720905054,0.0492248775446741));
#1055=DIRECTION('center_axis',(0.,0.,-1.));
#1056=DIRECTION('ref_axis',(0.,1.,0.));
#1057=DIRECTION('center_axis',(0.,0.,-1.));
#1058=DIRECTION('ref_axis',(1.,0.,0.));
#1059=DIRECTION('',(0.,1.,0.));
#1060=DIRECTION('center_axis',(0.,0.,-1.));
#1061=DIRECTION('ref_axis',(1.,0.,0.));
#1062=DIRECTION('',(0.,-1.,0.));
#1063=DIRECTION('center_axis',(0.,-1.,0.));
#1064=DIRECTION('ref_axis',(-1.,0.,0.));
#1065=DIRECTION('',(0.,1.,0.));
#1066=DIRECTION('center_axis',(0.,-1.,0.));
#1067=DIRECTION('ref_axis',(-1.,0.,0.));
#1068=DIRECTION('',(0.,1.,0.));
#1069=DIRECTION('center_axis',(0.,1.,0.));
#1070=DIRECTION('ref_axis',(-0.707106781186548,0.,0.707106781186548));
#1071=DIRECTION('center_axis',(0.,1.,0.));
#1072=DIRECTION('ref_axis',(0.707106781186548,0.,0.707106781186548));
#1073=DIRECTION('center_axis',(0.,-1.,0.));
#1074=DIRECTION('ref_axis',(-1.,0.,0.));
#1075=DIRECTION('center_axis',(0.,-1.,0.));
#1076=DIRECTION('ref_axis',(-1.,0.,0.));
#1077=DIRECTION('',(0.,1.,0.));
#1078=DIRECTION('center_axis',(0.,-1.,0.));
#1079=DIRECTION('ref_axis',(-1.,0.,0.));
#1080=DIRECTION('center_axis',(0.,-1.,0.));
#1081=DIRECTION('ref_axis',(-1.,0.,0.));
#1082=DIRECTION('',(0.,1.,0.));
#1083=DIRECTION('center_axis',(0.,-1.,0.));
#1084=DIRECTION('ref_axis',(-1.,0.,0.));
#1085=DIRECTION('',(0.,1.,0.));
#1086=DIRECTION('center_axis',(0.,-1.,0.));
#1087=DIRECTION('ref_axis',(-1.,0.,0.));
#1088=DIRECTION('center_axis',(0.,1.,0.));
#1089=DIRECTION('ref_axis',(-1.,0.,0.));
#1090=DIRECTION('center_axis',(0.,-1.,0.));
#1091=DIRECTION('ref_axis',(-1.,0.,0.));
#1092=DIRECTION('',(0.,1.,0.));
#1093=DIRECTION('center_axis',(0.,-1.,0.));
#1094=DIRECTION('ref_axis',(-1.,0.,0.));
#1095=DIRECTION('center_axis',(0.,1.,0.));
#1096=DIRECTION('ref_axis',(-1.,0.,0.));
#1097=CARTESIAN_POINT('',(0.,0.,0.));
#1098=CARTESIAN_POINT('Origin',(-26.525,-29.5,-12.025));
#1099=CARTESIAN_POINT('',(-30.,-29.5,-12.025));
#1100=CARTESIAN_POINT('',(-26.525,-29.5,-15.5));
#1101=CARTESIAN_POINT('Origin',(-26.525,-29.5,-12.025));
#1102=CARTESIAN_POINT('',(-26.525,-33.5,-15.5));
#1103=CARTESIAN_POINT('',(-26.525,-29.5,-15.5));
#1104=CARTESIAN_POINT('',(-30.,-33.5,-12.025));
#1105=CARTESIAN_POINT('Origin',(-26.525,-33.5,-12.025));
#1106=CARTESIAN_POINT('',(-30.,-29.5,-12.025));
#1107=CARTESIAN_POINT('Origin',(47.6,-29.5,-15.5));
#1108=CARTESIAN_POINT('',(44.125,-29.5,-15.5));
#1109=CARTESIAN_POINT('',(28.2,-29.5,-15.5));
#1110=CARTESIAN_POINT('',(44.125,-33.5,-15.5));
#1111=CARTESIAN_POINT('',(44.125,-29.5,-15.5));
#1112=CARTESIAN_POINT('',(28.2,-33.5,-15.5));
#1113=CARTESIAN_POINT('Origin',(8.8,-29.5,6.9));
#1114=CARTESIAN_POINT('',(-30.,-29.5,22.325));
#1115=CARTESIAN_POINT('',(-30.,-29.5,-12.));
#1116=CARTESIAN_POINT('',(-26.525,-29.5,25.8));
#1117=CARTESIAN_POINT('Origin',(-26.525,-29.5,22.325));
#1118=CARTESIAN_POINT('',(-24.8148932135736,-29.5,25.8));
#1119=CARTESIAN_POINT('',(-30.,-29.5,25.8));
#1120=CARTESIAN_POINT('',(-22.9742752117273,-29.5,25.0190292016438));
#1121=CARTESIAN_POINT('Ctrl Pts',(-24.8148931998949,-29.500000074425,25.8));
#1122=CARTESIAN_POINT('Ctrl Pts',(-24.7268552675988,-29.5000003778183,25.8000059279036));
#1123=CARTESIAN_POINT('Ctrl Pts',(-24.6390974643206,-29.4999864499345,25.7952540092573));
#1124=CARTESIAN_POINT('Ctrl Pts',(-24.5519300657025,-29.4999668558595,25.7859688934312));
#1125=CARTESIAN_POINT('Ctrl Pts',(-24.4635782398159,-29.4999469955409,25.7765576118073));
#1126=CARTESIAN_POINT('Ctrl Pts',(-24.3758321951077,-29.4999214452839,25.7624889105435));
#1127=CARTESIAN_POINT('Ctrl Pts',(-24.2890144616938,-29.4998978757548,25.7439423846025));
#1128=CARTESIAN_POINT('Ctrl Pts',(-24.2019460700157,-29.4998742381764,25.7253423115367));
#1129=CARTESIAN_POINT('Ctrl Pts',(-24.1158105361063,-29.4998527290877,25.7022382422881));
#1130=CARTESIAN_POINT('Ctrl Pts',(-24.030944701468,-29.4998378212458,25.6747607387053));
#1131=CARTESIAN_POINT('Ctrl Pts',(-23.9685217293042,-29.499826855799,25.6545496908957));
#1132=CARTESIAN_POINT('Ctrl Pts',(-23.9067858818808,-29.4998194043973,25.631971408412));
#1133=CARTESIAN_POINT('Ctrl Pts',(-23.845879152213,-29.4998154636185,25.6070617605232));
#1134=CARTESIAN_POINT('Ctrl Pts',(-23.7633613519732,-29.4998101245632,25.5733136121702));
#1135=CARTESIAN_POINT('Ctrl Pts',(-23.6826650626362,-29.4998130565718,25.5354106325523));
#1136=CARTESIAN_POINT('Ctrl Pts',(-23.6041280506921,-29.4998247377127,25.4934940460401));
#1137=CARTESIAN_POINT('Ctrl Pts',(-23.5264829427881,-29.4998362861969,25.4520534844229));
#1138=CARTESIAN_POINT('Ctrl Pts',(-23.450947584434,-29.4998565054153,25.4066895844139));
#1139=CARTESIAN_POINT('Ctrl Pts',(-23.377873274886,-29.4998806846897,25.3574956808409));
#1140=CARTESIAN_POINT('Ctrl Pts',(-23.3048456238976,-29.4999048485254,25.308333187988));
#1141=CARTESIAN_POINT('Ctrl Pts',(-23.2344682170566,-29.4999330965783,25.25547490917));
#1142=CARTESIAN_POINT('Ctrl Pts',(-23.1670825821318,-29.4999568526882,25.1990330579122));
#1143=CARTESIAN_POINT('Ctrl Pts',(-23.0996969472071,-29.4999806087982,25.1425912066544));
#1144=CARTESIAN_POINT('Ctrl Pts',(-23.0353022650644,-29.5,25.0825654886857));
#1145=CARTESIAN_POINT('Ctrl Pts',(-22.9742752117273,-29.5,25.0190292016438));
#1146=CARTESIAN_POINT('',(-14.0257247888579,-29.5,25.0190292016438));
#1147=CARTESIAN_POINT('Origin',(-18.5000000002926,-29.5,29.4502189252694));
#1148=CARTESIAN_POINT('',(-12.1851067870116,-29.5,25.8));
#1149=CARTESIAN_POINT('Ctrl Pts',(-14.0257247888579,-29.5,25.0190292016438));
#1150=CARTESIAN_POINT('Ctrl Pts',(-13.9657549761833,-29.5,25.0814647777301));
#1151=CARTESIAN_POINT('Ctrl Pts',(-13.9025996044081,-29.4999802248394,25.1404415336732));
#1152=CARTESIAN_POINT('Ctrl Pts',(-13.8366352780738,-29.4999563528222,25.1959130596819));
#1153=CARTESIAN_POINT('Ctrl Pts',(-13.769335655842,-29.499931997571,25.2525074790061));
#1154=CARTESIAN_POINT('Ctrl Pts',(-13.699111518592,-29.499903274285,25.3054537154353));
#1155=CARTESIAN_POINT('Ctrl Pts',(-13.6263217658083,-29.4998793179635,25.3546658372361));
#1156=CARTESIAN_POINT('Ctrl Pts',(-13.5524447052633,-29.4998550037909,25.4046130724277));
#1157=CARTESIAN_POINT('Ctrl Pts',(-13.475924034955,-29.4998354814846,25.450714217484));
#1158=CARTESIAN_POINT('Ctrl Pts',(-13.3971043438357,-29.4998243459013,25.4928359231296));
#1159=CARTESIAN_POINT('Ctrl Pts',(-13.3400925489275,-29.4998162913203,25.5233033610166));
#1160=CARTESIAN_POINT('Ctrl Pts',(-13.281877247615,-29.4998124937084,25.5516879016541));
#1161=CARTESIAN_POINT('Ctrl Pts',(-13.2225825909685,-29.4998129564373,25.5779233425009));
#1162=CARTESIAN_POINT('Ctrl Pts',(-13.140750796278,-29.4998135950435,25.6141305377256));
#1163=CARTESIAN_POINT('Ctrl Pts',(-13.057170673488,-29.4998228017047,25.6461107344697));
#1164=CARTESIAN_POINT('Ctrl Pts',(-12.9721904692619,-29.4998388457396,25.6737433809483));
#1165=CARTESIAN_POINT('Ctrl Pts',(-12.8883786445224,-29.4998546691876,25.7009961105086));
#1166=CARTESIAN_POINT('Ctrl Pts',(-12.8032041369489,-29.4998770041101,25.7240202004875));
#1167=CARTESIAN_POINT('Ctrl Pts',(-12.7169852097094,-29.4999003153643,25.7426530976551));
#1168=CARTESIAN_POINT('Ctrl Pts',(-12.6296019430392,-29.4999239414242,25.7615376219024));
#1169=CARTESIAN_POINT('Ctrl Pts',(-12.5413661173789,-29.4999484329423,25.7758640465491));
#1170=CARTESIAN_POINT('Ctrl Pts',(-12.4526102025849,-29.4999675774858,25.7854810695488));
#1171=CARTESIAN_POINT('Ctrl Pts',(-12.3638542877908,-29.4999867220293,25.7950980925486));
#1172=CARTESIAN_POINT('Ctrl Pts',(-12.2745774626281,-29.5000003827557,25.8000060243743));
#1173=CARTESIAN_POINT('Ctrl Pts',(-12.1851068006903,-29.5000000744249,25.8));
#1174=CARTESIAN_POINT('',(-6.76489321357361,-29.5,25.8));
#1175=CARTESIAN_POINT('',(-30.,-29.5,25.8));
#1176=CARTESIAN_POINT('',(-4.92427521172732,-29.5,25.0190292016438));
#1177=CARTESIAN_POINT('Ctrl Pts',(-6.76489319989489,-29.500000074425,25.8));
#1178=CARTESIAN_POINT('Ctrl Pts',(-6.6768552675988,-29.5000003778183,25.8000059279036));
#1179=CARTESIAN_POINT('Ctrl Pts',(-6.58909746432067,-29.4999864499345,25.7952540092573));
#1180=CARTESIAN_POINT('Ctrl Pts',(-6.50193006570258,-29.4999668558595,25.7859688934312));
#1181=CARTESIAN_POINT('Ctrl Pts',(-6.413578239816,-29.499946995541,25.7765576118073));
#1182=CARTESIAN_POINT('Ctrl Pts',(-6.32583219510783,-29.4999214452839,25.7624889105436));
#1183=CARTESIAN_POINT('Ctrl Pts',(-6.23901446169396,-29.4998978757548,25.7439423846025));
#1184=CARTESIAN_POINT('Ctrl Pts',(-6.1519460700158,-29.4998742381764,25.7253423115367));
#1185=CARTESIAN_POINT('Ctrl Pts',(-6.06581053610648,-29.4998527290877,25.7022382422881));
#1186=CARTESIAN_POINT('Ctrl Pts',(-5.9809447014682,-29.4998378212458,25.6747607387054));
#1187=CARTESIAN_POINT('Ctrl Pts',(-5.91852172930427,-29.499826855799,25.6545496908957));
#1188=CARTESIAN_POINT('Ctrl Pts',(-5.85678588188082,-29.4998194043973,25.631971408412));
#1189=CARTESIAN_POINT('Ctrl Pts',(-5.795879152213,-29.4998154636185,25.6070617605232));
#1190=CARTESIAN_POINT('Ctrl Pts',(-5.71336135197286,-29.4998101245632,25.5733136121701));
#1191=CARTESIAN_POINT('Ctrl Pts',(-5.63266506263544,-29.4998130565718,25.5354106325519));
#1192=CARTESIAN_POINT('Ctrl Pts',(-5.55412805069101,-29.4998247377127,25.4934940460396));
#1193=CARTESIAN_POINT('Ctrl Pts',(-5.47648294278738,-29.4998362861969,25.4520534844225));
#1194=CARTESIAN_POINT('Ctrl Pts',(-5.40094758443369,-29.4998565054153,25.4066895844137));
#1195=CARTESIAN_POINT('Ctrl Pts',(-5.32787327488602,-29.4998806846897,25.3574956808409));
#1196=CARTESIAN_POINT('Ctrl Pts',(-5.25484562389764,-29.4999048485254,25.308333187988));
#1197=CARTESIAN_POINT('Ctrl Pts',(-5.18446821705656,-29.4999330965783,25.25547490917));
#1198=CARTESIAN_POINT('Ctrl Pts',(-5.11708258213181,-29.4999568526882,25.1990330579122));
#1199=CARTESIAN_POINT('Ctrl Pts',(-5.04969694720706,-29.4999806087982,25.1425912066544));
#1200=CARTESIAN_POINT('Ctrl Pts',(-4.98530226506436,-29.5,25.0825654886857));
#1201=CARTESIAN_POINT('Ctrl Pts',(-4.92427521172732,-29.5,25.0190292016438));
#1202=CARTESIAN_POINT('',(4.02427521114213,-29.5,25.0190292016438));
#1203=CARTESIAN_POINT('Origin',(-0.450000000292594,-29.5,29.4502189252694));
#1204=CARTESIAN_POINT('',(5.86489321298842,-29.5,25.8));
#1205=CARTESIAN_POINT('Ctrl Pts',(4.02427521114213,-29.5,25.0190292016438));
#1206=CARTESIAN_POINT('Ctrl Pts',(4.08424502381674,-29.5,25.0814647777301));
#1207=CARTESIAN_POINT('Ctrl Pts',(4.14740039559192,-29.4999802248394,25.1404415336732));
#1208=CARTESIAN_POINT('Ctrl Pts',(4.21336472192618,-29.4999563528222,25.1959130596819));
#1209=CARTESIAN_POINT('Ctrl Pts',(4.28066434415797,-29.499931997571,25.2525074790061));
#1210=CARTESIAN_POINT('Ctrl Pts',(4.35088848140803,-29.499903274285,25.3054537154353));
#1211=CARTESIAN_POINT('Ctrl Pts',(4.42367823419178,-29.4998793179635,25.3546658372361));
#1212=CARTESIAN_POINT('Ctrl Pts',(4.49755529473676,-29.4998550037909,25.4046130724277));
#1213=CARTESIAN_POINT('Ctrl Pts',(4.57407596504512,-29.4998354814846,25.4507142174841));
#1214=CARTESIAN_POINT('Ctrl Pts',(4.65289565616443,-29.4998243459013,25.4928359231296));
#1215=CARTESIAN_POINT('Ctrl Pts',(4.70990745107262,-29.4998162913203,25.5233033610166));
#1216=CARTESIAN_POINT('Ctrl Pts',(4.76812275238505,-29.4998124937084,25.5516879016542));
#1217=CARTESIAN_POINT('Ctrl Pts',(4.82741740903153,-29.4998129564373,25.5779233425009));
#1218=CARTESIAN_POINT('Ctrl Pts',(4.90924920372192,-29.4998135950435,25.6141305377256));
#1219=CARTESIAN_POINT('Ctrl Pts',(4.99282932651181,-29.4998228017047,25.6461107344696));
#1220=CARTESIAN_POINT('Ctrl Pts',(5.07780953073775,-29.4998388457396,25.6737433809482));
#1221=CARTESIAN_POINT('Ctrl Pts',(5.16162135547743,-29.4998546691876,25.7009961105086));
#1222=CARTESIAN_POINT('Ctrl Pts',(5.24679586305101,-29.4998770041101,25.7240202004875));
#1223=CARTESIAN_POINT('Ctrl Pts',(5.33301479029064,-29.4999003153643,25.7426530976551));
#1224=CARTESIAN_POINT('Ctrl Pts',(5.42039805696078,-29.4999239414242,25.7615376219024));
#1225=CARTESIAN_POINT('Ctrl Pts',(5.50863388262108,-29.4999484329423,25.7758640465491));
#1226=CARTESIAN_POINT('Ctrl Pts',(5.59738979741512,-29.4999675774858,25.7854810695488));
#1227=CARTESIAN_POINT('Ctrl Pts',(5.68614571220915,-29.4999867220292,25.7950980925485));
#1228=CARTESIAN_POINT('Ctrl Pts',(5.77542253737186,-29.5000003827557,25.8000060243743));
#1229=CARTESIAN_POINT('Ctrl Pts',(5.8648931993097,-29.500000074425,25.8));
#1230=CARTESIAN_POINT('',(11.2851067864264,-29.5,25.8));
#1231=CARTESIAN_POINT('',(-30.,-29.5,25.8));
#1232=CARTESIAN_POINT('',(13.1257247882727,-29.5,25.0190292016438));
#1233=CARTESIAN_POINT('Ctrl Pts',(11.2851068001051,-29.5000000744249,25.8));
#1234=CARTESIAN_POINT('Ctrl Pts',(11.3731447324012,-29.5000003778183,25.8000059279036));
#1235=CARTESIAN_POINT('Ctrl Pts',(11.4609025356793,-29.4999864499345,25.7952540092573));
#1236=CARTESIAN_POINT('Ctrl Pts',(11.5480699342973,-29.4999668558595,25.7859688934312));
#1237=CARTESIAN_POINT('Ctrl Pts',(11.6364217601839,-29.4999469955409,25.7765576118074));
#1238=CARTESIAN_POINT('Ctrl Pts',(11.724167804892,-29.4999214452839,25.7624889105436));
#1239=CARTESIAN_POINT('Ctrl Pts',(11.8109855383059,-29.4998978757548,25.7439423846026));
#1240=CARTESIAN_POINT('Ctrl Pts',(11.898053929984,-29.4998742381764,25.7253423115368));
#1241=CARTESIAN_POINT('Ctrl Pts',(11.9841894638933,-29.4998527290877,25.7022382422882));
#1242=CARTESIAN_POINT('Ctrl Pts',(12.0690552985315,-29.4998378212458,25.6747607387055));
#1243=CARTESIAN_POINT('Ctrl Pts',(12.1314782706955,-29.499826855799,25.6545496908958));
#1244=CARTESIAN_POINT('Ctrl Pts',(12.1932141181191,-29.4998194043973,25.6319714084121));
#1245=CARTESIAN_POINT('Ctrl Pts',(12.254120847787,-29.4998154636185,25.6070617605232));
#1246=CARTESIAN_POINT('Ctrl Pts',(12.336638648027,-29.4998101245632,25.5733136121701));
#1247=CARTESIAN_POINT('Ctrl Pts',(12.4173349373643,-29.4998130565718,25.5354106325521));
#1248=CARTESIAN_POINT('Ctrl Pts',(12.4958719493085,-29.4998247377127,25.4934940460398));
#1249=CARTESIAN_POINT('Ctrl Pts',(12.5735170572123,-29.4998362861969,25.4520534844226));
#1250=CARTESIAN_POINT('Ctrl Pts',(12.6490524155662,-29.4998565054153,25.4066895844138));
#1251=CARTESIAN_POINT('Ctrl Pts',(12.722126725114,-29.4998806846897,25.3574956808409));
#1252=CARTESIAN_POINT('Ctrl Pts',(12.7951543761024,-29.4999048485254,25.308333187988));
#1253=CARTESIAN_POINT('Ctrl Pts',(12.8655317829434,-29.4999330965783,25.25547490917));
#1254=CARTESIAN_POINT('Ctrl Pts',(12.9329174178682,-29.4999568526882,25.1990330579122));
#1255=CARTESIAN_POINT('Ctrl Pts',(13.0003030527929,-29.4999806087981,25.1425912066544));
#1256=CARTESIAN_POINT('Ctrl Pts',(13.0646977349356,-29.5,25.0825654886857));
#1257=CARTESIAN_POINT('Ctrl Pts',(13.1257247882727,-29.5,25.0190292016438));
#1258=CARTESIAN_POINT('',(22.0742752111421,-29.5,25.0190292016438));
#1259=CARTESIAN_POINT('Origin',(17.5999999997074,-29.5,29.4502189252694));
#1260=CARTESIAN_POINT('',(23.9148932129884,-29.5,25.8));
#1261=CARTESIAN_POINT('Ctrl Pts',(22.0742752111421,-29.5,25.0190292016438));
#1262=CARTESIAN_POINT('Ctrl Pts',(22.1342450238168,-29.5,25.0814647777301));
#1263=CARTESIAN_POINT('Ctrl Pts',(22.197400395592,-29.4999802248394,25.1404415336734));
#1264=CARTESIAN_POINT('Ctrl Pts',(22.2633647219264,-29.4999563528222,25.195913059682));
#1265=CARTESIAN_POINT('Ctrl Pts',(22.3306643441582,-29.499931997571,25.2525074790063));
#1266=CARTESIAN_POINT('Ctrl Pts',(22.4008884814084,-29.499903274285,25.3054537154356));
#1267=CARTESIAN_POINT('Ctrl Pts',(22.4736782341922,-29.4998793179635,25.3546658372364));
#1268=CARTESIAN_POINT('Ctrl Pts',(22.5475552947372,-29.4998550037909,25.404613072428));
#1269=CARTESIAN_POINT('Ctrl Pts',(22.6240759650456,-29.4998354814846,25.4507142174844));
#1270=CARTESIAN_POINT('Ctrl Pts',(22.702895656165,-29.4998243459013,25.4928359231299));
#1271=CARTESIAN_POINT('Ctrl Pts',(22.759907451073,-29.4998162913203,25.5233033610168));
#1272=CARTESIAN_POINT('Ctrl Pts',(22.8181227523852,-29.4998124937084,25.5516879016542));
#1273=CARTESIAN_POINT('Ctrl Pts',(22.8774174090315,-29.4998129564373,25.5779233425009));
#1274=CARTESIAN_POINT('Ctrl Pts',(22.9592492037218,-29.4998135950435,25.6141305377255));
#1275=CARTESIAN_POINT('Ctrl Pts',(23.0428293265115,-29.4998228017047,25.6461107344695));
#1276=CARTESIAN_POINT('Ctrl Pts',(23.1278095307372,-29.4998388457396,25.673743380948));
#1277=CARTESIAN_POINT('Ctrl Pts',(23.2116213554771,-29.4998546691876,25.7009961105085));
#1278=CARTESIAN_POINT('Ctrl Pts',(23.2967958630508,-29.4998770041101,25.7240202004875));
#1279=CARTESIAN_POINT('Ctrl Pts',(23.3830147902906,-29.4999003153643,25.7426530976551));
#1280=CARTESIAN_POINT('Ctrl Pts',(23.4703980569608,-29.4999239414242,25.7615376219024));
#1281=CARTESIAN_POINT('Ctrl Pts',(23.5586338826211,-29.4999484329423,25.7758640465491));
#1282=CARTESIAN_POINT('Ctrl Pts',(23.6473897974151,-29.4999675774858,25.7854810695488));
#1283=CARTESIAN_POINT('Ctrl Pts',(23.7361457122092,-29.4999867220293,25.7950980925485));
#1284=CARTESIAN_POINT('Ctrl Pts',(23.8254225373719,-29.5000003827557,25.8000060243743));
#1285=CARTESIAN_POINT('Ctrl Pts',(23.9148931993097,-29.500000074425,25.8));
#1286=CARTESIAN_POINT('',(29.3351067864264,-29.5,25.8));
#1287=CARTESIAN_POINT('',(-30.,-29.5,25.8));
#1288=CARTESIAN_POINT('',(31.1757247882727,-29.5,25.0190292016438));
#1289=CARTESIAN_POINT('Ctrl Pts',(29.3351068001051,-29.5000000744249,25.8));
#1290=CARTESIAN_POINT('Ctrl Pts',(29.4231447324012,-29.5000003778183,25.8000059279036));
#1291=CARTESIAN_POINT('Ctrl Pts',(29.5109025356793,-29.4999864499345,25.7952540092573));
#1292=CARTESIAN_POINT('Ctrl Pts',(29.5980699342974,-29.4999668558595,25.7859688934312));
#1293=CARTESIAN_POINT('Ctrl Pts',(29.6864217601841,-29.4999469955409,25.7765576118073));
#1294=CARTESIAN_POINT('Ctrl Pts',(29.7741678048923,-29.4999214452839,25.7624889105435));
#1295=CARTESIAN_POINT('Ctrl Pts',(29.8609855383062,-29.4998978757548,25.7439423846025));
#1296=CARTESIAN_POINT('Ctrl Pts',(29.9480539299843,-29.4998742381764,25.7253423115367));
#1297=CARTESIAN_POINT('Ctrl Pts',(30.0341894638935,-29.4998527290877,25.7022382422881));
#1298=CARTESIAN_POINT('Ctrl Pts',(30.1190552985318,-29.4998378212458,25.6747607387054));
#1299=CARTESIAN_POINT('Ctrl Pts',(30.1814782706957,-29.499826855799,25.6545496908958));
#1300=CARTESIAN_POINT('Ctrl Pts',(30.2432141181192,-29.4998194043973,25.631971408412));
#1301=CARTESIAN_POINT('Ctrl Pts',(30.304120847787,-29.4998154636185,25.6070617605232));
#1302=CARTESIAN_POINT('Ctrl Pts',(30.3866386480268,-29.4998101245632,25.5733136121702));
#1303=CARTESIAN_POINT('Ctrl Pts',(30.4673349373638,-29.4998130565718,25.5354106325523));
#1304=CARTESIAN_POINT('Ctrl Pts',(30.5458719493079,-29.4998247377127,25.4934940460401));
#1305=CARTESIAN_POINT('Ctrl Pts',(30.6235170572119,-29.4998362861969,25.4520534844229));
#1306=CARTESIAN_POINT('Ctrl Pts',(30.699052415566,-29.4998565054153,25.4066895844139));
#1307=CARTESIAN_POINT('Ctrl Pts',(30.772126725114,-29.4998806846897,25.3574956808409));
#1308=CARTESIAN_POINT('Ctrl Pts',(30.8451543761024,-29.4999048485254,25.308333187988));
#1309=CARTESIAN_POINT('Ctrl Pts',(30.9155317829434,-29.4999330965783,25.25547490917));
#1310=CARTESIAN_POINT('Ctrl Pts',(30.9829174178682,-29.4999568526882,25.1990330579122));
#1311=CARTESIAN_POINT('Ctrl Pts',(31.0503030527929,-29.4999806087981,25.1425912066544));
#1312=CARTESIAN_POINT('Ctrl Pts',(31.1146977349357,-29.5,25.0825654886857));
#1313=CARTESIAN_POINT('Ctrl Pts',(31.1757247882727,-29.5,25.0190292016438));
#1314=CARTESIAN_POINT('',(40.1242752111421,-29.5,25.0190292016438));
#1315=CARTESIAN_POINT('Origin',(35.6499999997074,-29.5,29.4502189252694));
#1316=CARTESIAN_POINT('',(41.9648932129884,-29.5,25.8));
#1317=CARTESIAN_POINT('Ctrl Pts',(40.1242752111421,-29.5,25.0190292016438));
#1318=CARTESIAN_POINT('Ctrl Pts',(40.1842450238168,-29.5,25.0814647777301));
#1319=CARTESIAN_POINT('Ctrl Pts',(40.247400395592,-29.4999802248394,25.1404415336733));
#1320=CARTESIAN_POINT('Ctrl Pts',(40.3133647219262,-29.4999563528222,25.1959130596819));
#1321=CARTESIAN_POINT('Ctrl Pts',(40.380664344158,-29.499931997571,25.2525074790061));
#1322=CARTESIAN_POINT('Ctrl Pts',(40.4508884814081,-29.499903274285,25.3054537154354));
#1323=CARTESIAN_POINT('Ctrl Pts',(40.5236782341919,-29.4998793179635,25.3546658372362));
#1324=CARTESIAN_POINT('Ctrl Pts',(40.5975552947369,-29.4998550037909,25.4046130724278));
#1325=CARTESIAN_POINT('Ctrl Pts',(40.6740759650453,-29.4998354814846,25.4507142174841));
#1326=CARTESIAN_POINT('Ctrl Pts',(40.7528956561645,-29.4998243459013,25.4928359231297));
#1327=CARTESIAN_POINT('Ctrl Pts',(40.8099074510727,-29.4998162913203,25.5233033610167));
#1328=CARTESIAN_POINT('Ctrl Pts',(40.8681227523851,-29.4998124937084,25.5516879016542));
#1329=CARTESIAN_POINT('Ctrl Pts',(40.9274174090315,-29.4998129564373,25.5779233425009));
#1330=CARTESIAN_POINT('Ctrl Pts',(41.0092492037231,-29.4998135950435,25.6141305377261));
#1331=CARTESIAN_POINT('Ctrl Pts',(41.0928293265142,-29.4998228017047,25.6461107344705));
#1332=CARTESIAN_POINT('Ctrl Pts',(41.1778095307414,-29.4998388457396,25.6737433809494));
#1333=CARTESIAN_POINT('Ctrl Pts',(41.2616213554799,-29.4998546691876,25.7009961105092));
#1334=CARTESIAN_POINT('Ctrl Pts',(41.3467958630523,-29.4998770041101,25.7240202004878));
#1335=CARTESIAN_POINT('Ctrl Pts',(41.4330147902906,-29.4999003153643,25.7426530976551));
#1336=CARTESIAN_POINT('Ctrl Pts',(41.5203980569608,-29.4999239414242,25.7615376219024));
#1337=CARTESIAN_POINT('Ctrl Pts',(41.6086338826211,-29.4999484329423,25.7758640465491));
#1338=CARTESIAN_POINT('Ctrl Pts',(41.6973897974151,-29.4999675774858,25.7854810695488));
#1339=CARTESIAN_POINT('Ctrl Pts',(41.7861457122092,-29.4999867220293,25.7950980925486));
#1340=CARTESIAN_POINT('Ctrl Pts',(41.8754225373719,-29.5000003827557,25.8000060243743));
#1341=CARTESIAN_POINT('Ctrl Pts',(41.9648931993097,-29.500000074425,25.8));
#1342=CARTESIAN_POINT('',(44.125,-29.5,25.8));
#1343=CARTESIAN_POINT('',(-30.,-29.5,25.8));
#1344=CARTESIAN_POINT('',(47.6,-29.5,22.325));
#1345=CARTESIAN_POINT('Origin',(44.125,-29.5,22.325));
#1346=CARTESIAN_POINT('',(47.6,-29.5,-12.025));
#1347=CARTESIAN_POINT('',(47.6,-29.5,25.8));
#1348=CARTESIAN_POINT('Origin',(44.125,-29.5,-12.025));
#1349=CARTESIAN_POINT('',(-25.175,-29.5,-12.025));
#1350=CARTESIAN_POINT('Origin',(-26.525,-29.5,-12.025));
#1351=CARTESIAN_POINT('',(45.475,-29.5,-12.025));
#1352=CARTESIAN_POINT('Origin',(44.125,-29.5,-12.025));
#1353=CARTESIAN_POINT('',(47.125,-29.5,22.325));
#1354=CARTESIAN_POINT('Origin',(44.125,-29.5,22.325));
#1355=CARTESIAN_POINT('',(-23.525,-29.5,22.325));
#1356=CARTESIAN_POINT('Origin',(-26.525,-29.5,22.325));
#1357=CARTESIAN_POINT('Origin',(44.125,-29.5,-12.025));
#1358=CARTESIAN_POINT('',(47.6,-33.5,-12.025));
#1359=CARTESIAN_POINT('Origin',(44.125,-33.5,-12.025));
#1360=CARTESIAN_POINT('',(47.6,-29.5,-12.025));
#1361=CARTESIAN_POINT('Origin',(47.6,-29.5,25.8));
#1362=CARTESIAN_POINT('',(47.6,-33.5,22.325));
#1363=CARTESIAN_POINT('',(47.6,-29.5,22.325));
#1364=CARTESIAN_POINT('',(47.6,-33.5,25.8));
#1365=CARTESIAN_POINT('Origin',(-30.,-29.5,-12.));
#1366=CARTESIAN_POINT('',(-30.,-33.5,22.325));
#1367=CARTESIAN_POINT('',(-30.,-33.5,-12.));
#1368=CARTESIAN_POINT('',(-30.,-29.5,22.325));
#1369=CARTESIAN_POINT('Ctrl Pts',(40.2429765055821,-30.5,24.9697445773794));
#1370=CARTESIAN_POINT('Ctrl Pts',(40.2429765055821,-33.5,24.9697445773794));
#1371=CARTESIAN_POINT('Ctrl Pts',(40.3690386641044,-30.5,25.1084485540754));
#1372=CARTESIAN_POINT('Ctrl Pts',(40.3690386641044,-33.5,25.1084485540754));
#1373=CARTESIAN_POINT('Ctrl Pts',(40.5102346379769,-30.5,25.2326095303823));
#1374=CARTESIAN_POINT('Ctrl Pts',(40.5102346379769,-33.5,25.2326095303823));
#1375=CARTESIAN_POINT('Ctrl Pts',(40.8183433204989,-30.5,25.4481278856029));
#1376=CARTESIAN_POINT('Ctrl Pts',(40.8183433204989,-33.5,25.4481278856029));
#1377=CARTESIAN_POINT('Ctrl Pts',(40.9844676504355,-30.4999999999927,25.5386284293626));
#1378=CARTESIAN_POINT('Ctrl Pts',(40.9844676504355,-33.4999999999927,25.5386284293626));
#1379=CARTESIAN_POINT('Ctrl Pts',(41.4661866801916,-30.4999999999927,25.7355261233436));
#1380=CARTESIAN_POINT('Ctrl Pts',(41.4661866801916,-33.4999999999927,25.7355261233436));
#1381=CARTESIAN_POINT('Ctrl Pts',(41.7951182232153,-30.5,25.8));
#1382=CARTESIAN_POINT('Ctrl Pts',(41.7951182232153,-33.5,25.8));
#1383=CARTESIAN_POINT('Ctrl Pts',(42.1269762513113,-30.5,25.8));
#1384=CARTESIAN_POINT('Ctrl Pts',(42.1269762513113,-33.5,25.8));
#1385=CARTESIAN_POINT('',(42.1269762513113,-30.5,25.8));
#1386=CARTESIAN_POINT('',(40.2429765055821,-30.5,24.9697445773794));
#1387=CARTESIAN_POINT('Ctrl Pts',(42.1269762513113,-30.5,25.8));
#1388=CARTESIAN_POINT('Ctrl Pts',(41.7951182232153,-30.5,25.8));
#1389=CARTESIAN_POINT('Ctrl Pts',(41.4661866801916,-30.4999999999927,25.7355261233436));
#1390=CARTESIAN_POINT('Ctrl Pts',(41.1590212808166,-30.4999999999927,25.6099754287025));
#1391=CARTESIAN_POINT('Ctrl Pts',(40.9844676504355,-30.4999999999927,25.5386284293626));
#1392=CARTESIAN_POINT('Ctrl Pts',(40.8183433204989,-30.5,25.4481278856029));
#1393=CARTESIAN_POINT('Ctrl Pts',(40.6638270073488,-30.5,25.3400455641562));
#1394=CARTESIAN_POINT('Ctrl Pts',(40.5102346379769,-30.5,25.2326095303823));
#1395=CARTESIAN_POINT('Ctrl Pts',(40.3690386641044,-30.5,25.1084485540754));
#1396=CARTESIAN_POINT('Ctrl Pts',(40.2429765055821,-30.5,24.9697445773794));
#1397=CARTESIAN_POINT('',(40.2429765055821,-33.5,24.9697445773794));
#1398=CARTESIAN_POINT('',(40.2429765055821,-30.5,24.9697445773794));
#1399=CARTESIAN_POINT('',(42.1269762513113,-33.5,25.8));
#1400=CARTESIAN_POINT('Ctrl Pts',(40.2429765055821,-33.5,24.9697445773794));
#1401=CARTESIAN_POINT('Ctrl Pts',(40.3690386641044,-33.5,25.1084485540754));
#1402=CARTESIAN_POINT('Ctrl Pts',(40.5102346379769,-33.5,25.2326095303823));
#1403=CARTESIAN_POINT('Ctrl Pts',(40.6638270073488,-33.5,25.3400455641562));
#1404=CARTESIAN_POINT('Ctrl Pts',(40.8183433204989,-33.5,25.4481278856029));
#1405=CARTESIAN_POINT('Ctrl Pts',(40.9844676504355,-33.4999999999927,25.5386284293626));
#1406=CARTESIAN_POINT('Ctrl Pts',(41.1590212808166,-33.4999999999927,25.6099754287025));
#1407=CARTESIAN_POINT('Ctrl Pts',(41.4661866801916,-33.4999999999927,25.7355261233436));
#1408=CARTESIAN_POINT('Ctrl Pts',(41.7951182232153,-33.5,25.8));
#1409=CARTESIAN_POINT('Ctrl Pts',(42.1269762513113,-33.5,25.8));
#1410=CARTESIAN_POINT('',(42.1269762513113,-30.5,25.8));
#1411=CARTESIAN_POINT('Ctrl Pts',(40.2429765055821,-30.5,24.9697445773794));
#1412=CARTESIAN_POINT('Ctrl Pts',(38.3868449140566,-30.5,22.927475620275));
#1413=CARTESIAN_POINT('Ctrl Pts',(35.6499999997074,-30.5,22.927475620275));
#1414=CARTESIAN_POINT('Ctrl Pts',(32.9131550853582,-30.5,22.927475620275));
#1415=CARTESIAN_POINT('Ctrl Pts',(31.0570234938327,-30.5,24.9697445773794));
#1416=CARTESIAN_POINT('Ctrl Pts',(40.2429765055821,-33.5,24.9697445773794));
#1417=CARTESIAN_POINT('Ctrl Pts',(38.3868449140566,-33.5,22.927475620275));
#1418=CARTESIAN_POINT('Ctrl Pts',(35.6499999997074,-33.5,22.927475620275));
#1419=CARTESIAN_POINT('Ctrl Pts',(32.9131550853582,-33.5,22.927475620275));
#1420=CARTESIAN_POINT('Ctrl Pts',(31.0570234938327,-33.5,24.9697445773794));
#1421=CARTESIAN_POINT('',(31.0570234938327,-30.5,24.9697445773794));
#1422=CARTESIAN_POINT('Origin',(35.6499999997074,-30.5,29.2738919445609));
#1423=CARTESIAN_POINT('',(31.0570234938327,-33.5,24.9697445773794));
#1424=CARTESIAN_POINT('',(31.0570234938327,-30.5,24.9697445773794));
#1425=CARTESIAN_POINT('Origin',(35.6499999997074,-33.5,29.2738919445609));
#1426=CARTESIAN_POINT('Ctrl Pts',(29.1730237481036,-30.5,25.8));
#1427=CARTESIAN_POINT('Ctrl Pts',(29.1730237481036,-33.5,25.8));
#1428=CARTESIAN_POINT('Ctrl Pts',(29.3632443658493,-30.5,25.8));
#1429=CARTESIAN_POINT('Ctrl Pts',(29.3632443658493,-33.5,25.8));
#1430=CARTESIAN_POINT('Ctrl Pts',(29.5529177037856,-30.5,25.7788166665312));
#1431=CARTESIAN_POINT('Ctrl Pts',(29.5529177037856,-33.5,25.7788166665312));
#1432=CARTESIAN_POINT('Ctrl Pts',(29.9228204395448,-30.5,25.6950854021003));
#1433=CARTESIAN_POINT('Ctrl Pts',(29.9228204395448,-33.5,25.6950854021003));
#1434=CARTESIAN_POINT('Ctrl Pts',(30.1020393133553,-30.5000000000033,25.6330343437344));
#1435=CARTESIAN_POINT('Ctrl Pts',(30.1020393133553,-33.5000000000033,25.6330343437344));
#1436=CARTESIAN_POINT('Ctrl Pts',(30.5694110204314,-30.5000000000033,25.4104001882518));
#1437=CARTESIAN_POINT('Ctrl Pts',(30.5694110204314,-33.5000000000033,25.4104001882518));
#1438=CARTESIAN_POINT('Ctrl Pts',(30.8360210649436,-30.5,25.2129096643946));
#1439=CARTESIAN_POINT('Ctrl Pts',(30.8360210649436,-33.5,25.2129096643946));
#1440=CARTESIAN_POINT('Ctrl Pts',(31.0570234938327,-30.5,24.9697445773794));
#1441=CARTESIAN_POINT('Ctrl Pts',(31.0570234938327,-33.5,24.9697445773794));
#1442=CARTESIAN_POINT('',(29.1730237481036,-30.5,25.8));
#1443=CARTESIAN_POINT('Ctrl Pts',(31.0570234938327,-30.5,24.9697445773794));
#1444=CARTESIAN_POINT('Ctrl Pts',(30.8360210649436,-30.5,25.2129096643946));
#1445=CARTESIAN_POINT('Ctrl Pts',(30.5694110204314,-30.5000000000033,25.4104001882518));
#1446=CARTESIAN_POINT('Ctrl Pts',(30.2727030564712,-30.5000000000033,25.5517380698161));
#1447=CARTESIAN_POINT('Ctrl Pts',(30.1020393133553,-30.5000000000033,25.6330343437344));
#1448=CARTESIAN_POINT('Ctrl Pts',(29.9228204395448,-30.5,25.6950854021003));
#1449=CARTESIAN_POINT('Ctrl Pts',(29.7384430883852,-30.5,25.736821099765));
#1450=CARTESIAN_POINT('Ctrl Pts',(29.5529177037856,-30.5,25.7788166665312));
#1451=CARTESIAN_POINT('Ctrl Pts',(29.3632443658493,-30.5,25.8));
#1452=CARTESIAN_POINT('Ctrl Pts',(29.1730237481036,-30.5,25.8));
#1453=CARTESIAN_POINT('',(29.1730237481036,-33.5,25.8));
#1454=CARTESIAN_POINT('',(29.1730237481036,-30.5,25.8));
#1455=CARTESIAN_POINT('Ctrl Pts',(29.1730237481036,-33.5,25.8));
#1456=CARTESIAN_POINT('Ctrl Pts',(29.3632443658493,-33.5,25.8));
#1457=CARTESIAN_POINT('Ctrl Pts',(29.5529177037856,-33.5,25.7788166665312));
#1458=CARTESIAN_POINT('Ctrl Pts',(29.7384430883852,-33.5,25.736821099765));
#1459=CARTESIAN_POINT('Ctrl Pts',(29.9228204395448,-33.5,25.6950854021003));
#1460=CARTESIAN_POINT('Ctrl Pts',(30.1020393133553,-33.5000000000033,25.6330343437344));
#1461=CARTESIAN_POINT('Ctrl Pts',(30.2727030564712,-33.5000000000033,25.5517380698161));
#1462=CARTESIAN_POINT('Ctrl Pts',(30.5694110204314,-33.5000000000033,25.4104001882518));
#1463=CARTESIAN_POINT('Ctrl Pts',(30.8360210649436,-33.5,25.2129096643946));
#1464=CARTESIAN_POINT('Ctrl Pts',(31.0570234938327,-33.5,24.9697445773794));
#1465=CARTESIAN_POINT('Ctrl Pts',(22.1929765055821,-30.5,24.9697445773794));
#1466=CARTESIAN_POINT('Ctrl Pts',(22.1929765055821,-33.5,24.9697445773794));
#1467=CARTESIAN_POINT('Ctrl Pts',(22.3190386641044,-30.5,25.1084485540754));
#1468=CARTESIAN_POINT('Ctrl Pts',(22.3190386641044,-33.5,25.1084485540754));
#1469=CARTESIAN_POINT('Ctrl Pts',(22.4602346379769,-30.5,25.2326095303823));
#1470=CARTESIAN_POINT('Ctrl Pts',(22.4602346379769,-33.5,25.2326095303823));
#1471=CARTESIAN_POINT('Ctrl Pts',(22.7683433204989,-30.5,25.448127885603));
#1472=CARTESIAN_POINT('Ctrl Pts',(22.7683433204989,-33.5,25.448127885603));
#1473=CARTESIAN_POINT('Ctrl Pts',(22.9344676504355,-30.4999999999927,25.5386284293626));
#1474=CARTESIAN_POINT('Ctrl Pts',(22.9344676504355,-33.4999999999927,25.5386284293626));
#1475=CARTESIAN_POINT('Ctrl Pts',(23.4161866801916,-30.4999999999927,25.7355261233436));
#1476=CARTESIAN_POINT('Ctrl Pts',(23.4161866801916,-33.4999999999927,25.7355261233436));
#1477=CARTESIAN_POINT('Ctrl Pts',(23.7451182232152,-30.5,25.8));
#1478=CARTESIAN_POINT('Ctrl Pts',(23.7451182232152,-33.5,25.8));
#1479=CARTESIAN_POINT('Ctrl Pts',(24.0769762513113,-30.5,25.8));
#1480=CARTESIAN_POINT('Ctrl Pts',(24.0769762513113,-33.5,25.8));
#1481=CARTESIAN_POINT('',(24.0769762513113,-30.5,25.8));
#1482=CARTESIAN_POINT('',(22.1929765055821,-30.5,24.9697445773794));
#1483=CARTESIAN_POINT('Ctrl Pts',(24.0769762513113,-30.5,25.8));
#1484=CARTESIAN_POINT('Ctrl Pts',(23.7451182232152,-30.5,25.8));
#1485=CARTESIAN_POINT('Ctrl Pts',(23.4161866801916,-30.4999999999927,25.7355261233436));
#1486=CARTESIAN_POINT('Ctrl Pts',(23.1090212808166,-30.4999999999927,25.6099754287025));
#1487=CARTESIAN_POINT('Ctrl Pts',(22.9344676504355,-30.4999999999927,25.5386284293626));
#1488=CARTESIAN_POINT('Ctrl Pts',(22.7683433204989,-30.5,25.448127885603));
#1489=CARTESIAN_POINT('Ctrl Pts',(22.6138270073488,-30.5,25.3400455641562));
#1490=CARTESIAN_POINT('Ctrl Pts',(22.4602346379769,-30.5,25.2326095303823));
#1491=CARTESIAN_POINT('Ctrl Pts',(22.3190386641044,-30.5,25.1084485540754));
#1492=CARTESIAN_POINT('Ctrl Pts',(22.1929765055821,-30.5,24.9697445773794));
#1493=CARTESIAN_POINT('',(22.1929765055821,-33.5,24.9697445773794));
#1494=CARTESIAN_POINT('',(22.1929765055821,-30.5,24.9697445773794));
#1495=CARTESIAN_POINT('',(24.0769762513113,-33.5,25.8));
#1496=CARTESIAN_POINT('Ctrl Pts',(22.1929765055821,-33.5,24.9697445773794));
#1497=CARTESIAN_POINT('Ctrl Pts',(22.3190386641044,-33.5,25.1084485540754));
#1498=CARTESIAN_POINT('Ctrl Pts',(22.4602346379769,-33.5,25.2326095303823));
#1499=CARTESIAN_POINT('Ctrl Pts',(22.6138270073488,-33.5,25.3400455641562));
#1500=CARTESIAN_POINT('Ctrl Pts',(22.7683433204989,-33.5,25.448127885603));
#1501=CARTESIAN_POINT('Ctrl Pts',(22.9344676504355,-33.4999999999927,25.5386284293626));
#1502=CARTESIAN_POINT('Ctrl Pts',(23.1090212808166,-33.4999999999927,25.6099754287025));
#1503=CARTESIAN_POINT('Ctrl Pts',(23.4161866801916,-33.4999999999927,25.7355261233436));
#1504=CARTESIAN_POINT('Ctrl Pts',(23.7451182232152,-33.5,25.8));
#1505=CARTESIAN_POINT('Ctrl Pts',(24.0769762513113,-33.5,25.8));
#1506=CARTESIAN_POINT('',(24.0769762513113,-30.5,25.8));
#1507=CARTESIAN_POINT('Ctrl Pts',(22.1929765055821,-30.5,24.9697445773794));
#1508=CARTESIAN_POINT('Ctrl Pts',(20.3368449140566,-30.5,22.927475620275));
#1509=CARTESIAN_POINT('Ctrl Pts',(17.5999999997074,-30.5,22.927475620275));
#1510=CARTESIAN_POINT('Ctrl Pts',(14.8631550853582,-30.5,22.927475620275));
#1511=CARTESIAN_POINT('Ctrl Pts',(13.0070234938327,-30.5,24.9697445773794));
#1512=CARTESIAN_POINT('Ctrl Pts',(22.1929765055821,-33.5,24.9697445773794));
#1513=CARTESIAN_POINT('Ctrl Pts',(20.3368449140566,-33.5,22.927475620275));
#1514=CARTESIAN_POINT('Ctrl Pts',(17.5999999997074,-33.5,22.927475620275));
#1515=CARTESIAN_POINT('Ctrl Pts',(14.8631550853582,-33.5,22.927475620275));
#1516=CARTESIAN_POINT('Ctrl Pts',(13.0070234938327,-33.5,24.9697445773794));
#1517=CARTESIAN_POINT('',(13.0070234938327,-30.5,24.9697445773794));
#1518=CARTESIAN_POINT('Origin',(17.5999999997074,-30.5,29.2738919445609));
#1519=CARTESIAN_POINT('',(13.0070234938327,-33.5,24.9697445773794));
#1520=CARTESIAN_POINT('',(13.0070234938327,-30.5,24.9697445773794));
#1521=CARTESIAN_POINT('Origin',(17.5999999997074,-33.5,29.2738919445609));
#1522=CARTESIAN_POINT('Ctrl Pts',(11.1230237481035,-30.5,25.8));
#1523=CARTESIAN_POINT('Ctrl Pts',(11.1230237481035,-33.5,25.8));
#1524=CARTESIAN_POINT('Ctrl Pts',(11.3132443658494,-30.5,25.8));
#1525=CARTESIAN_POINT('Ctrl Pts',(11.3132443658494,-33.5,25.8));
#1526=CARTESIAN_POINT('Ctrl Pts',(11.5029177037856,-30.5,25.7788166665311));
#1527=CARTESIAN_POINT('Ctrl Pts',(11.5029177037856,-33.5,25.7788166665311));
#1528=CARTESIAN_POINT('Ctrl Pts',(11.8728204395447,-30.5,25.6950854021003));
#1529=CARTESIAN_POINT('Ctrl Pts',(11.8728204395447,-33.5,25.6950854021003));
#1530=CARTESIAN_POINT('Ctrl Pts',(12.0520393133552,-30.5000000000033,25.6330343437344));
#1531=CARTESIAN_POINT('Ctrl Pts',(12.0520393133552,-33.5000000000033,25.6330343437344));
#1532=CARTESIAN_POINT('Ctrl Pts',(12.5194110204315,-30.5000000000033,25.4104001882518));
#1533=CARTESIAN_POINT('Ctrl Pts',(12.5194110204315,-33.5000000000033,25.4104001882518));
#1534=CARTESIAN_POINT('Ctrl Pts',(12.7860210649436,-30.5,25.2129096643946));
#1535=CARTESIAN_POINT('Ctrl Pts',(12.7860210649436,-33.5,25.2129096643946));
#1536=CARTESIAN_POINT('Ctrl Pts',(13.0070234938327,-30.5,24.9697445773794));
#1537=CARTESIAN_POINT('Ctrl Pts',(13.0070234938327,-33.5,24.9697445773794));
#1538=CARTESIAN_POINT('',(11.1230237481035,-30.5,25.8));
#1539=CARTESIAN_POINT('Ctrl Pts',(13.0070234938327,-30.5,24.9697445773794));
#1540=CARTESIAN_POINT('Ctrl Pts',(12.7860210649436,-30.5,25.2129096643946));
#1541=CARTESIAN_POINT('Ctrl Pts',(12.5194110204315,-30.5000000000033,25.4104001882518));
#1542=CARTESIAN_POINT('Ctrl Pts',(12.2227030564712,-30.5000000000033,25.5517380698161));
#1543=CARTESIAN_POINT('Ctrl Pts',(12.0520393133552,-30.5000000000033,25.6330343437344));
#1544=CARTESIAN_POINT('Ctrl Pts',(11.8728204395447,-30.5,25.6950854021003));
#1545=CARTESIAN_POINT('Ctrl Pts',(11.6884430883852,-30.5,25.736821099765));
#1546=CARTESIAN_POINT('Ctrl Pts',(11.5029177037856,-30.5,25.7788166665311));
#1547=CARTESIAN_POINT('Ctrl Pts',(11.3132443658494,-30.5,25.8));
#1548=CARTESIAN_POINT('Ctrl Pts',(11.1230237481035,-30.5,25.8));
#1549=CARTESIAN_POINT('',(11.1230237481035,-33.5,25.8));
#1550=CARTESIAN_POINT('',(11.1230237481035,-30.5,25.8));
#1551=CARTESIAN_POINT('Ctrl Pts',(11.1230237481035,-33.5,25.8));
#1552=CARTESIAN_POINT('Ctrl Pts',(11.3132443658494,-33.5,25.8));
#1553=CARTESIAN_POINT('Ctrl Pts',(11.5029177037856,-33.5,25.7788166665311));
#1554=CARTESIAN_POINT('Ctrl Pts',(11.6884430883852,-33.5,25.736821099765));
#1555=CARTESIAN_POINT('Ctrl Pts',(11.8728204395447,-33.5,25.6950854021003));
#1556=CARTESIAN_POINT('Ctrl Pts',(12.0520393133552,-33.5000000000033,25.6330343437344));
#1557=CARTESIAN_POINT('Ctrl Pts',(12.2227030564712,-33.5000000000033,25.5517380698161));
#1558=CARTESIAN_POINT('Ctrl Pts',(12.5194110204315,-33.5000000000033,25.4104001882518));
#1559=CARTESIAN_POINT('Ctrl Pts',(12.7860210649436,-33.5,25.2129096643946));
#1560=CARTESIAN_POINT('Ctrl Pts',(13.0070234938327,-33.5,24.9697445773794));
#1561=CARTESIAN_POINT('Ctrl Pts',(4.1429765055821,-30.5,24.9697445773794));
#1562=CARTESIAN_POINT('Ctrl Pts',(4.1429765055821,-33.5,24.9697445773794));
#1563=CARTESIAN_POINT('Ctrl Pts',(4.26903866410441,-30.5,25.1084485540754));
#1564=CARTESIAN_POINT('Ctrl Pts',(4.26903866410441,-33.5,25.1084485540754));
#1565=CARTESIAN_POINT('Ctrl Pts',(4.41023463797688,-30.5,25.2326095303823));
#1566=CARTESIAN_POINT('Ctrl Pts',(4.41023463797688,-33.5,25.2326095303823));
#1567=CARTESIAN_POINT('Ctrl Pts',(4.71834332049888,-30.5,25.4481278856029));
#1568=CARTESIAN_POINT('Ctrl Pts',(4.71834332049888,-33.5,25.4481278856029));
#1569=CARTESIAN_POINT('Ctrl Pts',(4.88446765043549,-30.4999999999927,25.5386284293626));
#1570=CARTESIAN_POINT('Ctrl Pts',(4.88446765043549,-33.4999999999927,25.5386284293626));
#1571=CARTESIAN_POINT('Ctrl Pts',(5.3661866801916,-30.4999999999927,25.7355261233436));
#1572=CARTESIAN_POINT('Ctrl Pts',(5.3661866801916,-33.4999999999927,25.7355261233436));
#1573=CARTESIAN_POINT('Ctrl Pts',(5.69511822321524,-30.5,25.8));
#1574=CARTESIAN_POINT('Ctrl Pts',(5.69511822321524,-33.5,25.8));
#1575=CARTESIAN_POINT('Ctrl Pts',(6.02697625131126,-30.5,25.8));
#1576=CARTESIAN_POINT('Ctrl Pts',(6.02697625131126,-33.5,25.8));
#1577=CARTESIAN_POINT('',(6.02697625131127,-30.5,25.8));
#1578=CARTESIAN_POINT('',(4.1429765055821,-30.5,24.9697445773794));
#1579=CARTESIAN_POINT('Ctrl Pts',(6.02697625131126,-30.5,25.8));
#1580=CARTESIAN_POINT('Ctrl Pts',(5.69511822321524,-30.5,25.8));
#1581=CARTESIAN_POINT('Ctrl Pts',(5.3661866801916,-30.4999999999927,25.7355261233436));
#1582=CARTESIAN_POINT('Ctrl Pts',(5.05902128081656,-30.4999999999927,25.6099754287025));
#1583=CARTESIAN_POINT('Ctrl Pts',(4.88446765043549,-30.4999999999927,25.5386284293626));
#1584=CARTESIAN_POINT('Ctrl Pts',(4.71834332049888,-30.5,25.4481278856029));
#1585=CARTESIAN_POINT('Ctrl Pts',(4.56382700734876,-30.5,25.3400455641562));
#1586=CARTESIAN_POINT('Ctrl Pts',(4.41023463797688,-30.5,25.2326095303823));
#1587=CARTESIAN_POINT('Ctrl Pts',(4.26903866410441,-30.5,25.1084485540754));
#1588=CARTESIAN_POINT('Ctrl Pts',(4.1429765055821,-30.5,24.9697445773794));
#1589=CARTESIAN_POINT('',(4.14297650558209,-33.5,24.9697445773794));
#1590=CARTESIAN_POINT('',(4.1429765055821,-30.5,24.9697445773794));
#1591=CARTESIAN_POINT('',(6.02697625131127,-33.5,25.8));
#1592=CARTESIAN_POINT('Ctrl Pts',(4.1429765055821,-33.5,24.9697445773794));
#1593=CARTESIAN_POINT('Ctrl Pts',(4.26903866410441,-33.5,25.1084485540754));
#1594=CARTESIAN_POINT('Ctrl Pts',(4.41023463797688,-33.5,25.2326095303823));
#1595=CARTESIAN_POINT('Ctrl Pts',(4.56382700734876,-33.5,25.3400455641562));
#1596=CARTESIAN_POINT('Ctrl Pts',(4.71834332049888,-33.5,25.4481278856029));
#1597=CARTESIAN_POINT('Ctrl Pts',(4.88446765043549,-33.4999999999927,25.5386284293626));
#1598=CARTESIAN_POINT('Ctrl Pts',(5.05902128081656,-33.4999999999927,25.6099754287025));
#1599=CARTESIAN_POINT('Ctrl Pts',(5.3661866801916,-33.4999999999927,25.7355261233436));
#1600=CARTESIAN_POINT('Ctrl Pts',(5.69511822321524,-33.5,25.8));
#1601=CARTESIAN_POINT('Ctrl Pts',(6.02697625131126,-33.5,25.8));
#1602=CARTESIAN_POINT('',(6.02697625131127,-30.5,25.8));
#1603=CARTESIAN_POINT('Ctrl Pts',(4.1429765055821,-30.5,24.9697445773794));
#1604=CARTESIAN_POINT('Ctrl Pts',(2.2868449140566,-30.5,22.927475620275));
#1605=CARTESIAN_POINT('Ctrl Pts',(-0.450000000292594,-30.5,22.927475620275));
#1606=CARTESIAN_POINT('Ctrl Pts',(-3.18684491464179,-30.5,22.927475620275));
#1607=CARTESIAN_POINT('Ctrl Pts',(-5.04297650616729,-30.5,24.9697445773794));
#1608=CARTESIAN_POINT('Ctrl Pts',(4.1429765055821,-33.5,24.9697445773794));
#1609=CARTESIAN_POINT('Ctrl Pts',(2.2868449140566,-33.5,22.927475620275));
#1610=CARTESIAN_POINT('Ctrl Pts',(-0.450000000292594,-33.5,22.927475620275));
#1611=CARTESIAN_POINT('Ctrl Pts',(-3.18684491464179,-33.5,22.927475620275));
#1612=CARTESIAN_POINT('Ctrl Pts',(-5.04297650616729,-33.5,24.9697445773794));
#1613=CARTESIAN_POINT('',(-5.04297650616729,-30.5,24.9697445773794));
#1614=CARTESIAN_POINT('Origin',(-0.450000000292594,-30.5,29.2738919445609));
#1615=CARTESIAN_POINT('',(-5.04297650616729,-33.5,24.9697445773794));
#1616=CARTESIAN_POINT('',(-5.04297650616729,-30.5,24.9697445773794));
#1617=CARTESIAN_POINT('Origin',(-0.450000000292594,-33.5,29.2738919445609));
#1618=CARTESIAN_POINT('Ctrl Pts',(-6.92697625189646,-30.5,25.8));
#1619=CARTESIAN_POINT('Ctrl Pts',(-6.92697625189646,-33.5,25.8));
#1620=CARTESIAN_POINT('Ctrl Pts',(-6.73675563415061,-30.5,25.8));
#1621=CARTESIAN_POINT('Ctrl Pts',(-6.73675563415061,-33.5,25.8));
#1622=CARTESIAN_POINT('Ctrl Pts',(-6.5470822962144,-30.5,25.7788166665311));
#1623=CARTESIAN_POINT('Ctrl Pts',(-6.5470822962144,-33.5,25.7788166665311));
#1624=CARTESIAN_POINT('Ctrl Pts',(-6.17717956045531,-30.5,25.6950854021003));
#1625=CARTESIAN_POINT('Ctrl Pts',(-6.17717956045531,-33.5,25.6950854021003));
#1626=CARTESIAN_POINT('Ctrl Pts',(-5.99796068664477,-30.5000000000033,25.6330343437344));
#1627=CARTESIAN_POINT('Ctrl Pts',(-5.99796068664477,-33.5000000000033,25.6330343437344));
#1628=CARTESIAN_POINT('Ctrl Pts',(-5.53058897956854,-30.5000000000033,25.4104001882518));
#1629=CARTESIAN_POINT('Ctrl Pts',(-5.53058897956854,-33.5000000000033,25.4104001882518));
#1630=CARTESIAN_POINT('Ctrl Pts',(-5.26397893505639,-30.5,25.2129096643946));
#1631=CARTESIAN_POINT('Ctrl Pts',(-5.26397893505639,-33.5,25.2129096643946));
#1632=CARTESIAN_POINT('Ctrl Pts',(-5.04297650616729,-30.5,24.9697445773794));
#1633=CARTESIAN_POINT('Ctrl Pts',(-5.04297650616729,-33.5,24.9697445773794));
#1634=CARTESIAN_POINT('',(-6.92697625189646,-30.5,25.8));
#1635=CARTESIAN_POINT('Ctrl Pts',(-5.04297650616729,-30.5,24.9697445773794));
#1636=CARTESIAN_POINT('Ctrl Pts',(-5.26397893505639,-30.5,25.2129096643946));
#1637=CARTESIAN_POINT('Ctrl Pts',(-5.53058897956854,-30.5000000000033,25.4104001882518));
#1638=CARTESIAN_POINT('Ctrl Pts',(-5.82729694352881,-30.5000000000033,25.5517380698161));
#1639=CARTESIAN_POINT('Ctrl Pts',(-5.99796068664477,-30.5000000000033,25.6330343437344));
#1640=CARTESIAN_POINT('Ctrl Pts',(-6.17717956045531,-30.5,25.6950854021003));
#1641=CARTESIAN_POINT('Ctrl Pts',(-6.36155691161481,-30.5,25.736821099765));
#1642=CARTESIAN_POINT('Ctrl Pts',(-6.5470822962144,-30.5,25.7788166665311));
#1643=CARTESIAN_POINT('Ctrl Pts',(-6.73675563415061,-30.5,25.8));
#1644=CARTESIAN_POINT('Ctrl Pts',(-6.92697625189646,-30.5,25.8));
#1645=CARTESIAN_POINT('',(-6.92697625189646,-33.5,25.8));
#1646=CARTESIAN_POINT('',(-6.92697625189646,-30.5,25.8));
#1647=CARTESIAN_POINT('Ctrl Pts',(-6.92697625189646,-33.5,25.8));
#1648=CARTESIAN_POINT('Ctrl Pts',(-6.73675563415061,-33.5,25.8));
#1649=CARTESIAN_POINT('Ctrl Pts',(-6.5470822962144,-33.5,25.7788166665311));
#1650=CARTESIAN_POINT('Ctrl Pts',(-6.36155691161481,-33.5,25.736821099765));
#1651=CARTESIAN_POINT('Ctrl Pts',(-6.17717956045531,-33.5,25.6950854021003));
#1652=CARTESIAN_POINT('Ctrl Pts',(-5.99796068664477,-33.5000000000033,25.6330343437344));
#1653=CARTESIAN_POINT('Ctrl Pts',(-5.82729694352881,-33.5000000000033,25.5517380698161));
#1654=CARTESIAN_POINT('Ctrl Pts',(-5.53058897956854,-33.5000000000033,25.4104001882518));
#1655=CARTESIAN_POINT('Ctrl Pts',(-5.26397893505639,-33.5,25.2129096643946));
#1656=CARTESIAN_POINT('Ctrl Pts',(-5.04297650616729,-33.5,24.9697445773794));
#1657=CARTESIAN_POINT('Ctrl Pts',(-13.9070234944179,-30.5,24.9697445773794));
#1658=CARTESIAN_POINT('Ctrl Pts',(-13.9070234944179,-33.5,24.9697445773794));
#1659=CARTESIAN_POINT('Ctrl Pts',(-13.7809613358956,-30.5,25.1084485540754));
#1660=CARTESIAN_POINT('Ctrl Pts',(-13.7809613358956,-33.5,25.1084485540754));
#1661=CARTESIAN_POINT('Ctrl Pts',(-13.6397653620231,-30.5,25.2326095303823));
#1662=CARTESIAN_POINT('Ctrl Pts',(-13.6397653620231,-33.5,25.2326095303823));
#1663=CARTESIAN_POINT('Ctrl Pts',(-13.3316566795011,-30.5,25.448127885603));
#1664=CARTESIAN_POINT('Ctrl Pts',(-13.3316566795011,-33.5,25.448127885603));
#1665=CARTESIAN_POINT('Ctrl Pts',(-13.1655323495645,-30.4999999999926,25.5386284293626));
#1666=CARTESIAN_POINT('Ctrl Pts',(-13.1655323495645,-33.4999999999927,25.5386284293626));
#1667=CARTESIAN_POINT('Ctrl Pts',(-12.6838133198084,-30.4999999999926,25.7355261233436));
#1668=CARTESIAN_POINT('Ctrl Pts',(-12.6838133198084,-33.4999999999927,25.7355261233436));
#1669=CARTESIAN_POINT('Ctrl Pts',(-12.3548817767848,-30.5,25.8));
#1670=CARTESIAN_POINT('Ctrl Pts',(-12.3548817767848,-33.5,25.8));
#1671=CARTESIAN_POINT('Ctrl Pts',(-12.0230237486887,-30.5,25.8));
#1672=CARTESIAN_POINT('Ctrl Pts',(-12.0230237486887,-33.5,25.8));
#1673=CARTESIAN_POINT('',(-12.0230237486887,-30.5,25.8));
#1674=CARTESIAN_POINT('',(-13.9070234944179,-30.5,24.9697445773794));
#1675=CARTESIAN_POINT('Ctrl Pts',(-12.0230237486887,-30.5,25.8));
#1676=CARTESIAN_POINT('Ctrl Pts',(-12.3548817767848,-30.5,25.8));
#1677=CARTESIAN_POINT('Ctrl Pts',(-12.6838133198084,-30.4999999999926,25.7355261233436));
#1678=CARTESIAN_POINT('Ctrl Pts',(-12.9909787191834,-30.4999999999926,25.6099754287025));
#1679=CARTESIAN_POINT('Ctrl Pts',(-13.1655323495645,-30.4999999999926,25.5386284293626));
#1680=CARTESIAN_POINT('Ctrl Pts',(-13.3316566795011,-30.5,25.448127885603));
#1681=CARTESIAN_POINT('Ctrl Pts',(-13.4861729926512,-30.5,25.3400455641562));
#1682=CARTESIAN_POINT('Ctrl Pts',(-13.6397653620231,-30.5,25.2326095303823));
#1683=CARTESIAN_POINT('Ctrl Pts',(-13.7809613358956,-30.5,25.1084485540754));
#1684=CARTESIAN_POINT('Ctrl Pts',(-13.9070234944179,-30.5,24.9697445773794));
#1685=CARTESIAN_POINT('',(-13.9070234944179,-33.5,24.9697445773794));
#1686=CARTESIAN_POINT('',(-13.9070234944179,-30.5,24.9697445773794));
#1687=CARTESIAN_POINT('',(-12.0230237486887,-33.5,25.8));
#1688=CARTESIAN_POINT('Ctrl Pts',(-13.9070234944179,-33.5,24.9697445773794));
#1689=CARTESIAN_POINT('Ctrl Pts',(-13.7809613358956,-33.5,25.1084485540754));
#1690=CARTESIAN_POINT('Ctrl Pts',(-13.6397653620231,-33.5,25.2326095303823));
#1691=CARTESIAN_POINT('Ctrl Pts',(-13.4861729926512,-33.5,25.3400455641562));
#1692=CARTESIAN_POINT('Ctrl Pts',(-13.3316566795011,-33.5,25.448127885603));
#1693=CARTESIAN_POINT('Ctrl Pts',(-13.1655323495645,-33.4999999999927,25.5386284293626));
#1694=CARTESIAN_POINT('Ctrl Pts',(-12.9909787191834,-33.4999999999927,25.6099754287025));
#1695=CARTESIAN_POINT('Ctrl Pts',(-12.6838133198084,-33.4999999999927,25.7355261233436));
#1696=CARTESIAN_POINT('Ctrl Pts',(-12.3548817767848,-33.5,25.8));
#1697=CARTESIAN_POINT('Ctrl Pts',(-12.0230237486887,-33.5,25.8));
#1698=CARTESIAN_POINT('',(-12.0230237486887,-30.5,25.8));
#1699=CARTESIAN_POINT('Ctrl Pts',(-13.9070234944179,-30.5,24.9697445773794));
#1700=CARTESIAN_POINT('Ctrl Pts',(-15.7631550859434,-30.5,22.927475620275));
#1701=CARTESIAN_POINT('Ctrl Pts',(-18.5000000002926,-30.5,22.927475620275));
#1702=CARTESIAN_POINT('Ctrl Pts',(-21.2368449146418,-30.5,22.927475620275));
#1703=CARTESIAN_POINT('Ctrl Pts',(-23.0929765061673,-30.5,24.9697445773794));
#1704=CARTESIAN_POINT('Ctrl Pts',(-13.9070234944179,-33.5,24.9697445773794));
#1705=CARTESIAN_POINT('Ctrl Pts',(-15.7631550859434,-33.5,22.927475620275));
#1706=CARTESIAN_POINT('Ctrl Pts',(-18.5000000002926,-33.5,22.927475620275));
#1707=CARTESIAN_POINT('Ctrl Pts',(-21.2368449146418,-33.5,22.927475620275));
#1708=CARTESIAN_POINT('Ctrl Pts',(-23.0929765061673,-33.5,24.9697445773794));
#1709=CARTESIAN_POINT('',(-23.0929765061673,-30.5,24.9697445773794));
#1710=CARTESIAN_POINT('Origin',(-18.5000000002926,-30.5,29.2738919445609));
#1711=CARTESIAN_POINT('',(-23.0929765061673,-33.5,24.9697445773794));
#1712=CARTESIAN_POINT('',(-23.0929765061673,-30.5,24.9697445773794));
#1713=CARTESIAN_POINT('Origin',(-18.5000000002926,-33.5,29.2738919445609));
#1714=CARTESIAN_POINT('Ctrl Pts',(-24.9769762518965,-30.5,25.8));
#1715=CARTESIAN_POINT('Ctrl Pts',(-24.9769762518965,-33.5,25.8));
#1716=CARTESIAN_POINT('Ctrl Pts',(-24.7867556341506,-30.5,25.8));
#1717=CARTESIAN_POINT('Ctrl Pts',(-24.7867556341506,-33.5,25.8));
#1718=CARTESIAN_POINT('Ctrl Pts',(-24.5970822962144,-30.5,25.7788166665311));
#1719=CARTESIAN_POINT('Ctrl Pts',(-24.5970822962144,-33.5,25.7788166665311));
#1720=CARTESIAN_POINT('Ctrl Pts',(-24.2271795604553,-30.5,25.6950854021003));
#1721=CARTESIAN_POINT('Ctrl Pts',(-24.2271795604553,-33.5,25.6950854021003));
#1722=CARTESIAN_POINT('Ctrl Pts',(-24.0479606866448,-30.5000000000033,25.6330343437344));
#1723=CARTESIAN_POINT('Ctrl Pts',(-24.0479606866448,-33.5000000000033,25.6330343437344));
#1724=CARTESIAN_POINT('Ctrl Pts',(-23.5805889795686,-30.5000000000033,25.4104001882518));
#1725=CARTESIAN_POINT('Ctrl Pts',(-23.5805889795686,-33.5000000000033,25.4104001882518));
#1726=CARTESIAN_POINT('Ctrl Pts',(-23.3139789350564,-30.5,25.2129096643946));
#1727=CARTESIAN_POINT('Ctrl Pts',(-23.3139789350564,-33.5,25.2129096643946));
#1728=CARTESIAN_POINT('Ctrl Pts',(-23.0929765061673,-30.5,24.9697445773794));
#1729=CARTESIAN_POINT('Ctrl Pts',(-23.0929765061673,-33.5,24.9697445773794));
#1730=CARTESIAN_POINT('',(-24.9769762518965,-30.5,25.8));
#1731=CARTESIAN_POINT('Ctrl Pts',(-23.0929765061673,-30.5,24.9697445773794));
#1732=CARTESIAN_POINT('Ctrl Pts',(-23.3139789350564,-30.5,25.2129096643946));
#1733=CARTESIAN_POINT('Ctrl Pts',(-23.5805889795686,-30.5000000000033,25.4104001882518));
#1734=CARTESIAN_POINT('Ctrl Pts',(-23.8772969435288,-30.5000000000033,25.5517380698161));
#1735=CARTESIAN_POINT('Ctrl Pts',(-24.0479606866448,-30.5000000000033,25.6330343437344));
#1736=CARTESIAN_POINT('Ctrl Pts',(-24.2271795604553,-30.5,25.6950854021003));
#1737=CARTESIAN_POINT('Ctrl Pts',(-24.4115569116148,-30.5,25.736821099765));
#1738=CARTESIAN_POINT('Ctrl Pts',(-24.5970822962144,-30.5,25.7788166665311));
#1739=CARTESIAN_POINT('Ctrl Pts',(-24.7867556341506,-30.5,25.8));
#1740=CARTESIAN_POINT('Ctrl Pts',(-24.9769762518965,-30.5,25.8));
#1741=CARTESIAN_POINT('',(-24.9769762518965,-33.5,25.8));
#1742=CARTESIAN_POINT('',(-24.9769762518965,-30.5,25.8));
#1743=CARTESIAN_POINT('Ctrl Pts',(-24.9769762518965,-33.5,25.8));
#1744=CARTESIAN_POINT('Ctrl Pts',(-24.7867556341506,-33.5,25.8));
#1745=CARTESIAN_POINT('Ctrl Pts',(-24.5970822962144,-33.5,25.7788166665311));
#1746=CARTESIAN_POINT('Ctrl Pts',(-24.4115569116148,-33.5,25.736821099765));
#1747=CARTESIAN_POINT('Ctrl Pts',(-24.2271795604553,-33.5,25.6950854021003));
#1748=CARTESIAN_POINT('Ctrl Pts',(-24.0479606866448,-33.5000000000033,25.6330343437344));
#1749=CARTESIAN_POINT('Ctrl Pts',(-23.8772969435288,-33.5000000000033,25.5517380698161));
#1750=CARTESIAN_POINT('Ctrl Pts',(-23.5805889795686,-33.5000000000033,25.4104001882518));
#1751=CARTESIAN_POINT('Ctrl Pts',(-23.3139789350564,-33.5,25.2129096643946));
#1752=CARTESIAN_POINT('Ctrl Pts',(-23.0929765061673,-33.5,24.9697445773794));
#1753=CARTESIAN_POINT('Origin',(8.8,-33.5,6.9));
#1754=CARTESIAN_POINT('',(44.125,-33.5,25.8));
#1755=CARTESIAN_POINT('Origin',(44.125,-33.5,22.325));
#1756=CARTESIAN_POINT('',(-30.,-33.5,25.8));
#1757=CARTESIAN_POINT('',(-30.,-33.5,25.8));
#1758=CARTESIAN_POINT('',(-30.,-33.5,25.8));
#1759=CARTESIAN_POINT('',(-30.,-33.5,25.8));
#1760=CARTESIAN_POINT('',(-26.525,-33.5,25.8));
#1761=CARTESIAN_POINT('',(-30.,-33.5,25.8));
#1762=CARTESIAN_POINT('Origin',(-26.525,-33.5,22.325));
#1763=CARTESIAN_POINT('',(-23.525,-33.5,-12.025));
#1764=CARTESIAN_POINT('Origin',(-26.525,-33.5,-12.025));
#1765=CARTESIAN_POINT('',(47.125,-33.5,-12.025));
#1766=CARTESIAN_POINT('Origin',(44.125,-33.5,-12.025));
#1767=CARTESIAN_POINT('',(47.125,-33.5,22.325));
#1768=CARTESIAN_POINT('Origin',(44.125,-33.5,22.325));
#1769=CARTESIAN_POINT('',(-23.525,-33.5,22.325));
#1770=CARTESIAN_POINT('Origin',(-26.525,-33.5,22.325));
#1771=CARTESIAN_POINT('Ctrl Pts',(-22.9742752117273,-29.5,25.0190292016438));
#1772=CARTESIAN_POINT('Ctrl Pts',(-23.0259387802356,-29.9233848278149,24.9981628394857));
#1773=CARTESIAN_POINT('Ctrl Pts',(-23.0766615744902,-30.3541035261222,24.976935030276));
#1774=CARTESIAN_POINT('Ctrl Pts',(-23.1264116085811,-30.7918844827273,24.9553591603196));
#1775=CARTESIAN_POINT('Ctrl Pts',(-23.4333662124188,-29.4222468272461,25.5107065114934));
#1776=CARTESIAN_POINT('Ctrl Pts',(-23.486149186682,-29.8472776260254,25.5023065109308));
#1777=CARTESIAN_POINT('Ctrl Pts',(-23.537981803554,-30.2796153549755,25.4931938069561));
#1778=CARTESIAN_POINT('Ctrl Pts',(-23.5881331631733,-30.7190584090135,25.4843696650073));
#1779=CARTESIAN_POINT('Ctrl Pts',(-24.0963250258234,-29.3099659263577,25.8));
#1780=CARTESIAN_POINT('Ctrl Pts',(-24.1586900519739,-29.7360348899859,25.8001730222784));
#1781=CARTESIAN_POINT('Ctrl Pts',(-24.2199877501005,-30.1694480167017,25.7998054303101));
#1782=CARTESIAN_POINT('Ctrl Pts',(-24.279662995565,-30.6099853063001,25.8));
#1783=CARTESIAN_POINT('Ctrl Pts',(-24.7639852963012,-29.1968887711245,25.8));
#1784=CARTESIAN_POINT('Ctrl Pts',(-24.8363142922128,-29.6239529015771,25.8));
#1785=CARTESIAN_POINT('Ctrl Pts',(-24.9073262041692,-30.0584146353894,25.8));
#1786=CARTESIAN_POINT('Ctrl Pts',(-24.9769762518965,-30.5,25.8));
#1787=CARTESIAN_POINT('Origin',(-18.5000000002926,-64.3796247775491,23.3));
#1788=CARTESIAN_POINT('Origin',(-18.5000000002926,-64.3796247775491,25.8));
#1789=CARTESIAN_POINT('Origin',(-18.5000000002926,-31.0940705103883,29.1691412851362));
#1790=CARTESIAN_POINT('Origin',(-18.5000000002926,-64.3796247775491,23.3));
#1791=CARTESIAN_POINT('Ctrl Pts',(-13.8735883920041,-30.7918844827273,24.9553591603196));
#1792=CARTESIAN_POINT('Ctrl Pts',(-13.923338426095,-30.3541035261222,24.976935030276));
#1793=CARTESIAN_POINT('Ctrl Pts',(-13.9740612203496,-29.9233848278149,24.9981628394857));
#1794=CARTESIAN_POINT('Ctrl Pts',(-14.0257247888579,-29.5,25.0190292016438));
#1795=CARTESIAN_POINT('Ctrl Pts',(-13.4118668374119,-30.7190584090135,25.4843696650073));
#1796=CARTESIAN_POINT('Ctrl Pts',(-13.4620181970312,-30.2796153549755,25.4931938069561));
#1797=CARTESIAN_POINT('Ctrl Pts',(-13.5138508139032,-29.8472776260254,25.5023065109308));
#1798=CARTESIAN_POINT('Ctrl Pts',(-13.5666337881664,-29.4222468272461,25.5107065114934));
#1799=CARTESIAN_POINT('Ctrl Pts',(-12.7203370050202,-30.6099853063001,25.8));
#1800=CARTESIAN_POINT('Ctrl Pts',(-12.7800122504847,-30.1694480167017,25.7998054303101));
#1801=CARTESIAN_POINT('Ctrl Pts',(-12.8413099486113,-29.7360348899859,25.8001730222784));
#1802=CARTESIAN_POINT('Ctrl Pts',(-12.9036749747618,-29.3099659263577,25.8));
#1803=CARTESIAN_POINT('Ctrl Pts',(-12.0230237486887,-30.5,25.8));
#1804=CARTESIAN_POINT('Ctrl Pts',(-12.092673796416,-30.0584146353894,25.8));
#1805=CARTESIAN_POINT('Ctrl Pts',(-12.1636857083724,-29.6239529015771,25.8));
#1806=CARTESIAN_POINT('Ctrl Pts',(-12.236014704284,-29.1968887711245,25.8));
#1807=CARTESIAN_POINT('Origin',(-18.5000000002926,-64.3796247775491,25.8));
#1808=CARTESIAN_POINT('Origin',(-30.,-29.5,25.8));
#1809=CARTESIAN_POINT('Origin',(-0.450000000292594,-64.3796247775491,25.8));
#1810=CARTESIAN_POINT('Ctrl Pts',(-4.92427521172732,-29.5,25.0190292016438));
#1811=CARTESIAN_POINT('Ctrl Pts',(-4.97593878023563,-29.9233848278149,24.9981628394857));
#1812=CARTESIAN_POINT('Ctrl Pts',(-5.02666157449017,-30.3541035261222,24.976935030276));
#1813=CARTESIAN_POINT('Ctrl Pts',(-5.07641160858107,-30.7918844827273,24.9553591603196));
#1814=CARTESIAN_POINT('Ctrl Pts',(-5.38336621241883,-29.4222468272461,25.5107065114934));
#1815=CARTESIAN_POINT('Ctrl Pts',(-5.43614918668201,-29.8472776260254,25.5023065109308));
#1816=CARTESIAN_POINT('Ctrl Pts',(-5.48798180355403,-30.2796153549755,25.4931938069561));
#1817=CARTESIAN_POINT('Ctrl Pts',(-5.53813316317331,-30.7190584090135,25.4843696650073));
#1818=CARTESIAN_POINT('Ctrl Pts',(-6.04632502582337,-29.3099659263577,25.8));
#1819=CARTESIAN_POINT('Ctrl Pts',(-6.10869005197392,-29.7360348899859,25.8001730222784));
#1820=CARTESIAN_POINT('Ctrl Pts',(-6.16998775010048,-30.1694480167017,25.7998054303101));
#1821=CARTESIAN_POINT('Ctrl Pts',(-6.22966299556498,-30.6099853063001,25.8));
#1822=CARTESIAN_POINT('Ctrl Pts',(-6.71398529630121,-29.1968887711245,25.8));
#1823=CARTESIAN_POINT('Ctrl Pts',(-6.78631429221284,-29.6239529015771,25.8));
#1824=CARTESIAN_POINT('Ctrl Pts',(-6.8573262041692,-30.0584146353894,25.8));
#1825=CARTESIAN_POINT('Ctrl Pts',(-6.92697625189646,-30.5,25.8));
#1826=CARTESIAN_POINT('Origin',(-0.450000000292594,-64.3796247775491,23.3));
#1827=CARTESIAN_POINT('Origin',(-0.450000000292594,-31.0940705103883,29.1691412851362));
#1828=CARTESIAN_POINT('Origin',(-0.450000000292594,-64.3796247775491,23.3));
#1829=CARTESIAN_POINT('Ctrl Pts',(4.17641160799588,-30.7918844827273,24.9553591603196));
#1830=CARTESIAN_POINT('Ctrl Pts',(4.12666157390498,-30.3541035261222,24.976935030276));
#1831=CARTESIAN_POINT('Ctrl Pts',(4.07593877965044,-29.9233848278149,24.9981628394857));
#1832=CARTESIAN_POINT('Ctrl Pts',(4.02427521114213,-29.5,25.0190292016438));
#1833=CARTESIAN_POINT('Ctrl Pts',(4.63813316258812,-30.7190584090135,25.4843696650073));
#1834=CARTESIAN_POINT('Ctrl Pts',(4.58798180296885,-30.2796153549755,25.4931938069561));
#1835=CARTESIAN_POINT('Ctrl Pts',(4.53614918609682,-29.8472776260254,25.5023065109308));
#1836=CARTESIAN_POINT('Ctrl Pts',(4.48336621183364,-29.4222468272461,25.5107065114934));
#1837=CARTESIAN_POINT('Ctrl Pts',(5.32966299497979,-30.6099853063001,25.8));
#1838=CARTESIAN_POINT('Ctrl Pts',(5.2699877495153,-30.1694480167017,25.7998054303101));
#1839=CARTESIAN_POINT('Ctrl Pts',(5.20869005138873,-29.7360348899859,25.8001730222784));
#1840=CARTESIAN_POINT('Ctrl Pts',(5.14632502523818,-29.3099659263577,25.8));
#1841=CARTESIAN_POINT('Ctrl Pts',(6.02697625131127,-30.5,25.8));
#1842=CARTESIAN_POINT('Ctrl Pts',(5.95732620358401,-30.0584146353894,25.8));
#1843=CARTESIAN_POINT('Ctrl Pts',(5.88631429162765,-29.6239529015771,25.8));
#1844=CARTESIAN_POINT('Ctrl Pts',(5.81398529571602,-29.1968887711245,25.8));
#1845=CARTESIAN_POINT('Origin',(-0.450000000292594,-64.3796247775491,25.8));
#1846=CARTESIAN_POINT('Origin',(-30.,-29.5,25.8));
#1847=CARTESIAN_POINT('Origin',(17.5999999997074,-64.3796247775491,25.8));
#1848=CARTESIAN_POINT('Ctrl Pts',(13.1257247882727,-29.5,25.0190292016438));
#1849=CARTESIAN_POINT('Ctrl Pts',(13.0740612197644,-29.9233848278149,24.9981628394857));
#1850=CARTESIAN_POINT('Ctrl Pts',(13.0233384255098,-30.3541035261222,24.976935030276));
#1851=CARTESIAN_POINT('Ctrl Pts',(12.9735883914189,-30.7918844827273,24.9553591603196));
#1852=CARTESIAN_POINT('Ctrl Pts',(12.6666337875812,-29.4222468272461,25.5107065114934));
#1853=CARTESIAN_POINT('Ctrl Pts',(12.613850813318,-29.8472776260254,25.5023065109308));
#1854=CARTESIAN_POINT('Ctrl Pts',(12.562018196446,-30.2796153549755,25.4931938069561));
#1855=CARTESIAN_POINT('Ctrl Pts',(12.5118668368267,-30.7190584090135,25.4843696650073));
#1856=CARTESIAN_POINT('Ctrl Pts',(12.0036749741766,-29.3099659263577,25.8));
#1857=CARTESIAN_POINT('Ctrl Pts',(11.9413099480261,-29.7360348899859,25.8001730222784));
#1858=CARTESIAN_POINT('Ctrl Pts',(11.8800122498995,-30.1694480167017,25.7998054303101));
#1859=CARTESIAN_POINT('Ctrl Pts',(11.820337004435,-30.6099853063001,25.8));
#1860=CARTESIAN_POINT('Ctrl Pts',(11.3360147036988,-29.1968887711244,25.8));
#1861=CARTESIAN_POINT('Ctrl Pts',(11.2636857077872,-29.6239529015771,25.8));
#1862=CARTESIAN_POINT('Ctrl Pts',(11.1926737958308,-30.0584146353894,25.8));
#1863=CARTESIAN_POINT('Ctrl Pts',(11.1230237481035,-30.5,25.8));
#1864=CARTESIAN_POINT('Origin',(17.5999999997074,-64.3796247775491,23.3));
#1865=CARTESIAN_POINT('Origin',(17.5999999997074,-31.0940705103883,29.1691412851362));
#1866=CARTESIAN_POINT('Origin',(17.5999999997074,-64.3796247775491,23.3));
#1867=CARTESIAN_POINT('Ctrl Pts',(22.2264116079959,-30.7918844827273,24.9553591603196));
#1868=CARTESIAN_POINT('Ctrl Pts',(22.176661573905,-30.3541035261222,24.976935030276));
#1869=CARTESIAN_POINT('Ctrl Pts',(22.1259387796504,-29.9233848278149,24.9981628394857));
#1870=CARTESIAN_POINT('Ctrl Pts',(22.0742752111421,-29.5,25.0190292016438));
#1871=CARTESIAN_POINT('Ctrl Pts',(22.6881331625881,-30.7190584090135,25.4843696650073));
#1872=CARTESIAN_POINT('Ctrl Pts',(22.6379818029688,-30.2796153549755,25.4931938069561));
#1873=CARTESIAN_POINT('Ctrl Pts',(22.5861491860968,-29.8472776260254,25.5023065109308));
#1874=CARTESIAN_POINT('Ctrl Pts',(22.5333662118336,-29.4222468272461,25.5107065114934));
#1875=CARTESIAN_POINT('Ctrl Pts',(23.3796629949798,-30.6099853063001,25.8));
#1876=CARTESIAN_POINT('Ctrl Pts',(23.3199877495153,-30.1694480167017,25.7998054303101));
#1877=CARTESIAN_POINT('Ctrl Pts',(23.2586900513887,-29.7360348899859,25.8001730222784));
#1878=CARTESIAN_POINT('Ctrl Pts',(23.1963250252382,-29.3099659263577,25.8));
#1879=CARTESIAN_POINT('Ctrl Pts',(24.0769762513113,-30.5,25.8));
#1880=CARTESIAN_POINT('Ctrl Pts',(24.007326203584,-30.0584146353894,25.8));
#1881=CARTESIAN_POINT('Ctrl Pts',(23.9363142916276,-29.6239529015771,25.8));
#1882=CARTESIAN_POINT('Ctrl Pts',(23.863985295716,-29.1968887711245,25.8));
#1883=CARTESIAN_POINT('Origin',(17.5999999997074,-64.3796247775491,25.8));
#1884=CARTESIAN_POINT('Origin',(-30.,-29.5,25.8));
#1885=CARTESIAN_POINT('Origin',(35.6499999997074,-64.3796247775491,25.8));
#1886=CARTESIAN_POINT('Ctrl Pts',(31.1757247882727,-29.5,25.0190292016438));
#1887=CARTESIAN_POINT('Ctrl Pts',(31.1240612197644,-29.9233848278149,24.9981628394857));
#1888=CARTESIAN_POINT('Ctrl Pts',(31.0733384255098,-30.3541035261222,24.976935030276));
#1889=CARTESIAN_POINT('Ctrl Pts',(31.0235883914189,-30.7918844827273,24.9553591603196));
#1890=CARTESIAN_POINT('Ctrl Pts',(30.7166337875812,-29.4222468272461,25.5107065114934));
#1891=CARTESIAN_POINT('Ctrl Pts',(30.663850813318,-29.8472776260254,25.5023065109308));
#1892=CARTESIAN_POINT('Ctrl Pts',(30.612018196446,-30.2796153549755,25.4931938069561));
#1893=CARTESIAN_POINT('Ctrl Pts',(30.5618668368267,-30.7190584090135,25.4843696650073));
#1894=CARTESIAN_POINT('Ctrl Pts',(30.0536749741766,-29.3099659263577,25.8));
#1895=CARTESIAN_POINT('Ctrl Pts',(29.9913099480261,-29.7360348899859,25.8001730222784));
#1896=CARTESIAN_POINT('Ctrl Pts',(29.9300122498995,-30.1694480167017,25.7998054303101));
#1897=CARTESIAN_POINT('Ctrl Pts',(29.870337004435,-30.6099853063001,25.8));
#1898=CARTESIAN_POINT('Ctrl Pts',(29.3860147036988,-29.1968887711245,25.8));
#1899=CARTESIAN_POINT('Ctrl Pts',(29.3136857077872,-29.6239529015771,25.8));
#1900=CARTESIAN_POINT('Ctrl Pts',(29.2426737958308,-30.0584146353894,25.8));
#1901=CARTESIAN_POINT('Ctrl Pts',(29.1730237481036,-30.5,25.8));
#1902=CARTESIAN_POINT('Origin',(35.6499999997074,-64.3796247775491,23.3));
#1903=CARTESIAN_POINT('Origin',(35.6499999997074,-31.0940705103883,29.1691412851362));
#1904=CARTESIAN_POINT('Origin',(35.6499999997074,-64.3796247775491,23.3));
#1905=CARTESIAN_POINT('Ctrl Pts',(40.2764116079959,-30.7918844827273,24.9553591603196));
#1906=CARTESIAN_POINT('Ctrl Pts',(40.226661573905,-30.3541035261222,24.976935030276));
#1907=CARTESIAN_POINT('Ctrl Pts',(40.1759387796504,-29.9233848278149,24.9981628394857));
#1908=CARTESIAN_POINT('Ctrl Pts',(40.1242752111421,-29.5,25.0190292016438));
#1909=CARTESIAN_POINT('Ctrl Pts',(40.7381331625881,-30.7190584090135,25.4843696650073));
#1910=CARTESIAN_POINT('Ctrl Pts',(40.6879818029688,-30.2796153549755,25.4931938069561));
#1911=CARTESIAN_POINT('Ctrl Pts',(40.6361491860968,-29.8472776260254,25.5023065109308));
#1912=CARTESIAN_POINT('Ctrl Pts',(40.5833662118336,-29.4222468272461,25.5107065114934));
#1913=CARTESIAN_POINT('Ctrl Pts',(41.4296629949798,-30.6099853063001,25.8));
#1914=CARTESIAN_POINT('Ctrl Pts',(41.3699877495153,-30.1694480167017,25.7998054303101));
#1915=CARTESIAN_POINT('Ctrl Pts',(41.3086900513887,-29.7360348899859,25.8001730222784));
#1916=CARTESIAN_POINT('Ctrl Pts',(41.2463250252382,-29.3099659263577,25.8));
#1917=CARTESIAN_POINT('Ctrl Pts',(42.1269762513113,-30.5,25.8));
#1918=CARTESIAN_POINT('Ctrl Pts',(42.057326203584,-30.0584146353894,25.8));
#1919=CARTESIAN_POINT('Ctrl Pts',(41.9863142916277,-29.6239529015771,25.8));
#1920=CARTESIAN_POINT('Ctrl Pts',(41.913985295716,-29.1968887711245,25.8));
#1921=CARTESIAN_POINT('Origin',(35.6499999997074,-64.3796247775491,25.8));
#1922=CARTESIAN_POINT('Origin',(-30.,-29.5,25.8));
#1923=CARTESIAN_POINT('',(44.125,-29.5,25.8));
#1924=CARTESIAN_POINT('Origin',(-30.,-29.5,25.8));
#1925=CARTESIAN_POINT('',(-26.525,-29.5,25.8));
#1926=CARTESIAN_POINT('Origin',(-26.525,-30.5,22.325));
#1927=CARTESIAN_POINT('',(-23.525,-30.5,22.325));
#1928=CARTESIAN_POINT('Origin',(44.125,-30.5,22.325));
#1929=CARTESIAN_POINT('',(47.125,-30.5,22.325));
#1930=CARTESIAN_POINT('Origin',(-26.525,-29.5,22.325));
#1931=CARTESIAN_POINT('Origin',(44.125,-29.5,22.325));
#1932=CARTESIAN_POINT('Origin',(44.125,-30.,-12.025));
#1933=CARTESIAN_POINT('',(45.475,-30.,-12.025));
#1934=CARTESIAN_POINT('Origin',(44.125,-30.,-12.025));
#1935=CARTESIAN_POINT('',(45.475,-30.,-12.025));
#1936=CARTESIAN_POINT('Origin',(-26.525,-30.,-12.025));
#1937=CARTESIAN_POINT('',(-25.175,-30.,-12.025));
#1938=CARTESIAN_POINT('Origin',(-26.525,-30.,-12.025));
#1939=CARTESIAN_POINT('',(-25.175,-30.,-12.025));
#1940=CARTESIAN_POINT('Origin',(44.125,-30.5,-12.025));
#1941=CARTESIAN_POINT('',(47.125,-30.,-12.025));
#1942=CARTESIAN_POINT('',(47.125,-30.5,-12.025));
#1943=CARTESIAN_POINT('Origin',(44.125,-30.,-12.025));
#1944=CARTESIAN_POINT('Origin',(44.125,-30.,-8.525));
#1945=CARTESIAN_POINT('Origin',(-26.525,-30.5,-12.025));
#1946=CARTESIAN_POINT('',(-23.525,-30.,-12.025));
#1947=CARTESIAN_POINT('',(-23.525,-30.5,-12.025));
#1948=CARTESIAN_POINT('Origin',(-26.525,-30.,-12.025));
#1949=CARTESIAN_POINT('Origin',(-26.525,-30.,-8.525));
#1950=UNCERTAINTY_MEASURE_WITH_UNIT(LENGTH_MEASURE(0.01),#1954,
'DISTANCE_ACCURACY_VALUE',
'Maximum model space distance between geometric entities at asserted c
onnectivities');
#1951=UNCERTAINTY_MEASURE_WITH_UNIT(LENGTH_MEASURE(0.01),#1954,
'DISTANCE_ACCURACY_VALUE',
'Maximum model space distance between geometric entities at asserted c
onnectivities');
#1952=(
GEOMETRIC_REPRESENTATION_CONTEXT(3)
GLOBAL_UNCERTAINTY_ASSIGNED_CONTEXT((#1950))
GLOBAL_UNIT_ASSIGNED_CONTEXT((#1954,#1956,#1957))
REPRESENTATION_CONTEXT('','3D')
);
#1953=(
GEOMETRIC_REPRESENTATION_CONTEXT(3)
GLOBAL_UNCERTAINTY_ASSIGNED_CONTEXT((#1951))
GLOBAL_UNIT_ASSIGNED_CONTEXT((#1954,#1956,#1957))
REPRESENTATION_CONTEXT('','3D')
);
#1954=(
LENGTH_UNIT()
NAMED_UNIT(*)
SI_UNIT(.MILLI.,.METRE.)
);
#1955=(
LENGTH_UNIT()
NAMED_UNIT(*)
SI_UNIT($,.METRE.)
);
#1956=(
NAMED_UNIT(*)
PLANE_ANGLE_UNIT()
SI_UNIT($,.RADIAN.)
);
#1957=(
NAMED_UNIT(*)
SI_UNIT($,.STERADIAN.)
SOLID_ANGLE_UNIT()
);
#1958=SHAPE_DEFINITION_REPRESENTATION(#1959,#1960);
#1959=PRODUCT_DEFINITION_SHAPE('',$,#1962);
#1960=SHAPE_REPRESENTATION('',(#826),#1952);
#1961=PRODUCT_DEFINITION_CONTEXT('part definition',#1966,'design');
#1962=PRODUCT_DEFINITION('2026-08-24-18-19-28-915','YouTube Controller',
#1963,#1961);
#1963=PRODUCT_DEFINITION_FORMATION('',$,#1968);
#1964=PRODUCT_RELATED_PRODUCT_CATEGORY('YouTube Controller',
'YouTube Controller',(#1968));
#1965=APPLICATION_PROTOCOL_DEFINITION('international standard',
'automotive_design',2009,#1966);
#1966=APPLICATION_CONTEXT(
'Core Data for Automotive Mechanical Design Process');
#1967=PRODUCT_CONTEXT('part definition',#1966,'mechanical');
#1968=PRODUCT('2026-08-24-18-19-28-915','YouTube Controller',$,(#1967));
#1969=PRESENTATION_STYLE_ASSIGNMENT((#1981));
#1970=PRESENTATION_STYLE_ASSIGNMENT((#1982));
#1971=PRESENTATION_STYLE_ASSIGNMENT((#1983));
#1972=PRESENTATION_STYLE_ASSIGNMENT((#1984));
#1973=PRESENTATION_STYLE_ASSIGNMENT((#1985));
#1974=PRESENTATION_STYLE_ASSIGNMENT((#1986));
#1975=PRESENTATION_STYLE_ASSIGNMENT((#1987));
#1976=PRESENTATION_STYLE_ASSIGNMENT((#1988));
#1977=PRESENTATION_STYLE_ASSIGNMENT((#1989));
#1978=PRESENTATION_STYLE_ASSIGNMENT((#1990));
#1979=PRESENTATION_STYLE_ASSIGNMENT((#1991));
#1980=PRESENTATION_STYLE_ASSIGNMENT((#1992));
#1981=SURFACE_STYLE_USAGE(.BOTH.,#1993);
#1982=SURFACE_STYLE_USAGE(.BOTH.,#1994);
#1983=SURFACE_STYLE_USAGE(.BOTH.,#1995);
#1984=SURFACE_STYLE_USAGE(.BOTH.,#1996);
#1985=SURFACE_STYLE_USAGE(.BOTH.,#1997);
#1986=SURFACE_STYLE_USAGE(.BOTH.,#1998);
#1987=SURFACE_STYLE_USAGE(.BOTH.,#1999);
#1988=SURFACE_STYLE_USAGE(.BOTH.,#2000);
#1989=SURFACE_STYLE_USAGE(.BOTH.,#2001);
#1990=SURFACE_STYLE_USAGE(.BOTH.,#2002);
#1991=SURFACE_STYLE_USAGE(.BOTH.,#2003);
#1992=SURFACE_STYLE_USAGE(.BOTH.,#2004);
#1993=SURFACE_SIDE_STYLE('',(#2005));
#1994=SURFACE_SIDE_STYLE('',(#2006));
#1995=SURFACE_SIDE_STYLE('',(#2007));
#1996=SURFACE_SIDE_STYLE('',(#2008));
#1997=SURFACE_SIDE_STYLE('',(#2009));
#1998=SURFACE_SIDE_STYLE('',(#2010));
#1999=SURFACE_SIDE_STYLE('',(#2011));
#2000=SURFACE_SIDE_STYLE('',(#2012));
#2001=SURFACE_SIDE_STYLE('',(#2013));
#2002=SURFACE_SIDE_STYLE('',(#2014));
#2003=SURFACE_SIDE_STYLE('',(#2015));
#2004=SURFACE_SIDE_STYLE('',(#2016));
#2005=SURFACE_STYLE_FILL_AREA(#2017);
#2006=SURFACE_STYLE_FILL_AREA(#2018);
#2007=SURFACE_STYLE_FILL_AREA(#2019);
#2008=SURFACE_STYLE_FILL_AREA(#2020);
#2009=SURFACE_STYLE_FILL_AREA(#2021);
#2010=SURFACE_STYLE_FILL_AREA(#2022);
#2011=SURFACE_STYLE_FILL_AREA(#2023);
#2012=SURFACE_STYLE_FILL_AREA(#2024);
#2013=SURFACE_STYLE_FILL_AREA(#2025);
#2014=SURFACE_STYLE_FILL_AREA(#2026);
#2015=SURFACE_STYLE_FILL_AREA(#2027);
#2016=SURFACE_STYLE_FILL_AREA(#2028);
#2017=FILL_AREA_STYLE('Steel - Satin',(#2029));
#2018=FILL_AREA_STYLE('Paint - Enamel Glossy (Black)',(#2030));
#2019=FILL_AREA_STYLE('Gold - Polished',(#2031));
#2020=FILL_AREA_STYLE('Paint - Enamel Glossy (White)',(#2032));
#2021=FILL_AREA_STYLE('Opaque(247,224,153)',(#2033));
#2022=FILL_AREA_STYLE('ABS (White)',(#2034));
#2023=FILL_AREA_STYLE('Opaque(219,188,126)',(#2035));
#2024=FILL_AREA_STYLE('Opaque(25,25,25)',(#2036));
#2025=FILL_AREA_STYLE('Opaque(136,60,0)',(#2037));
#2026=FILL_AREA_STYLE('Opaque(255,255,255)',(#2038));
#2027=FILL_AREA_STYLE('ABS (White)',(#2039));
#2028=FILL_AREA_STYLE('ABS (White)',(#2040));
#2029=FILL_AREA_STYLE_COLOUR('Steel - Satin',#2041);
#2030=FILL_AREA_STYLE_COLOUR('Paint - Enamel Glossy (Black)',#2042);
#2031=FILL_AREA_STYLE_COLOUR('Gold - Polished',#2043);
#2032=FILL_AREA_STYLE_COLOUR('Paint - Enamel Glossy (White)',#2044);
#2033=FILL_AREA_STYLE_COLOUR('Opaque(247,224,153)',#2045);
#2034=FILL_AREA_STYLE_COLOUR('ABS (White)',#2046);
#2035=FILL_AREA_STYLE_COLOUR('Opaque(219,188,126)',#2047);
#2036=FILL_AREA_STYLE_COLOUR('Opaque(25,25,25)',#2048);
#2037=FILL_AREA_STYLE_COLOUR('Opaque(136,60,0)',#2049);
#2038=FILL_AREA_STYLE_COLOUR('Opaque(255,255,255)',#2050);
#2039=FILL_AREA_STYLE_COLOUR('ABS (White)',#2051);
#2040=FILL_AREA_STYLE_COLOUR('ABS (White)',#2052);
#2041=COLOUR_RGB('Steel - Satin',0.627450980392157,0.627450980392157,0.627450980392157);
#2042=COLOUR_RGB('Paint - Enamel Glossy (Black)',0.0980392156862745,0.0980392156862745,
0.0980392156862745);
#2043=COLOUR_RGB('Gold - Polished',0.956862745098039,0.898039215686275,
0.654901960784314);
#2044=COLOUR_RGB('Paint - Enamel Glossy (White)',0.964705882352941,0.964705882352941,
0.952941176470588);
#2045=COLOUR_RGB('Opaque(247,224,153)',0.968627450980392,0.87843137254902,
0.6);
#2046=COLOUR_RGB('ABS (White)',0.796078431372549,0.443137254901961,0.172549019607843);
#2047=COLOUR_RGB('Opaque(219,188,126)',0.858823529411765,0.737254901960784,
0.494117647058824);
#2048=COLOUR_RGB('Opaque(25,25,25)',0.0980392156862745,0.0980392156862745,
0.0980392156862745);
#2049=COLOUR_RGB('Opaque(136,60,0)',0.533333333333333,0.235294117647059,
0.);
#2050=COLOUR_RGB('Opaque(255,255,255)',1.,1.,1.);
#2051=COLOUR_RGB('ABS (White)',0.823529411764706,0.823529411764706,0.823529411764706);
#2052=COLOUR_RGB('ABS (White)',0.76078431372549,0.564705882352941,0.2);
ENDSEC;
END-ISO-10303-21;
